/* Generated by tools/mkfonts.sh, do not edit. Rendered from DejaVu Sans 2.37
 * (Bitstream Vera and Arev licenses, tools/fonts/DejaVuSans-LICENSE.txt) and icons of
 * Font Awesome 7.3.1 Free Solid (SIL OFL 1.1, tools/fonts/fontawesome/LICENSE.txt). */
/*******************************************************************************
 * Size: 28 px
 * Bpp: 4
 * Opts: --bpp 4 --size 28 --format lvgl --font tools/fonts/DejaVuSans.ttf -r 0x20-0x7E,0xA0-0xFF,0x2013-0x2014,0x2018-0x201A,0x201C-0x201E,0x2022,0x2026,0x2190-0x2193,0x2713,0x2717,0x26A0,0x25B6 --font tools/fonts/fontawesome/fa-solid-900.ttf -r 0xF015,0xF1DE,0xF0A0,0xF6FF,0xF019,0xF11E,0xF00C,0xF05A --lv-include lvgl.h --lv-font-name wizard_font_28 -o src/fonts/wizard_font_28.c.tmp
 ******************************************************************************/

#ifdef LV_LVGL_H_INCLUDE_SIMPLE
#include "lvgl.h"
#else
#include "lvgl.h"
#endif

#ifndef WIZARD_FONT_28
#define WIZARD_FONT_28 1
#endif

#if WIZARD_FONT_28

/*-----------------
 *    BITMAPS
 *----------------*/

/*Store the image of the glyphs*/
static LV_ATTRIBUTE_LARGE_CONST const uint8_t glyph_bitmap[] = {
    /* U+0020 " " */

    /* U+0021 "!" */
    0xcf, 0xf0, 0x7, 0xff, 0x3d, 0xc0, 0x44, 0x6,
    0x60, 0x0, 0x80, 0xc7, 0x68, 0x8, 0x80, 0x26,
    0x88, 0x53, 0xb8, 0x3, 0xc0,

    /* U+0022 "\"" */
    0x5f, 0xf0, 0x0, 0xbf, 0xc6, 0x1, 0xff, 0xea,
    0x64, 0x40, 0x0, 0xd1, 0x2,

    /* U+0023 "#" */
    0x0, 0xf8, 0x7f, 0xc4, 0x1, 0x6f, 0xa8, 0x7,
    0xf9, 0x40, 0x48, 0x0, 0x24, 0x8, 0x1, 0xfe,
    0xc0, 0x40, 0x9, 0x0, 0x84, 0x3, 0xfc, 0x81,
    0x80, 0x16, 0x3, 0x80, 0x7f, 0xc6, 0xa, 0x1,
    0x20, 0x60, 0x7, 0xf8, 0xc0, 0x6, 0x1, 0x10,
    0x20, 0x7, 0x27, 0xfe, 0xc0, 0x7, 0xfe, 0x0,
    0x6f, 0xfc, 0xa0, 0x1f, 0xfc, 0x94, 0xdd, 0xc0,
    0xa, 0xdd, 0x88, 0x1f, 0x77, 0x28, 0x0, 0x8a,
    0x10, 0x2, 0x91, 0x60, 0xb2, 0x2c, 0x1, 0xe5,
    0x3, 0x0, 0x8c, 0x0, 0x60, 0x1f, 0xec, 0x4,
    0x0, 0x90, 0x10, 0x3, 0xfe, 0x40, 0xc0, 0xb,
    0x0, 0xc0, 0x3d, 0xbf, 0xf8, 0x42, 0xff, 0xe4,
    0x7, 0xff, 0xb0, 0x3, 0xff, 0x95, 0x9b, 0xb2,
    0x3, 0x6e, 0xce, 0x7, 0xbb, 0xc0, 0x1, 0x22,
    0x98, 0x30, 0x8b, 0x2, 0x11, 0x61, 0x0, 0xe1,
    0x20, 0x40, 0x9, 0x3, 0x0, 0x3f, 0xc8, 0x4,
    0x20, 0x2, 0x10, 0x40, 0xf, 0xf6, 0x2, 0x0,
    0x48, 0x6, 0x1, 0xff, 0x20, 0x60, 0x5, 0x80,
    0x80, 0x1f, 0x80,

    /* U+0024 "$" */
    0x0, 0xf7, 0x38, 0x7, 0xff, 0x98, 0xa7, 0x7c,
    0x63, 0xb6, 0x98, 0x40, 0xb, 0xac, 0x40, 0x10,
    0x92, 0xca, 0x81, 0x50, 0xd, 0x78, 0xc7, 0xec,
    0x10, 0x1, 0x40, 0x18, 0xa0, 0x18, 0x9f, 0x50,
    0x34, 0x4, 0x80, 0x3f, 0xc6, 0x2, 0x1, 0xff,
    0x78, 0x2, 0x84, 0x3, 0xf9, 0x8c, 0x17, 0xa8,
    0x78, 0x40, 0x3d, 0xaa, 0x0, 0x50, 0x6e, 0xc6,
    0x0, 0xc3, 0x5b, 0x8, 0x1, 0x1c, 0xe9, 0x0,
    0x62, 0x7b, 0x17, 0xa3, 0x2, 0xf0, 0xf, 0xde,
    0xb8, 0xc0, 0x48, 0x1, 0xfe, 0xb0, 0x1, 0x80,
    0x7f, 0xf0, 0x45, 0x44, 0x3, 0xf5, 0x0, 0x17,
    0xfa, 0x94, 0x40, 0x1e, 0x94, 0xe0, 0x46, 0x60,
    0x5a, 0xef, 0x17, 0xb5, 0x1, 0xf0, 0x9d, 0x84,
    0x10, 0x8, 0x4e, 0x38, 0x80, 0x4, 0xf7, 0xde,
    0x31, 0xd8, 0xe0, 0x1f, 0xfe, 0x10,

    /* U+0025 "%" */
    0x0, 0x15, 0x77, 0xeb, 0x80, 0x7f, 0x5f, 0xb8,
    0x7, 0x8f, 0x54, 0x8, 0x91, 0x40, 0x1f, 0x2a,
    0x13, 0x80, 0x7b, 0x81, 0x7b, 0x70, 0x15, 0x40,
    0x1e, 0xb0, 0x90, 0xf, 0x19, 0x5, 0x80, 0xd,
    0xc3, 0x80, 0x3a, 0x5, 0x50, 0x3, 0xca, 0x4,
    0x20, 0x16, 0x2, 0x80, 0x62, 0x70, 0xb0, 0xf,
    0xe6, 0x0, 0xce, 0x2, 0x1, 0xa4, 0x24, 0x40,
    0x3e, 0x30, 0x60, 0xc, 0xc0, 0x20, 0x12, 0xa1,
    0x30, 0x7, 0xe7, 0x2, 0x20, 0x5, 0xe0, 0x80,
    0x15, 0x87, 0x0, 0x7f, 0x12, 0x7, 0x10, 0xba,
    0x87, 0x0, 0x24, 0x58, 0xc0, 0x3f, 0xd4, 0x47,
    0xbd, 0x1, 0x8, 0x6, 0xc3, 0x0, 0x1f, 0xf0,
    0xec, 0x22, 0x1b, 0x1c, 0x1, 0xe1, 0x2, 0x5,
    0x5d, 0xfa, 0xe0, 0x1e, 0x7b, 0xb4, 0x98, 0x1,
    0x8c, 0xcc, 0x5, 0x8a, 0x24, 0x48, 0xb0, 0xf,
    0xf8, 0x60, 0x3c, 0x1, 0x22, 0x9f, 0xb8, 0x28,
    0xc0, 0x1f, 0xe8, 0x16, 0x30, 0x14, 0x9, 0x0,
    0x1c, 0x85, 0x0, 0x7f, 0x1b, 0xc, 0x80, 0x14,
    0x4, 0x80, 0x24, 0x3, 0x0, 0xfe, 0xe0, 0xb0,
    0x8, 0x40, 0xc0, 0x30, 0x80, 0x7f, 0x9c, 0x91,
    0x40, 0x21, 0x3, 0x0, 0xc2, 0x1, 0xfc, 0x30,
    0x12, 0x1, 0x94, 0x4, 0x80, 0x24, 0x3, 0x0,
    0xfa, 0xc1, 0xc8, 0x3, 0xa, 0x4, 0x80, 0xa,
    0x42, 0x80, 0x3c, 0x8a, 0x30, 0x1, 0xe9, 0x14,
    0xfd, 0xd0, 0xa3, 0x0, 0x7a, 0x42, 0xc0, 0x3e,
    0x2c, 0x51, 0x22, 0x45, 0x80, 0x0,

    /* U+0026 "&" */
    0x0, 0xe4, 0xae, 0xfe, 0xc8, 0x30, 0xf, 0xfa,
    0x2d, 0x44, 0x4, 0xdf, 0xc, 0x3, 0xf9, 0x1c,
    0x6, 0x2e, 0xd2, 0x80, 0x1f, 0xf7, 0x80, 0x31,
    0xd1, 0xd, 0x7a, 0x40, 0x1f, 0xcc, 0x6, 0x40,
    0x1c, 0x42, 0x1, 0xff, 0xd1, 0x40, 0x34, 0x0,
    0xff, 0xe2, 0x58, 0x2, 0x88, 0x3, 0xff, 0x86,
    0x44, 0x1, 0xc2, 0x0, 0xff, 0xe0, 0x8e, 0x91,
    0x80, 0xe0, 0x80, 0x78, 0x48, 0x80, 0x16, 0x91,
    0xe6, 0x0, 0x70, 0x40, 0x3a, 0x37, 0x0, 0xe,
    0x61, 0xc0, 0x76, 0x5, 0x82, 0x1, 0x94, 0x14,
    0x1, 0x20, 0x84, 0x0, 0x4b, 0x2, 0xc1, 0x0,
    0x8c, 0x34, 0x4, 0x41, 0x80, 0x19, 0x28, 0xb,
    0x4, 0x18, 0x0, 0xe0, 0x40, 0x1f, 0x96, 0x40,
    0xb0, 0xac, 0x1c, 0x40, 0x40, 0x1a, 0x1, 0xe6,
    0x90, 0x2d, 0x21, 0x90, 0x1, 0x8, 0x29, 0x0,
    0x79, 0xa0, 0x2, 0xb1, 0x0, 0xa4, 0x1, 0xe4,
    0x1, 0xef, 0x0, 0xa4, 0x3, 0x3a, 0x1, 0x6c,
    0xaa, 0x2c, 0xf3, 0x81, 0x81, 0xd8, 0x6, 0xb6,
    0x0, 0x35, 0x5d, 0x30, 0x8a, 0xb1, 0x41, 0x28,
    0x3, 0x4e, 0x31, 0x0, 0x5, 0x27, 0x94, 0x28,
    0x81, 0x60,

    /* U+0027 "'" */
    0x5f, 0xf0, 0x7, 0xff, 0x35, 0x91, 0x0,

    /* U+0028 "(" */
    0x0, 0xd9, 0xec, 0x1, 0x31, 0x8b, 0x0, 0x50,
    0x10, 0x1, 0x30, 0x83, 0x0, 0x56, 0xc, 0x1,
    0x19, 0x6, 0x80, 0x54, 0x2, 0x80, 0x12, 0x2,
    0x80, 0x42, 0x40, 0x60, 0x12, 0x0, 0x34, 0x2,
    0x20, 0x3, 0x0, 0x5e, 0x0, 0x10, 0x8, 0x40,
    0x6, 0x1, 0xe3, 0x0, 0x84, 0x0, 0x20, 0x17,
    0x0, 0x1c, 0x2, 0x50, 0x1, 0x0, 0x46, 0x0,
    0xf0, 0xc, 0x80, 0x80, 0x1b, 0x40, 0x84, 0x2,
    0x70, 0x3, 0x0, 0x42, 0xa1, 0x60, 0x1a, 0x0,
    0xcc, 0x1, 0x12, 0x84, 0x0, 0x68, 0x4, 0x30,
    0x8, 0xa9, 0xdc,

    /* U+0029 ")" */
    0x8f, 0xb0, 0xd, 0x20, 0x88, 0x0, 0x85, 0xc2,
    0x40, 0x34, 0x81, 0x28, 0x4, 0x28, 0x12, 0x1,
    0xb8, 0xc, 0x80, 0x25, 0x0, 0x28, 0x6, 0x30,
    0xb0, 0xc, 0xa0, 0x60, 0x1b, 0xc0, 0x6, 0x1,
    0x10, 0x1, 0x80, 0x27, 0x0, 0x10, 0x4, 0x20,
    0xf, 0x0, 0x84, 0x1, 0xe0, 0x13, 0x80, 0x4,
    0x2, 0x10, 0x1, 0x0, 0x44, 0x0, 0x60, 0xb,
    0x0, 0x48, 0x2, 0x50, 0x40, 0x8, 0x84, 0x3c,
    0x2, 0xa0, 0x15, 0x0, 0x98, 0x18, 0x2, 0x41,
    0x9, 0x0, 0xa0, 0x18, 0x40, 0x8, 0x63, 0x0,
    0x10, 0xbd, 0x8, 0x4,

    /* U+002A "*" */
    0x0, 0xf6, 0x60, 0x3, 0xff, 0x92, 0x82, 0x1,
    0xf8, 0x50, 0x1, 0x5c, 0xc0, 0x1e, 0x6e, 0xa0,
    0x6, 0x24, 0xe1, 0x80, 0xf, 0x25, 0x30, 0x0,
    0x57, 0x61, 0xc3, 0x36, 0xd, 0xd8, 0x80, 0x32,
    0x6a, 0x0, 0x13, 0x50, 0x3, 0xc7, 0x88, 0x0,
    0x4c, 0x40, 0xc, 0x57, 0x81, 0x86, 0x6c, 0xb,
    0xb1, 0x0, 0x31, 0x23, 0xc, 0x0, 0x79, 0x9,
    0x80, 0xa, 0xe7, 0x0, 0xf3, 0xf5, 0x0, 0x10,
    0x40, 0x3f, 0xa, 0x0, 0x7f, 0xf2, 0x73, 0x0,
    0x1e,

    /* U+002B "+" */
    0x0, 0xfc, 0xdd, 0x80, 0x1f, 0xfc, 0x51, 0x20,
    0xf, 0xff, 0xf8, 0x7, 0xff, 0x93, 0xff, 0xe9,
    0x1, 0xff, 0xfa, 0x0, 0x3f, 0xf9, 0x13, 0x3f,
    0x28, 0xc, 0xcf, 0xd6, 0xc, 0xdf, 0x60, 0x1,
    0x9b, 0xe3, 0x0, 0xff, 0xff, 0x80, 0x7f, 0xf6,
    0xc0,

    /* U+002C "," */
    0x9, 0xdd, 0x10, 0x11, 0x40, 0x1c, 0x60, 0x80,
    0xa2, 0x60, 0x8, 0x4, 0x5, 0x20, 0xc0, 0x80,
    0x0,

    /* U+002D "-" */
    0x24, 0x4f, 0x1c, 0x5d, 0xfa, 0x0, 0x3f, 0x0,

    /* U+002E "." */
    0x88, 0x3b, 0xd2, 0x1, 0xe0,

    /* U+002F "/" */
    0x0, 0xfb, 0xfc, 0x80, 0x1e, 0x50, 0x2, 0x0,
    0x7b, 0xc1, 0x40, 0x3e, 0x40, 0xc0, 0xf, 0x20,
    0x83, 0x80, 0x7b, 0x0, 0xc4, 0x3, 0xca, 0x16,
    0x1, 0xe2, 0x20, 0x28, 0x7, 0x94, 0x8, 0x80,
    0x1e, 0xb0, 0x50, 0xf, 0x9, 0x86, 0x0, 0x79,
    0x0, 0x8, 0x1, 0xef, 0x5, 0x0, 0xf9, 0x43,
    0xc0, 0x3c, 0x80, 0x4, 0x0, 0xf6, 0x82, 0x8,
    0x7, 0x9c, 0x30, 0x3, 0xc6, 0x20, 0xa0, 0x1e,
    0x40, 0x22, 0x0, 0x7a, 0xc1, 0x40, 0x3c, 0x26,
    0x16, 0x1, 0xe7, 0x1, 0x30, 0xf, 0x68, 0x20,
    0x7, 0xd8, 0xf2, 0x1, 0xf0,

    /* U+0030 "0" */
    0x0, 0xc3, 0x1b, 0xfd, 0x8e, 0x1, 0xf2, 0x73,
    0x90, 0x9, 0xc6, 0x90, 0x6, 0x3b, 0x0, 0x3d,
    0xd9, 0x40, 0xb0, 0x40, 0x2f, 0x0, 0x5c, 0x22,
    0x2a, 0x0, 0x60, 0x0, 0x66, 0x6, 0x40, 0xc,
    0xe4, 0xc, 0x0, 0xb0, 0x5, 0x0, 0x7a, 0xc0,
    0xa, 0x8, 0x0, 0x30, 0xf, 0x20, 0x3, 0x0,
    0xc0, 0x80, 0x3e, 0x20, 0x1, 0x0, 0x4c, 0x1,
    0xf8, 0x41, 0x84, 0x0, 0x20, 0x1f, 0x8c, 0xc,
    0xc0, 0x1f, 0xfc, 0x11, 0x30, 0xf, 0xfe, 0x8,
    0x88, 0x0, 0x20, 0x1f, 0x8c, 0xc, 0x2, 0x60,
    0xf, 0xc2, 0xc, 0x6, 0x4, 0x1, 0xf1, 0x0,
    0x8, 0x10, 0x0, 0x60, 0x1e, 0x40, 0x6, 0x5,
    0x80, 0x28, 0x3, 0xd6, 0x0, 0x50, 0x33, 0x3,
    0x20, 0x6, 0x72, 0x6, 0x0, 0xbc, 0x1, 0x70,
    0x88, 0xa8, 0x1, 0x80, 0x8, 0xec, 0x0, 0xf7,
    0x65, 0x2, 0xc1, 0x0, 0xc9, 0xce, 0x40, 0x3,
    0x8d, 0x20, 0x0,

    /* U+0031 "1" */
    0x14, 0x7b, 0xef, 0xf5, 0x80, 0x77, 0xdc, 0x20,
    0x80, 0x7f, 0xc2, 0x80, 0x1f, 0xa6, 0xbb, 0x96,
    0x1, 0xf9, 0xd4, 0x40, 0x3f, 0xff, 0xe0, 0x1f,
    0xff, 0xf0, 0xf, 0xfe, 0x89, 0xb3, 0x60, 0x3,
    0x37, 0xd, 0xcc, 0xe0, 0x1, 0x4c, 0xe2, 0x0,
    0xff, 0xe0, 0x80,

    /* U+0032 "2" */
    0x1, 0x6b, 0xdf, 0xf6, 0xd2, 0x0, 0x6a, 0xe9,
    0x42, 0x0, 0x12, 0xdd, 0x84, 0x0, 0xe0, 0x3,
    0x79, 0x93, 0x0, 0x13, 0x40, 0x2, 0xfd, 0x90,
    0xcc, 0x9e, 0x20, 0x36, 0xc, 0x81, 0x0, 0xe1,
    0xe0, 0x6, 0x80, 0x7f, 0x8c, 0x41, 0x80, 0x3f,
    0xf9, 0x84, 0x20, 0xe0, 0x1f, 0xe8, 0x0, 0x70,
    0x7, 0xf2, 0xa8, 0xd, 0x0, 0x3f, 0x15, 0x0,
    0xe8, 0x7, 0xe2, 0xc0, 0x5, 0x8, 0x7, 0xc3,
    0x82, 0x16, 0x80, 0x1f, 0xe, 0x8, 0x52, 0x0,
    0x7c, 0x38, 0x41, 0x4a, 0x1, 0xf0, 0xe1, 0x4,
    0xa8, 0x7, 0xc3, 0x84, 0x12, 0xc0, 0x1f, 0xe,
    0x90, 0x43, 0x0, 0x7e, 0xd3, 0x3, 0x16, 0x6f,
    0xc0, 0x60, 0x3, 0x99, 0xfe, 0x0, 0xff, 0xe1,
    0x80,

    /* U+0033 "3" */
    0x4, 0x8b, 0xde, 0xfe, 0xc7, 0x10, 0x9, 0x2d,
    0xd0, 0x84, 0x4, 0xe3, 0x94, 0x3, 0x1b, 0x3c,
    0xc9, 0xcc, 0x1, 0x48, 0x9, 0xd9, 0x30, 0xcc,
    0x8c, 0xa0, 0x4, 0x0, 0x4, 0x3, 0xe5, 0x30,
    0x30, 0xf, 0xf9, 0xc0, 0x3f, 0xf8, 0x2, 0xa0,
    0x20, 0x1f, 0x89, 0xb0, 0x42, 0x40, 0x32, 0xff,
    0xdb, 0x24, 0xc, 0xe0, 0x1f, 0xe2, 0xc9, 0x0,
    0xe4, 0xaa, 0xa0, 0xcb, 0x54, 0x3, 0x85, 0x56,
    0x7c, 0x91, 0xa7, 0x0, 0xff, 0x33, 0x2, 0x4,
    0x3, 0xfd, 0xa0, 0x7, 0x0, 0xff, 0x38, 0x3,
    0x80, 0x3f, 0xcc, 0x1, 0xff, 0xc1, 0xf0, 0x6,
    0xc1, 0x0, 0x7d, 0xa, 0x2, 0xaa, 0xdc, 0x96,
    0x6a, 0x79, 0xc0, 0x16, 0x1, 0x1b, 0x4c, 0xcc,
    0x20, 0x34, 0xa1, 0x94, 0xa6, 0x20, 0x2, 0x59,
    0xe5, 0x0, 0x0,

    /* U+0034 "4" */
    0x0, 0xfc, 0xff, 0xf2, 0x80, 0x7f, 0x8a, 0x0,
    0x3f, 0xf8, 0x52, 0x2, 0x1, 0xff, 0xc0, 0x64,
    0x19, 0x0, 0xff, 0x86, 0x2, 0x84, 0x3, 0xfe,
    0xb1, 0x44, 0x0, 0x7f, 0xc8, 0xa1, 0x40, 0x1f,
    0xfc, 0xa, 0x8, 0x10, 0xf, 0xfa, 0x44, 0xdc,
    0x3, 0xfe, 0x36, 0xf, 0x0, 0xff, 0xe0, 0x70,
    0x31, 0x80, 0x7f, 0xce, 0x43, 0x20, 0x1f, 0xf1,
    0x40, 0x58, 0x7, 0xff, 0x2, 0xc0, 0x41, 0x57,
    0xbc, 0x1, 0xaa, 0xa1, 0x30, 0x1a, 0xaf, 0x30,
    0x1, 0xea, 0x8a, 0x1, 0xff, 0xc4, 0xaf, 0xff,
    0xd2, 0x0, 0xaf, 0xf2, 0x0, 0x7f, 0xfd, 0x0,

    /* U+0035 "5" */
    0xf, 0xff, 0xf6, 0x80, 0x7f, 0xf1, 0xd2, 0xab,
    0xe9, 0x0, 0xe3, 0x55, 0xf9, 0x0, 0x3f, 0xfc,
    0x6b, 0xbf, 0xed, 0xa4, 0x0, 0xf8, 0x88, 0x0,
    0x25, 0xbc, 0x10, 0xc, 0x4d, 0x13, 0xa, 0x0,
    0x3c, 0x0, 0xb3, 0x65, 0xd9, 0xeb, 0x48, 0xa,
    0x0, 0x6, 0x1, 0xe2, 0xc0, 0x3, 0x80, 0x7f,
    0x85, 0x80, 0x6, 0x1, 0xfe, 0xf0, 0x3, 0x0,
    0x7f, 0x84, 0x3, 0xff, 0x83, 0xc0, 0x6, 0x0,
    0xfe, 0x16, 0x0, 0x1b, 0x8, 0x7, 0x8b, 0x0,
    0xc, 0x17, 0xd9, 0xc, 0xc7, 0xad, 0x20, 0x28,
    0x0, 0x8d, 0xe6, 0x50, 0xa0, 0x4, 0xc1, 0xf,
    0x85, 0x21, 0x0, 0x13, 0x5d, 0x84, 0x0,

    /* U+0036 "6" */
    0x0, 0xe1, 0x7c, 0xef, 0xec, 0x83, 0x0, 0xf2,
    0xfc, 0x18, 0x80, 0x9b, 0xc0, 0x7, 0x35, 0x8,
    0x2c, 0x4c, 0x31, 0x0, 0x71, 0x48, 0x16, 0xd3,
    0xb3, 0xce, 0xd0, 0x6, 0xe0, 0x6, 0x10, 0x7,
    0x84, 0x2, 0x33, 0x3, 0x88, 0x7, 0xfd, 0x60,
    0xa, 0x0, 0x11, 0x90, 0x7, 0xc8, 0x2, 0x4d,
    0xba, 0xcd, 0xe9, 0x10, 0xc, 0x40, 0x53, 0x22,
    0x0, 0x85, 0xbc, 0x80, 0x21, 0x3, 0x61, 0x9e,
    0xfc, 0x40, 0x1f, 0x0, 0xfb, 0x58, 0x40, 0xed,
    0x0, 0x98, 0x3, 0x98, 0xc0, 0x3a, 0x40, 0x1a,
    0x1, 0xd8, 0x1, 0xe2, 0x20, 0x28, 0x0, 0x80,
    0xc, 0x1, 0xf3, 0x0, 0x80, 0x1c, 0x3, 0xfc,
    0xe0, 0x1b, 0x0, 0xa, 0x1, 0xf1, 0x0, 0x80,
    0x1c, 0x1, 0xa0, 0x1e, 0x31, 0x4, 0x0, 0xb,
    0x2, 0x30, 0x6, 0x1e, 0x0, 0x48, 0x5, 0x2,
    0x13, 0x4a, 0x8d, 0xe4, 0xc, 0x60, 0x10, 0xe1,
    0x2, 0xd5, 0xc8, 0x82, 0xc8, 0x7, 0x16, 0xc1,
    0x88, 0xa, 0xdd, 0x0, 0x40,

    /* U+0037 "7" */
    0xbf, 0xff, 0xfe, 0x3, 0x0, 0x7f, 0xf0, 0x4b,
    0xea, 0xbf, 0x48, 0x0, 0x51, 0xa, 0xbf, 0x8c,
    0x0, 0xc0, 0x1f, 0xee, 0x0, 0x50, 0x7, 0xf0,
    0xa0, 0x19, 0x0, 0x7f, 0x30, 0x2, 0x80, 0x3f,
    0xd4, 0x0, 0x70, 0xf, 0xe3, 0x20, 0x41, 0x0,
    0xfe, 0xa0, 0x7, 0x0, 0x7f, 0x9c, 0x5, 0x40,
    0x3f, 0x94, 0x41, 0xc0, 0x3f, 0xdc, 0x0, 0xa0,
    0xf, 0xe1, 0x40, 0x23, 0x0, 0xfe, 0x60, 0x5,
    0x0, 0x7f, 0xa8, 0x0, 0xc0, 0x1f, 0xc6, 0x40,
    0x82, 0x1, 0xfd, 0x40, 0xe, 0x0, 0xff, 0x38,
    0xa, 0x80, 0x7f, 0x28, 0x83, 0x80, 0x7f, 0xb8,
    0x1, 0x40, 0x1f, 0x0,

    /* U+0038 "8" */
    0x0, 0xcd, 0x7d, 0xfe, 0xda, 0x40, 0xe, 0x1d,
    0x94, 0x10, 0x1, 0x2d, 0xd8, 0x3, 0x61, 0x1,
    0x4d, 0xda, 0x4, 0x12, 0x80, 0xa, 0x40, 0x7a,
    0xc8, 0x87, 0xf1, 0x5, 0x20, 0xd0, 0x4, 0x0,
    0x70, 0xc8, 0x1, 0xc0, 0x40, 0xc, 0x1, 0xe2,
    0x0, 0xde, 0x0, 0x60, 0xf, 0x10, 0x1, 0x81,
    0xc0, 0x10, 0x1, 0xc3, 0x20, 0x66, 0x1, 0xb0,
    0x3d, 0x64, 0x43, 0xf8, 0x97, 0x0, 0x49, 0xac,
    0x53, 0x76, 0x81, 0x8c, 0x20, 0xd, 0x4e, 0x1,
    0xe9, 0x70, 0xd, 0x6e, 0x2d, 0xbf, 0xec, 0x41,
    0x99, 0x0, 0x21, 0x2, 0x64, 0x40, 0x3, 0xb6,
    0x6, 0x50, 0x60, 0x16, 0x0, 0xf4, 0x0, 0x38,
    0x44, 0xa, 0x1, 0xf0, 0x88, 0x18, 0x40, 0x3f,
    0xf8, 0x62, 0x8, 0x1, 0xf1, 0x8, 0x30, 0x38,
    0x2, 0x40, 0x3d, 0xc0, 0xd, 0xb, 0x0, 0x36,
    0x32, 0x21, 0xf4, 0xc0, 0x98, 0xb, 0x4, 0xe,
    0x6e, 0xd0, 0x40, 0x78, 0x1, 0x1f, 0x4a, 0x8,
    0x0, 0x52, 0xb0, 0x40,

    /* U+0039 "9" */
    0x0, 0xcd, 0x7d, 0xfd, 0x6c, 0x1, 0xe2, 0xd9,
    0x41, 0x1, 0x49, 0xc1, 0x0, 0x87, 0xc8, 0x12,
    0xb2, 0x94, 0xf, 0x40, 0x29, 0x20, 0x6b, 0x53,
    0x5a, 0x80, 0x36, 0x0, 0x30, 0xc, 0x80, 0x73,
    0x98, 0x40, 0x10, 0x82, 0x0, 0x7c, 0x80, 0x26,
    0x20, 0x3, 0x0, 0xfb, 0x80, 0x8, 0x20, 0x1f,
    0xe1, 0x0, 0x69, 0x0, 0x10, 0x3, 0xec, 0x0,
    0x8, 0x20, 0x13, 0x0, 0x72, 0x20, 0x0, 0xe1,
    0x0, 0x9, 0x82, 0x1, 0x7b, 0x0, 0x84, 0xe,
    0x80, 0xf, 0xbf, 0xd0, 0x10, 0x0, 0x10, 0x2,
    0xe2, 0x80, 0x63, 0xb6, 0x0, 0x38, 0x4, 0x75,
    0xfb, 0xae, 0xc4, 0x50, 0x1, 0x80, 0x78, 0x88,
    0x20, 0xc, 0x0, 0x68, 0x7, 0xfc, 0xc0, 0x5,
    0x0, 0xff, 0x38, 0x83, 0x0, 0x48, 0x1, 0xe6,
    0x80, 0x18, 0x0, 0xab, 0xa5, 0x99, 0x19, 0x20,
    0xd, 0x10, 0xc, 0x2d, 0x32, 0x73, 0x2, 0xc3,
    0x0, 0xd4, 0xc6, 0x20, 0x29, 0x3a, 0x60, 0x10,

    /* U+003A ":" */
    0x68, 0x80, 0xeb, 0xb8, 0xc0, 0x3f, 0x5f, 0xf8,
    0x80, 0x3f, 0xf9, 0x8d, 0x10, 0x1d, 0x77, 0x18,
    0x7, 0xe0,

    /* U+003B ";" */
    0xb, 0xff, 0x10, 0x7, 0xfd, 0xae, 0xe3, 0x6,
    0x88, 0x8, 0x7, 0xff, 0x4e, 0x77, 0x44, 0x4,
    0x50, 0x7, 0x18, 0x20, 0x28, 0x98, 0x2, 0x1,
    0x1, 0x48, 0x30, 0x20, 0x0,

    /* U+003C "<" */
    0x0, 0xff, 0xe2, 0x9a, 0x0, 0x7f, 0xf0, 0x85,
    0xf7, 0x30, 0x1, 0xff, 0xc0, 0x5b, 0xe8, 0x20,
    0xf0, 0xf, 0xe4, 0xaf, 0xa4, 0x0, 0x2d, 0xb8,
    0x7, 0x8a, 0x3a, 0xd4, 0x0, 0x73, 0xf4, 0x80,
    0x18, 0x5b, 0x35, 0xc4, 0xa, 0x3b, 0x18, 0x3,
    0x92, 0xba, 0x4c, 0x5, 0xb3, 0x5c, 0x40, 0x3e,
    0xb5, 0x0, 0x2d, 0xf4, 0x98, 0x7, 0xff, 0x4,
    0x49, 0x80, 0x3f, 0xf8, 0x32, 0x60, 0x2f, 0xba,
    0x71, 0x0, 0xff, 0x36, 0x6b, 0x90, 0x14, 0x75,
    0xa8, 0x7, 0xf8, 0xa3, 0x6d, 0x80, 0x9, 0x5f,
    0x48, 0x1, 0xfe, 0x49, 0xfa, 0x40, 0x2, 0xdf,
    0x49, 0x80, 0x7f, 0x96, 0xfa, 0x8, 0x5, 0xb1,
    0xc0, 0x3f, 0xe1, 0x7d, 0xc6, 0x10, 0xf0, 0xf,
    0xfe, 0x11, 0xcf, 0x56, 0x0,

    /* U+003D "=" */
    0xf, 0xff, 0xfe, 0x2c, 0x0, 0x7f, 0xf2, 0x2a,
    0xbf, 0xf8, 0xc0, 0xab, 0xff, 0xc5, 0x20, 0xf,
    0xfe, 0x43, 0x37, 0xff, 0x14, 0xc2, 0x67, 0xff,
    0x8b, 0x60, 0x1f, 0xfc, 0x70,

    /* U+003E ">" */
    0x6, 0x0, 0xff, 0xe3, 0x4f, 0xd2, 0x0, 0x7f,
    0xf1, 0x56, 0xfa, 0x8, 0x3, 0xff, 0x81, 0xb0,
    0x40, 0x2f, 0xb8, 0xc2, 0x1, 0xfc, 0x4f, 0xb8,
    0xc2, 0x7, 0x3d, 0x6a, 0x1, 0xfe, 0x39, 0xea,
    0x50, 0x2, 0x57, 0x49, 0x80, 0x7f, 0x96, 0xba,
    0x4c, 0x5, 0xb3, 0x5c, 0x40, 0x3f, 0x85, 0xb3,
    0x5c, 0x80, 0xa2, 0x40, 0x3f, 0xf8, 0x5, 0xcc,
    0x1, 0xff, 0xc2, 0x4a, 0xf9, 0x40, 0x16, 0xa0,
    0xf, 0x8e, 0x7a, 0xd4, 0x0, 0xb5, 0xd2, 0x40,
    0x18, 0x9f, 0x71, 0x84, 0xe, 0x7a, 0x94, 0x3,
    0xb, 0x66, 0xc1, 0x0, 0xbe, 0xe3, 0x8, 0x7,
    0xba, 0x4c, 0x0, 0xb7, 0xd0, 0x40, 0x1f, 0xf1,
    0xcf, 0xd2, 0x0, 0x7f, 0xf0, 0x23, 0x71, 0x80,
    0x3f, 0xf8, 0x40,

    /* U+003F "?" */
    0x3, 0x8c, 0xff, 0x75, 0x18, 0x2, 0xb1, 0xcc,
    0x0, 0x2b, 0x8e, 0xa, 0x7, 0x15, 0x2a, 0x0,
    0x84, 0x2b, 0xc7, 0x56, 0xa9, 0x0, 0x7e, 0xa0,
    0x7, 0x30, 0x1, 0x80, 0x3f, 0xf8, 0xca, 0x0,
    0x50, 0xf, 0x1d, 0x0, 0xc8, 0x7, 0x1e, 0x80,
    0x34, 0x40, 0x31, 0x68, 0x86, 0x18, 0x7, 0x78,
    0x86, 0x18, 0x7, 0x29, 0x4, 0x98, 0x7, 0xb4,
    0x0, 0xe0, 0x1f, 0x8, 0x0, 0x40, 0x3f, 0xf8,
    0xdb, 0x10, 0x0, 0xfc, 0x8e, 0xe0, 0xf, 0xcb,
    0x10, 0x10, 0xf, 0xbd, 0xdc, 0x60, 0x1f, 0xfc,
    0xe0,

    /* U+0040 "@" */
    0x0, 0xff, 0xeb, 0xa, 0xd6, 0xf7, 0xfb, 0x65,
    0x40, 0x3f, 0xf8, 0x43, 0x1d, 0x4a, 0x42, 0x0,
    0x26, 0xae, 0x60, 0xf, 0xf9, 0x3d, 0xc1, 0x27,
    0x7b, 0xfb, 0x1c, 0x86, 0x6c, 0x40, 0x3f, 0x35,
    0x8a, 0x6d, 0xb1, 0x8, 0x9, 0xc6, 0xc8, 0xa6,
    0x8, 0x7, 0x92, 0x41, 0xec, 0x80, 0x3f, 0x9b,
    0xc8, 0x9a, 0x1, 0xc3, 0x61, 0x30, 0x1, 0xff,
    0xc0, 0x1c, 0x23, 0x70, 0xd, 0x60, 0xac, 0x1,
    0xc, 0x77, 0xf5, 0x10, 0x21, 0x80, 0xf0, 0x40,
    0x4, 0x4a, 0x16, 0x1, 0xe, 0x38, 0x80, 0xae,
    0xb5, 0xf0, 0x0, 0xd4, 0x18, 0x0, 0xa0, 0xe2,
    0x1, 0x51, 0xc, 0xf7, 0x28, 0x64, 0x3, 0xb8,
    0x34, 0x1, 0x61, 0x60, 0x11, 0xa0, 0x53, 0x8,
    0x97, 0x40, 0x3c, 0xa0, 0xa0, 0x3, 0x3, 0x0,
    0xac, 0xd, 0x0, 0x31, 0xa8, 0x7, 0x8, 0x8,
    0x8, 0x10, 0x6, 0x30, 0x40, 0xf, 0x68, 0x7,
    0xf1, 0x80, 0x80, 0x67, 0xf, 0x0, 0xf1, 0x0,
    0x7c, 0x20, 0x60, 0x20, 0x19, 0xc3, 0xc0, 0x3c,
    0x40, 0x1c, 0x80, 0xa0, 0x20, 0x40, 0x18, 0xc1,
    0x0, 0x3d, 0xa0, 0x1d, 0xe1, 0xa0, 0x3, 0x3,
    0x0, 0xac, 0xc, 0xc0, 0x18, 0x94, 0x3, 0x32,
    0x13, 0x0, 0x10, 0x2c, 0x2, 0x34, 0xd, 0x50,
    0x2, 0x60, 0x4, 0x53, 0x20, 0xe0, 0xa, 0xc1,
    0xc4, 0x2, 0xa2, 0x1a, 0xff, 0x58, 0xc0, 0x16,
    0xb1, 0x69, 0x80, 0x46, 0xa1, 0x0, 0x10, 0xe3,
    0x90, 0xa, 0xeb, 0x1, 0x2d, 0x69, 0x0, 0x74,
    0x3, 0x30, 0x2, 0x18, 0xdf, 0xea, 0x21, 0xfd,
    0xa5, 0x0, 0xf8, 0xa8, 0x25, 0x80, 0x3f, 0xf8,
    0x2, 0x1, 0xfc, 0xb0, 0x13, 0x42, 0x1, 0xfc,
    0xdc, 0xc0, 0x1f, 0xcf, 0x40, 0xbd, 0x4a, 0x40,
    0x1, 0x48, 0xe9, 0xe, 0x0, 0xff, 0x2f, 0x30,
    0x2d, 0x6f, 0xfb, 0xad, 0xc4, 0xf2, 0x0, 0x3f,
    0xe1, 0x9e, 0x94, 0x20, 0x0, 0x9b, 0xe6, 0xc,
    0x3, 0xc0,

    /* U+0041 "A" */
    0x0, 0xf8, 0xbf, 0xe5, 0x0, 0xff, 0xe1, 0x50,
    0x5, 0xc0, 0x1f, 0xfc, 0x26, 0x0, 0x90, 0x40,
    0x3f, 0xf8, 0x8, 0x21, 0x20, 0x7, 0x0, 0xff,
    0xe0, 0x70, 0xb, 0x18, 0x50, 0x7, 0xff, 0x1,
    0x41, 0x82, 0x80, 0xc8, 0x3, 0xfc, 0xc0, 0xa,
    0x6, 0x0, 0x50, 0x7, 0xfa, 0x80, 0x88, 0x0,
    0x50, 0x60, 0xf, 0xe2, 0x30, 0xa0, 0xb, 0x80,
    0x50, 0x3, 0xf5, 0x0, 0x18, 0x2, 0x41, 0xe,
    0x0, 0xfc, 0xc0, 0x82, 0x1, 0x9c, 0x14, 0x40,
    0x3c, 0x82, 0x1c, 0x1, 0xd4, 0x0, 0x70, 0xf,
    0x70, 0x1, 0x40, 0x38, 0xc8, 0x28, 0x3, 0xca,
    0x0, 0xff, 0xf8, 0x80, 0xc8, 0x3, 0x28, 0x7,
    0xff, 0x6, 0x80, 0x37, 0x0, 0xd5, 0x7f, 0x18,
    0x30, 0x4, 0x28, 0xe, 0xab, 0xfd, 0x40, 0x28,
    0x0, 0x60, 0x6, 0x80, 0x7f, 0x38, 0x3, 0x40,
    0x14, 0x2, 0x80, 0x1f, 0xc2, 0x60, 0xc0, 0x64,
    0xe, 0x1, 0xff, 0x58, 0x1, 0x68, 0x1, 0xa0,
    0x1f, 0xf3, 0x0, 0x38,

    /* U+0042 "B" */
    0x4f, 0xff, 0xdb, 0x48, 0x1, 0xff, 0xc1, 0x25,
    0xbb, 0x0, 0x79, 0x6a, 0xb4, 0xb0, 0x1, 0x28,
    0x3, 0x89, 0x57, 0x34, 0xe8, 0x1, 0x44, 0x3,
    0xfe, 0x26, 0x0, 0x28, 0x7, 0xff, 0x3, 0xc0,
    0x2, 0x1, 0xff, 0xc0, 0xf0, 0x3, 0x0, 0x7f,
    0xc4, 0xc0, 0x46, 0x1, 0x89, 0x13, 0x2c, 0x60,
    0x2, 0x40, 0x39, 0x6e, 0xf5, 0x38, 0xb6, 0xa0,
    0x7, 0xff, 0x5, 0xa0, 0x40, 0x39, 0xff, 0xfb,
    0x60, 0x17, 0x4, 0x3, 0xfc, 0x4f, 0x40, 0x56,
    0x1, 0xff, 0xc0, 0x52, 0x5, 0x0, 0xff, 0xe0,
    0xb0, 0x0, 0x80, 0x3f, 0xf8, 0x62, 0x1, 0xff,
    0xc0, 0x40, 0x1, 0x0, 0x7f, 0xd2, 0x0, 0x31,
    0x0, 0x89, 0x57, 0x9f, 0x18, 0x1, 0xe0, 0x19,
    0x6a, 0xba, 0xc, 0x6, 0x8c, 0x3, 0xfc, 0x29,
    0x1e, 0xa0, 0x0,

    /* U+0043 "C" */
    0x0, 0xf2, 0x4e, 0xf7, 0xf6, 0xca, 0x0, 0x7c,
    0x9b, 0x6c, 0x42, 0x2, 0x4d, 0x7a, 0xa0, 0x19,
    0xac, 0x80, 0x5a, 0x6a, 0x5c, 0xc0, 0xa8, 0x2,
    0x49, 0x0, 0x47, 0x4b, 0x2b, 0x46, 0x6a, 0x0,
    0x6a, 0x0, 0x53, 0x80, 0x7c, 0x57, 0x0, 0x7,
    0x10, 0x65, 0x0, 0xff, 0x38, 0x2, 0x80, 0x16,
    0x1, 0xff, 0xc1, 0x12, 0x2, 0x20, 0x7, 0xff,
    0x5, 0x40, 0xe, 0x1, 0xff, 0xc2, 0x10, 0x1,
    0x0, 0x7f, 0xf0, 0x8c, 0x1, 0xe0, 0x1f, 0xfc,
    0x23, 0x0, 0x78, 0x7, 0xff, 0x8, 0x40, 0x4,
    0x1, 0xff, 0xc2, 0x50, 0x3, 0x80, 0x7f, 0xf0,
    0x84, 0x80, 0x88, 0x1, 0xff, 0xc2, 0xa0, 0x5,
    0x80, 0x7f, 0xf0, 0x9c, 0x41, 0x94, 0x3, 0xfc,
    0xe0, 0x15, 0x0, 0x29, 0xc0, 0x3e, 0x2b, 0x80,
    0x9, 0x24, 0x1, 0x1d, 0x2c, 0xad, 0x19, 0xa8,
    0x1, 0xcd, 0x64, 0x2, 0xd3, 0x52, 0xe6, 0x5,
    0x40, 0x1c, 0x9b, 0x6c, 0x42, 0x2, 0x4d, 0x7a,
    0xa0,

    /* U+0044 "D" */
    0x4f, 0xff, 0x77, 0x32, 0x54, 0x3, 0xff, 0x82,
    0x22, 0x36, 0xaf, 0x80, 0xf, 0x96, 0xab, 0x4b,
    0x10, 0x1, 0xf4, 0x80, 0x38, 0x95, 0x73, 0x4e,
    0xe1, 0x1, 0x78, 0x80, 0x7f, 0xf0, 0xf, 0x4c,
    0xa, 0x0, 0x3f, 0xf8, 0x5a, 0x0, 0x61, 0x0,
    0xff, 0xe0, 0x8a, 0x80, 0x1c, 0x3, 0xff, 0x85,
    0xe0, 0xf, 0x0, 0xff, 0xe1, 0x38, 0x1, 0x40,
    0x3f, 0xf8, 0x46, 0x0, 0x10, 0xf, 0xfe, 0x10,
    0x80, 0xc, 0x3, 0xff, 0x84, 0x20, 0x3, 0x0,
    0xff, 0xe1, 0x18, 0x0, 0x40, 0x3f, 0xf8, 0x4e,
    0x0, 0x50, 0xf, 0xfe, 0x17, 0x80, 0x30, 0x3,
    0xff, 0x82, 0x2a, 0x0, 0x40, 0xf, 0xfe, 0xe,
    0x80, 0x18, 0x40, 0x3f, 0xe3, 0xd3, 0x2, 0x80,
    0xc, 0x4a, 0xb9, 0xa7, 0x70, 0x80, 0xbc, 0x40,
    0x32, 0xd5, 0x69, 0x62, 0x0, 0x3e, 0x90, 0x7,
    0xf8, 0x4d, 0xab, 0xe0, 0x3, 0x0,

    /* U+0045 "E" */
    0x4f, 0xff, 0xfe, 0x5, 0x0, 0x7f, 0xf1, 0x52,
    0xab, 0xfa, 0x40, 0x23, 0x55, 0xfe, 0x30, 0xf,
    0xff, 0x79, 0xaa, 0xff, 0x8, 0x4, 0x95, 0x5f,
    0xc4, 0x1, 0xff, 0xc5, 0x7f, 0xff, 0xe3, 0x0,
    0xff, 0xff, 0x80, 0x7f, 0xf0, 0xd, 0x9b, 0xf9,
    0x40, 0x24, 0x99, 0xfe, 0xb0, 0xf, 0xfe, 0x10,

    /* U+0046 "F" */
    0x4f, 0xff, 0xf9, 0xc0, 0x3f, 0xf8, 0x89, 0x55,
    0xf9, 0x40, 0x23, 0x55, 0xfc, 0x40, 0x1f, 0xfe,
    0xb3, 0x66, 0xf8, 0xc0, 0x32, 0x4c, 0xfd, 0x40,
    0x1f, 0xfc, 0x57, 0xff, 0xfa, 0x40, 0x3f, 0xff,
    0xe0, 0x1f, 0xfd, 0xf0,

    /* U+0047 "G" */
    0x0, 0xf2, 0x4e, 0x77, 0xfb, 0xad, 0xc8, 0x3,
    0xe3, 0xcb, 0x63, 0x10, 0x0, 0xa4, 0x6d, 0x98,
    0x6, 0x6c, 0x30, 0x15, 0x9a, 0xa4, 0x28, 0x82,
    0x68, 0x4, 0x92, 0x0, 0x8e, 0xa6, 0x55, 0x3d,
    0x75, 0x10, 0x6, 0xa0, 0x5, 0xb8, 0x7, 0xe5,
    0xd8, 0x0, 0x38, 0x83, 0x20, 0x7, 0xfc, 0xc0,
    0xa, 0x0, 0x58, 0x7, 0xff, 0x8, 0x48, 0x8,
    0x80, 0x1f, 0xfc, 0x25, 0x0, 0x38, 0x7, 0xff,
    0xc, 0x40, 0x4, 0x1, 0xf2, 0x2a, 0xf8, 0x8c,
    0x1, 0xe0, 0x1f, 0x4d, 0x57, 0x90, 0xc0, 0x1e,
    0x1, 0xff, 0xc3, 0x10, 0x1, 0x0, 0x7d, 0xbf,
    0xf5, 0x0, 0x4a, 0x0, 0x70, 0xf, 0xfe, 0x18,
    0x90, 0x11, 0x0, 0x3f, 0xf8, 0x74, 0x0, 0xb0,
    0xf, 0xfe, 0x1b, 0x8, 0x32, 0x0, 0x7f, 0xf0,
    0x86, 0x80, 0x16, 0xe0, 0x1f, 0x88, 0x3, 0x92,
    0x40, 0x11, 0xd2, 0xca, 0xa6, 0x8d, 0x80, 0x1,
    0x80, 0x4d, 0x64, 0x2, 0xd3, 0x54, 0x97, 0x20,
    0x3c, 0x50, 0xc, 0x9b, 0x6c, 0x62, 0x0, 0x14,
    0x8d, 0xc3, 0x0,

    /* U+0048 "H" */
    0x4f, 0xf4, 0x0, 0x7f, 0x3f, 0xf9, 0x40, 0x3f,
    0xff, 0xe0, 0x1f, 0xfe, 0x33, 0x55, 0xfe, 0xd0,
    0xf, 0x25, 0x57, 0xf2, 0x80, 0x7f, 0xf2, 0xdf,
    0xff, 0xfa, 0x0, 0x3f, 0xff, 0xe0, 0x1f, 0xff,
    0xf0, 0xf, 0x0,

    /* U+0049 "I" */
    0x4f, 0xf4, 0x0, 0x7f, 0xff, 0xc0, 0x38,

    /* U+004A "J" */
    0x0, 0xc9, 0xfe, 0x80, 0xf, 0xff, 0xf8, 0x7,
    0xff, 0xfc, 0x3, 0xfb, 0xc0, 0x30, 0x80, 0x4,
    0x3, 0x68, 0x0, 0x80, 0x21, 0x60, 0x2, 0x13,
    0x47, 0x88, 0x30, 0x2c, 0xb8, 0x81, 0xc8, 0x4,
    0x27, 0x18, 0x0,

    /* U+004B "K" */
    0x4f, 0xf4, 0x0, 0x7c, 0x39, 0xfe, 0xa0, 0xf,
    0xf8, 0x74, 0xc1, 0x68, 0x3, 0xfc, 0x38, 0x60,
    0xd4, 0x1, 0xfe, 0x1c, 0x20, 0x69, 0x0, 0xff,
    0xe, 0x10, 0x34, 0x80, 0x7f, 0x8b, 0x8, 0x1e,
    0x40, 0x3f, 0xc5, 0x84, 0xf, 0x0, 0x1f, 0xe2,
    0xc1, 0x8, 0x80, 0x7, 0xf8, 0xf0, 0x42, 0x1c,
    0x3, 0xfe, 0x41, 0x8, 0x70, 0xf, 0xfe, 0x1e,
    0x0, 0x7f, 0xf0, 0x58, 0x81, 0x2c, 0x3, 0xff,
    0x80, 0x38, 0x40, 0x96, 0x1, 0xff, 0xc0, 0x1c,
    0x20, 0x4a, 0x0, 0xff, 0xe0, 0xe, 0x10, 0x2d,
    0x0, 0x7f, 0xf0, 0x7, 0xc4, 0x16, 0x40, 0x3f,
    0xf8, 0x5, 0x82, 0xd, 0x20, 0x1f, 0xfc, 0x2,
    0xc1, 0x6, 0x80, 0xf, 0xfe, 0x1, 0x60, 0x83,
    0xc0, 0x7, 0xff, 0x0, 0xb4, 0x0, 0xee, 0x0,
    0xff, 0xe0, 0x1e, 0x0, 0x21, 0xc0,

    /* U+004C "L" */
    0x4f, 0xf4, 0x0, 0x7f, 0xff, 0xc0, 0x3f, 0xff,
    0xe0, 0x1f, 0xff, 0xf0, 0xf, 0xfe, 0x71, 0xb3,
    0x7f, 0x10, 0x4, 0x93, 0x3f, 0xca, 0x1, 0xff,
    0xc2,

    /* U+004D "M" */
    0x4f, 0xfc, 0x20, 0x1f, 0xdb, 0xff, 0x30, 0x7,
    0x38, 0x7, 0xe3, 0x20, 0xf, 0xea, 0x0, 0xfd,
    0x40, 0x1f, 0x94, 0xc, 0x80, 0x3e, 0x60, 0x50,
    0xf, 0x61, 0x5, 0x0, 0x79, 0x40, 0x1e, 0x1,
    0xf2, 0x82, 0x80, 0x7b, 0x81, 0x44, 0x3, 0xea,
    0x2, 0x30, 0xc, 0x28, 0x1c, 0x1, 0xf8, 0x8c,
    0x28, 0x3, 0x38, 0xa, 0x0, 0x7f, 0x50, 0x38,
    0x6, 0xa0, 0x70, 0xf, 0xf3, 0x80, 0xa8, 0x0,
    0x8c, 0x28, 0x3, 0xfc, 0x2a, 0x1c, 0x0, 0xa0,
    0x23, 0x0, 0xff, 0xbc, 0x10, 0x41, 0x82, 0x80,
    0x3f, 0xf8, 0xa, 0x20, 0xe8, 0x20, 0xc0, 0x1f,
    0xfc, 0x17, 0xa, 0xe0, 0x41, 0x0, 0xff, 0xe0,
    0xd0, 0x1a, 0x87, 0x0, 0x7f, 0xf0, 0x8c, 0x80,
    0x25, 0x0, 0xff, 0xe1, 0xd0, 0x1, 0x80, 0x3f,
    0xf8, 0x8f, 0xfe, 0x90, 0xf, 0xff, 0xc0,

    /* U+004E "N" */
    0x4f, 0xfa, 0xc0, 0x3f, 0x3f, 0xf8, 0xc0, 0x32,
    0x18, 0x7, 0xff, 0x13, 0xc0, 0x3f, 0xf8, 0x42,
    0x6, 0x80, 0x1f, 0xfc, 0x16, 0x0, 0x40, 0x7,
    0xff, 0x7, 0x9c, 0xd, 0x0, 0x3f, 0xf8, 0x32,
    0x21, 0x0, 0x1f, 0xfc, 0x11, 0x90, 0x35, 0x0,
    0xff, 0xe0, 0xb8, 0x84, 0x0, 0x7f, 0xf0, 0xa4,
    0x9, 0x40, 0x3f, 0xf8, 0x2e, 0x21, 0x0, 0x1f,
    0xfc, 0x28, 0x2, 0x60, 0xf, 0xfe, 0xb, 0x8,
    0x40, 0x7, 0xff, 0xa, 0x0, 0x58, 0x3, 0xff,
    0x82, 0xc4, 0x10, 0x1, 0xff, 0xc2, 0x80, 0x17,
    0x0, 0xff, 0xe0, 0xa9, 0x4, 0xf8, 0x7, 0xff,
    0x6, 0x0, 0x58, 0x3, 0xff, 0x82, 0xa6, 0x2,
    0x1, 0xff, 0xc2, 0x80, 0xf, 0xfe, 0x22, 0x18,
    0x6,

    /* U+004F "O" */
    0x0, 0xf3, 0x56, 0xff, 0xb6, 0xd8, 0x3, 0xfc,
    0xbd, 0x2a, 0x40, 0x2, 0x49, 0xe5, 0x0, 0xf9,
    0xe8, 0x40, 0xe2, 0xa9, 0x6, 0x3, 0x4e, 0x1,
    0xcb, 0x0, 0xa, 0xc7, 0x55, 0x3e, 0x50, 0x2,
    0x14, 0x2, 0x1b, 0x0, 0x5a, 0x80, 0x79, 0x6c,
    0x1, 0x42, 0x0, 0x61, 0x6, 0x40, 0xf, 0xc8,
    0xc0, 0x9, 0x0, 0x50, 0x2, 0xc0, 0x3f, 0xd6,
    0x0, 0x60, 0x12, 0x2, 0x20, 0x7, 0xf8, 0x8c,
    0x4, 0x94, 0x0, 0xe0, 0x1f, 0xfc, 0x5, 0x0,
    0x38, 0x80, 0x8, 0x3, 0xff, 0x80, 0x20, 0x3,
    0x30, 0x3, 0xc0, 0x3f, 0xf8, 0x1e, 0x0, 0x13,
    0x0, 0x78, 0x7, 0xff, 0x3, 0xc0, 0x2, 0x20,
    0x1, 0x0, 0x7f, 0xf0, 0x4, 0x0, 0x6a, 0x0,
    0x70, 0xf, 0xfe, 0x2, 0x80, 0x1c, 0x48, 0x8,
    0x80, 0x1f, 0xe1, 0x30, 0x12, 0xa, 0x0, 0x58,
    0x7, 0xfa, 0x0, 0xc, 0x0, 0x61, 0x6, 0x40,
    0xf, 0xc6, 0xc0, 0x9, 0x0, 0xd, 0x80, 0x2d,
    0x40, 0x3c, 0xb8, 0x0, 0xa1, 0x0, 0x96, 0x0,
    0x15, 0x8e, 0xaa, 0x7c, 0xa0, 0x4, 0x28, 0x7,
    0x3d, 0x8, 0x1c, 0x55, 0x20, 0xc0, 0x69, 0xc0,
    0x3e, 0x5e, 0x95, 0x20, 0x0, 0xa4, 0xf2, 0x80,
    0x60,

    /* U+0050 "P" */
    0x4f, 0xff, 0xba, 0xd8, 0x3, 0xfe, 0x14, 0x9d,
    0x20, 0xc, 0xb5, 0x54, 0xb8, 0x0, 0xb0, 0x3,
    0x12, 0xac, 0xd1, 0xc4, 0x2, 0xe0, 0x1f, 0xc3,
    0x20, 0xc, 0x0, 0xff, 0x20, 0x1, 0x80, 0x3f,
    0xf8, 0x26, 0x1, 0xfe, 0x20, 0x1, 0x0, 0x7f,
    0xa0, 0x0, 0xa0, 0x1f, 0x9, 0xda, 0x80, 0x2c,
    0x2, 0x7f, 0xfb, 0xb1, 0x0, 0x12, 0x40, 0x1f,
    0xe4, 0xc6, 0x0, 0xcb, 0x55, 0x5e, 0x7d, 0x98,
    0x7, 0x12, 0xac, 0x86, 0x1, 0xff, 0xff, 0x0,
    0xff, 0xe8, 0x0,

    /* U+0051 "Q" */
    0x0, 0xf3, 0x56, 0xff, 0xb6, 0xd8, 0x3, 0xfc,
    0xbd, 0x2a, 0x40, 0x2, 0x49, 0xe5, 0x0, 0xf9,
    0xe8, 0x40, 0xe2, 0xa9, 0x6, 0x3, 0x4e, 0x1,
    0xcb, 0x0, 0xa, 0xc7, 0x55, 0x3e, 0x50, 0x2,
    0x14, 0x2, 0x1b, 0x0, 0x5a, 0x80, 0x79, 0x6c,
    0x1, 0x62, 0x0, 0x61, 0x6, 0x40, 0xf, 0xc8,
    0xc0, 0x2c, 0x0, 0xa0, 0x5, 0x80, 0x7f, 0xac,
    0x1, 0x40, 0x24, 0x4, 0x40, 0xf, 0xf1, 0x18,
    0x10, 0xa8, 0x1, 0xc0, 0x3f, 0xf8, 0xa, 0x0,
    0x51, 0x0, 0x10, 0x7, 0xff, 0x0, 0x40, 0x4,
    0x60, 0xf, 0x0, 0xff, 0xe0, 0x78, 0x0, 0x4c,
    0x1, 0xe0, 0x1f, 0xfc, 0xf, 0x0, 0x8, 0x80,
    0x4, 0x1, 0xff, 0xc0, 0x10, 0x1, 0xa8, 0x1,
    0xc0, 0x3f, 0xf8, 0xa, 0x0, 0x71, 0x20, 0x22,
    0x0, 0x7f, 0x84, 0xc0, 0x48, 0x28, 0x1, 0x60,
    0x1f, 0xe9, 0x0, 0x38, 0x1, 0x84, 0x19, 0x0,
    0x3f, 0x1b, 0x80, 0x2c, 0x0, 0x36, 0x0, 0xb5,
    0x0, 0xf2, 0x60, 0x1, 0xc8, 0x2, 0x58, 0x0,
    0x56, 0x3a, 0x21, 0xae, 0xc0, 0x4, 0x80, 0xe,
    0x7a, 0x10, 0x38, 0xbb, 0x4a, 0x0, 0x1e, 0xc0,
    0x3e, 0x5e, 0x95, 0x20, 0xe, 0xb8, 0x0, 0xff,
    0x35, 0x6f, 0xfa, 0x40, 0x10, 0x1, 0xff, 0xc4,
    0x67, 0x3, 0xb0, 0xf, 0xfe, 0x24, 0x28, 0x25,
    0x0, 0x7f, 0xf1, 0x2a, 0x1c, 0x88, 0x0,

    /* U+0052 "R" */
    0x4f, 0xff, 0xba, 0xd8, 0x3, 0xff, 0x84, 0x29,
    0x3c, 0x60, 0x1f, 0x2d, 0x55, 0x2e, 0x20, 0x3a,
    0x20, 0x1e, 0x25, 0x59, 0xa3, 0xcc, 0x5, 0x80,
    0x3f, 0xf8, 0x3, 0x0, 0xb, 0x0, 0xff, 0xe0,
    0xa0, 0x0, 0x80, 0x3f, 0xf8, 0x86, 0x1, 0xff,
    0xc1, 0x20, 0x3, 0x0, 0x7f, 0xf0, 0x6c, 0x1,
    0xa0, 0x1f, 0xe1, 0x3b, 0x60, 0x36, 0x0, 0xf3,
    0xff, 0xdd, 0x88, 0xb, 0xa0, 0x1f, 0xfc, 0x22,
    0x91, 0x0, 0xf9, 0x6a, 0xa9, 0x40, 0x2c, 0x20,
    0xf, 0x89, 0x56, 0x6b, 0xa0, 0x7, 0x80, 0x7f,
    0xf0, 0x55, 0x80, 0x98, 0x3, 0xff, 0x83, 0x0,
    0x8, 0x0, 0xff, 0xe0, 0x8b, 0x80, 0xb8, 0x7,
    0xff, 0x6, 0x40, 0x12, 0x1, 0xff, 0xc1, 0x17,
    0x1, 0x60, 0xf, 0xfe, 0xc, 0x80, 0x20, 0x3,
    0xff, 0x82, 0x2e, 0x2, 0xc0,

    /* U+0053 "S" */
    0x0, 0xcd, 0x7d, 0xfe, 0xec, 0x96, 0x10, 0xc,
    0x7d, 0x28, 0x20, 0x1, 0x36, 0x9e, 0x0, 0x8b,
    0x4, 0xe, 0x2a, 0xe9, 0xcc, 0x3, 0xa4, 0x1,
    0x18, 0xea, 0x8b, 0x19, 0xae, 0x1, 0x20, 0x13,
    0x80, 0x7c, 0x50, 0x0, 0x20, 0x3, 0x80, 0x7f,
    0xf0, 0xc, 0x0, 0xc0, 0x1f, 0xfc, 0x1, 0x10,
    0x1b, 0x0, 0x7f, 0xf0, 0x24, 0x1, 0x38, 0xe8,
    0x20, 0x1f, 0x9d, 0x80, 0x7, 0x17, 0xdb, 0x28,
    0x1, 0xe9, 0xc5, 0x0, 0xc4, 0xd7, 0x84, 0x1,
    0xc7, 0x5f, 0x92, 0xc2, 0x0, 0x3c, 0x20, 0xf,
    0x8d, 0xa7, 0xac, 0x40, 0x60, 0x3, 0xfe, 0x4c,
    0x0, 0x28, 0x7, 0xff, 0x0, 0x8c, 0x0, 0x40,
    0x1f, 0xfc, 0x7, 0x0, 0xff, 0xe1, 0xa8, 0x0,
    0x87, 0x58, 0x3, 0xf5, 0x8, 0x20, 0x0, 0xa7,
    0xed, 0xd5, 0x16, 0x39, 0x40, 0x10, 0x2, 0x40,
    0x4, 0x8a, 0xba, 0x71, 0x1, 0xc3, 0x0, 0x6e,
    0x42, 0x10, 0x4, 0x4b, 0x5c, 0x60, 0x0,

    /* U+0054 "T" */
    0x1f, 0xff, 0xfe, 0x29, 0x80, 0x7f, 0xf1, 0xc6,
    0xab, 0xe1, 0x0, 0x55, 0x7c, 0x40, 0xab, 0xf1,
    0x80, 0x15, 0x7e, 0x10, 0xf, 0xff, 0xf8, 0x7,
    0xff, 0xfc, 0x3, 0xff, 0xfe, 0x1, 0xff, 0xff,
    0x0, 0xff, 0xe5, 0x80,

    /* U+0055 "U" */
    0x9f, 0xf1, 0x80, 0x7f, 0x5f, 0xf8, 0x40, 0x3f,
    0xff, 0xe0, 0x1f, 0xff, 0xf0, 0xf, 0xfe, 0xc8,
    0x80, 0x7f, 0xf0, 0xc4, 0x2, 0x70, 0xf, 0xe7,
    0x0, 0xbc, 0x0, 0x20, 0x1f, 0xc2, 0x1, 0x18,
    0x3, 0x0, 0x3f, 0x9, 0x1, 0x82, 0x0, 0x1c,
    0x3, 0xf3, 0x0, 0x10, 0x0, 0xc0, 0x34, 0x1,
    0xe3, 0x80, 0x4, 0x80, 0x20, 0x81, 0x76, 0x15,
    0x1a, 0xb0, 0x1, 0x22, 0x0, 0x1c, 0x30, 0x27,
    0xab, 0x95, 0x0, 0x4b, 0x0, 0x61, 0xca, 0x52,
    0x0, 0x9, 0xbf, 0x30, 0x4,

    /* U+0056 "V" */
    0x9f, 0xf2, 0x0, 0x7f, 0xc5, 0xfe, 0xba, 0x0,
    0x70, 0x7, 0xfd, 0x40, 0xe, 0x32, 0x5, 0x0,
    0xff, 0x94, 0x0, 0xa1, 0x40, 0x6, 0x0, 0xfe,
    0x32, 0x6, 0x0, 0x30, 0x2, 0x80, 0x3f, 0xa8,
    0x1, 0xa0, 0x1, 0x40, 0x31, 0x0, 0xfc, 0xe0,
    0x28, 0x1, 0x70, 0x1, 0x80, 0x3e, 0x51, 0x6,
    0x0, 0xca, 0x0, 0xa0, 0xf, 0xb8, 0x1, 0x40,
    0x1c, 0xa0, 0x46, 0x1, 0xc2, 0x80, 0x64, 0x1,
    0xdc, 0x0, 0xa0, 0xe, 0x70, 0x5, 0x0, 0x79,
    0x4, 0x1c, 0x3, 0xa8, 0x0, 0xe0, 0x1f, 0x30,
    0xa, 0x80, 0x44, 0x60, 0xa2, 0x1, 0xf5, 0x0,
    0x3c, 0x2, 0xa0, 0x7, 0x0, 0x7e, 0x23, 0x5,
    0x10, 0x3, 0x0, 0xa0, 0x7, 0xf5, 0x0, 0x1c,
    0x10, 0x41, 0x80, 0x3f, 0xcc, 0x0, 0xa0, 0xe0,
    0x5, 0x0, 0x7f, 0xca, 0x6, 0x4a, 0x6, 0x40,
    0x1f, 0xf7, 0x0, 0x3c, 0x1, 0x40, 0x1f, 0xfc,
    0x4, 0x10, 0x20, 0x3, 0x80, 0x7f, 0xf0, 0x58,
    0x2, 0x41, 0x0, 0xff, 0xe0, 0xd0, 0x5, 0xc0,
    0x1f, 0x0,

    /* U+0057 "W" */
    0xe, 0xfd, 0x0, 0xfd, 0xbf, 0xe8, 0x0, 0xf8,
    0xbf, 0xd4, 0xa, 0x4, 0x20, 0x1e, 0x12, 0x0,
    0x20, 0x7, 0xc8, 0x0, 0xc0, 0xc0, 0x2, 0x0,
    0x79, 0x40, 0x23, 0x0, 0xfb, 0x0, 0x8, 0x8,
    0x0, 0xc0, 0xf, 0x60, 0x20, 0x0, 0xc0, 0x3c,
    0x80, 0x24, 0x6, 0x0, 0x50, 0xf, 0x20, 0x62,
    0x2, 0x0, 0x70, 0x88, 0x10, 0x2, 0x40, 0x30,
    0xf, 0x18, 0x26, 0x6, 0x0, 0x72, 0x0, 0x30,
    0x2, 0xc0, 0x2, 0x0, 0x64, 0x0, 0x19, 0x81,
    0x0, 0x3b, 0x0, 0x8, 0x1, 0x20, 0x3, 0x0,
    0x36, 0x2, 0x2, 0x0, 0xc, 0x3, 0x20, 0x9,
    0x0, 0x46, 0x0, 0x40, 0xc, 0x81, 0x80, 0x3,
    0x4, 0x0, 0x84, 0x81, 0x40, 0x38, 0xc0, 0xc0,
    0x31, 0x81, 0x80, 0x10, 0x30, 0x2, 0x40, 0x6,
    0x0, 0x72, 0x0, 0x10, 0x0, 0x60, 0x4, 0x0,
    0x68, 0x28, 0x5, 0x80, 0x4, 0x0, 0xec, 0x0,
    0x60, 0x1, 0x0, 0xc0, 0x24, 0x1, 0x20, 0x2,
    0x80, 0xc, 0x3, 0x90, 0x0, 0x60, 0xc, 0x4,
    0x0, 0x84, 0x81, 0x0, 0x6, 0x8, 0x1, 0xf1,
    0x82, 0x0, 0x10, 0x30, 0x3, 0x20, 0x60, 0x20,
    0x3, 0x0, 0x3e, 0x40, 0x1, 0x98, 0x0, 0xa0,
    0x1b, 0x1, 0x3, 0x0, 0x8, 0x1, 0xf6, 0x0,
    0x11, 0x0, 0x42, 0x1, 0x9c, 0x4, 0x90, 0x0,
    0x60, 0x1f, 0x20, 0x3, 0x34, 0x10, 0x3, 0x88,
    0x41, 0xc, 0x10, 0x3, 0xf8, 0xc1, 0x10, 0x18,
    0x1, 0xe4, 0xb, 0x0, 0x60, 0x7, 0xf2, 0x80,
    0x4, 0x10, 0x3, 0xd8, 0x4, 0x0, 0x40, 0xf,
    0xec, 0x0, 0x88, 0x40, 0x3c, 0x80, 0x18, 0xc0,
    0x3f, 0x90, 0x2, 0x70, 0xf, 0x88, 0x2, 0x30,
    0xe,

    /* U+0058 "X" */
    0x0, 0x6f, 0xf8, 0x40, 0x3f, 0x37, 0xfa, 0x0,
    0x29, 0x0, 0x50, 0x7, 0xc3, 0x20, 0x50, 0x1,
    0x23, 0x2, 0x28, 0x7, 0xa8, 0x1, 0x20, 0x1d,
    0x2, 0x16, 0x20, 0x19, 0x90, 0x19, 0x0, 0x38,
    0x6c, 0x6, 0xc0, 0x21, 0x80, 0x19, 0x0, 0xf9,
    0x54, 0xa, 0x80, 0xa, 0x10, 0xa0, 0xf, 0xeb,
    0x10, 0xa0, 0x54, 0x5, 0x40, 0xf, 0xe1, 0xb0,
    0x1a, 0xb0, 0x1b, 0x0, 0xff, 0x95, 0x1, 0x44,
    0x2c, 0x40, 0x3f, 0xf8, 0x14, 0x1, 0x22, 0x80,
    0x7f, 0xf0, 0x50, 0x2, 0x20, 0xf, 0xfe, 0x8,
    0xd8, 0x4, 0xc6, 0x1, 0xff, 0xc0, 0xb1, 0x8,
    0x0, 0x70, 0x7, 0xfc, 0x8a, 0xa, 0xf0, 0x5,
    0x0, 0x1f, 0xea, 0x1, 0xb0, 0x72, 0x7, 0x20,
    0xf, 0xd2, 0x21, 0x62, 0x0, 0xe0, 0x7, 0x0,
    0x7c, 0x6c, 0x8, 0xa0, 0x11, 0xb8, 0x1b, 0x0,
    0x7b, 0x80, 0x14, 0x1, 0xd0, 0x41, 0x22, 0x1,
    0xa0, 0x82, 0x44, 0x3, 0xd2, 0x0, 0xa0, 0x8,
    0xdc, 0xd, 0x80, 0x3e, 0x46, 0x4, 0x50, 0x7,
    0x0, 0x38, 0x3, 0xfa, 0x4, 0x2c, 0x40,

    /* U+0059 "Y" */
    0xb, 0xff, 0x18, 0x7, 0xf1, 0x7f, 0xb0, 0x1,
    0x20, 0xe, 0x0, 0xfe, 0xe0, 0x7, 0x80, 0xa,
    0x40, 0xa0, 0x3, 0xe7, 0x30, 0x73, 0x0, 0x98,
    0xc1, 0xcc, 0x3, 0x8a, 0x0, 0xa0, 0x3, 0xb8,
    0x1, 0xc0, 0x1d, 0x20, 0xe, 0x0, 0xf1, 0x40,
    0x14, 0x0, 0x4c, 0x80, 0xe6, 0x1, 0xf3, 0x98,
    0x39, 0x80, 0xc0, 0x14, 0x0, 0x7f, 0x70, 0x3,
    0xc2, 0xc4, 0x38, 0x3, 0xfc, 0x50, 0x7, 0x6a,
    0xc, 0x60, 0x1f, 0xf3, 0x98, 0x20, 0x14, 0x80,
    0x7f, 0xf0, 0x78, 0x2, 0x90, 0xf, 0xfe, 0x11,
    0x10, 0x0, 0x80, 0x1f, 0xff, 0xf0, 0xf, 0xff,
    0xf8, 0x7, 0xff, 0x40,

    /* U+005A "Z" */
    0x6f, 0xff, 0xfe, 0x1c, 0x80, 0x7f, 0xf1, 0x52,
    0xab, 0xfe, 0x90, 0xb, 0x9, 0x57, 0xfe, 0xd0,
    0x3, 0xa8, 0x7, 0xfd, 0x8, 0x9, 0x0, 0x1f,
    0xf2, 0x38, 0xd, 0x0, 0x7f, 0xc5, 0x40, 0xd,
    0x10, 0xf, 0xfb, 0xc4, 0x24, 0xc0, 0x3f, 0xea,
    0x20, 0x56, 0x0, 0xff, 0x99, 0x40, 0xe8, 0x3,
    0xfe, 0x39, 0x1, 0xe0, 0xf, 0xf8, 0x74, 0x1,
    0x44, 0x1, 0xff, 0x68, 0x84, 0x20, 0x7, 0xfd,
    0x6, 0x8, 0xe0, 0x1f, 0xf2, 0xb8, 0x15, 0x0,
    0x7f, 0xc5, 0x40, 0xf, 0x10, 0xf, 0xfb, 0xc0,
    0x14, 0x40, 0x1f, 0xf5, 0x10, 0x32, 0x80, 0x7f,
    0xce, 0xa0, 0xf, 0x66, 0xff, 0x97, 0x0, 0x29,
    0x9f, 0xfe, 0x5, 0x80, 0x7f, 0xf1, 0x40,

    /* U+005B "[" */
    0x9f, 0xfe, 0x30, 0xf, 0xe1, 0xff, 0x8c, 0x3,
    0xff, 0xfe, 0x1, 0xff, 0xf7, 0x1f, 0xf8, 0xc0,
    0x3e,

    /* U+005C "\\" */
    0xdf, 0x70, 0xf, 0x94, 0x2c, 0x3, 0xeb, 0x3,
    0x10, 0xf, 0x18, 0x83, 0x80, 0x7c, 0x81, 0xa0,
    0x1f, 0x78, 0x20, 0x7, 0xca, 0x0, 0x40, 0xf,
    0x90, 0x34, 0x3, 0xed, 0x7, 0x0, 0xf9, 0x0,
    0x4c, 0x3, 0xc4, 0x40, 0xb0, 0xf, 0x94, 0x10,
    0x3, 0xeb, 0x3, 0x10, 0xf, 0x18, 0x83, 0x80,
    0x7c, 0xe1, 0xa0, 0x1f, 0x60, 0x20, 0x7, 0xca,
    0x0, 0x50, 0xf, 0x90, 0x30, 0x3, 0xed, 0x7,
    0x0, 0xf9, 0xc0, 0x4c, 0x3, 0xc2, 0x61, 0x60,
    0x1f, 0x58, 0x28, 0x7, 0xc8, 0x4, 0x40, 0xf,
    0x1c, 0x38, 0x0,

    /* U+005D "]" */
    0x4f, 0xfe, 0x80, 0xf, 0x93, 0xfe, 0x0, 0xff,
    0xff, 0x80, 0x7f, 0xfe, 0x13, 0xfe, 0x0, 0xff,
    0x0,

    /* U+005E "^" */
    0x0, 0xf8, 0xbb, 0xfd, 0x0, 0x1f, 0xfc, 0x11,
    0xc1, 0x0, 0x3b, 0x80, 0x3f, 0xe1, 0xc1, 0x6,
    0x10, 0x86, 0x0, 0xff, 0x69, 0x4, 0x4e, 0x8,
    0x4a, 0x80, 0x7e, 0xc3, 0x9, 0x70, 0x2f, 0x20,
    0xa4, 0x0, 0xf5, 0x98, 0x4b, 0x0, 0x43, 0x84,
    0x16, 0x60, 0x1a, 0x90, 0x29, 0x80, 0x38, 0x70,
    0xc3, 0x48, 0x1, 0x2a, 0x16, 0xa0, 0x1f, 0xe,
    0x20, 0xe1, 0x0,

    /* U+005F "_" */
    0x4f, 0xff, 0xfe, 0x12, 0x0, 0x7f, 0xf1, 0x0,

    /* U+0060 "`" */
    0x4f, 0xf3, 0x0, 0x49, 0x41, 0x26, 0x1, 0x2c,
    0x7, 0x8, 0x4, 0xee, 0x2a, 0x0, 0xd0, 0xa8,
    0xe0,

    /* U+0061 "a" */
    0x0, 0x13, 0xdf, 0x7f, 0xb6, 0x90, 0x3, 0x1e,
    0xc2, 0x8, 0x0, 0x96, 0xe4, 0x3, 0x92, 0x2f,
    0x2e, 0x8, 0x19, 0xc0, 0x5, 0xd6, 0xe8, 0x68,
    0xfa, 0x81, 0x0, 0x1, 0x10, 0x7, 0xd2, 0x0,
    0x40, 0xf, 0xf1, 0x8, 0x18, 0x4, 0x95, 0xbf,
    0xfc, 0x21, 0xc0, 0xb, 0xb2, 0x90, 0x7, 0xf5,
    0x20, 0x2d, 0xf7, 0xfe, 0x10, 0x0, 0xa8, 0x35,
    0x20, 0x80, 0x61, 0x0, 0x28, 0x3, 0x40, 0x3c,
    0x40, 0x1f, 0xfc, 0x1b, 0x0, 0x98, 0x1, 0xc0,
    0x1c, 0xac, 0x1, 0x11, 0x82, 0xda, 0x12, 0x4d,
    0x10, 0x80, 0x5c, 0x20, 0x97, 0xb6, 0xc5, 0xe0,
    0x18, 0xbd, 0x88, 0x4, 0xe3, 0x48, 0x2,

    /* U+0062 "b" */
    0x7f, 0xf0, 0x80, 0x7f, 0xff, 0xc0, 0x3f, 0xf8,
    0x8f, 0xbf, 0xec, 0x60, 0xf, 0x8f, 0x60, 0x80,
    0x7, 0x36, 0x1, 0xee, 0x25, 0xbd, 0xa3, 0x4,
    0xa0, 0xe, 0x39, 0xa4, 0x25, 0xc4, 0x5, 0x40,
    0xc, 0x6c, 0x1, 0xd4, 0x0, 0xf0, 0xd, 0x40,
    0x1e, 0x14, 0x4, 0x0, 0xca, 0x1, 0xf6, 0x0,
    0x8, 0x2, 0x20, 0xf, 0x84, 0x0, 0x20, 0x1f,
    0xfc, 0x62, 0x0, 0xf8, 0x40, 0x2, 0x1, 0x28,
    0x7, 0xd8, 0x0, 0x20, 0xa, 0x80, 0x3c, 0x28,
    0x8, 0x1, 0x8d, 0x80, 0x3a, 0x80, 0x1e, 0x1,
    0x8e, 0x64, 0x84, 0xb8, 0x80, 0xa8, 0x1, 0xb8,
    0x9a, 0xf6, 0x8c, 0xe, 0x80, 0x38, 0xf6, 0x8,
    0x0, 0x73, 0x80, 0x10,

    /* U+0063 "c" */
    0x0, 0xc7, 0x3b, 0xfe, 0xdb, 0x61, 0x0, 0xa7,
    0x18, 0x80, 0x4, 0x93, 0x60, 0xa, 0x60, 0x18,
    0xbc, 0xb8, 0x20, 0x3, 0x28, 0x1f, 0x3a, 0x1a,
    0x3e, 0xd8, 0x58, 0xe, 0x80, 0x7c, 0x24, 0x40,
    0x71, 0x0, 0xfc, 0xe0, 0xc, 0x0, 0xfe, 0x30,
    0x3, 0x0, 0x7f, 0xf2, 0x8c, 0x0, 0xc0, 0x1f,
    0xce, 0x0, 0xc0, 0xf, 0xe2, 0x20, 0x38, 0x80,
    0x7f, 0x40, 0xd, 0x0, 0x7c, 0x20, 0xaa, 0x4,
    0xe7, 0x33, 0x23, 0xe5, 0x80, 0x29, 0x80, 0x63,
    0x31, 0x70, 0x60, 0x1a, 0x71, 0x88, 0x0, 0x49,
    0x36,

    /* U+0064 "d" */
    0x0, 0xff, 0x93, 0xfc, 0x60, 0x1f, 0xff, 0xf0,
    0xd, 0x1b, 0xfd, 0x8c, 0x1, 0xf1, 0x6b, 0x90,
    0x9, 0xcd, 0x80, 0x7b, 0xc8, 0x16, 0xf6, 0x91,
    0x10, 0x1, 0x9c, 0x82, 0x29, 0x9, 0x6d, 0x4c,
    0x3, 0x48, 0x13, 0x80, 0x75, 0x8, 0x4, 0x42,
    0x14, 0x1, 0xf3, 0x80, 0x4e, 0x0, 0x30, 0xf,
    0xbc, 0x2, 0x30, 0x3, 0x0, 0x7c, 0x40, 0x1f,
    0xfc, 0x21, 0x0, 0x8c, 0x0, 0xc0, 0x1f, 0x18,
    0x4, 0xe0, 0x3, 0x0, 0xfb, 0xc0, 0x22, 0x10,
    0xa0, 0xf, 0x9c, 0x3, 0x30, 0x13, 0x80, 0x75,
    0x8, 0x6, 0x82, 0x8, 0xa4, 0x24, 0xb5, 0x30,
    0xe, 0xf1, 0x5, 0xbd, 0xb4, 0x44, 0x0, 0x71,
    0x73, 0x90, 0x9, 0xcd, 0x80, 0x60,

    /* U+0065 "e" */
    0x0, 0xc7, 0x3b, 0xfe, 0xd9, 0x30, 0xf, 0x4e,
    0x31, 0x0, 0x9, 0xb2, 0x0, 0x35, 0x30, 0x1c,
    0xde, 0x49, 0x3, 0xb8, 0x0, 0xaa, 0x9, 0xc6,
    0x43, 0x6d, 0x40, 0x81, 0x9, 0x5, 0x60, 0xf,
    0x50, 0x1, 0xc4, 0xc3, 0xc0, 0x3e, 0x12, 0xf,
    0x40, 0x5, 0x7f, 0xfe, 0x20, 0x23, 0x0, 0xff,
    0xe2, 0xe7, 0xff, 0xfa, 0xcc, 0x0, 0xa0, 0x1f,
    0xf3, 0x80, 0x30, 0x3, 0xfe, 0x22, 0x2, 0x90,
    0x7, 0xfd, 0x0, 0xf, 0x10, 0xf, 0x98, 0x41,
    0x58, 0xb, 0xa1, 0xc, 0xcb, 0x3d, 0x26, 0x0,
    0x97, 0x0, 0x3d, 0xe6, 0x29, 0x84, 0x3, 0xa3,
    0x5c, 0xc4, 0x0, 0x4b, 0x3c, 0x40,

    /* U+0066 "f" */
    0x0, 0xc3, 0x3b, 0xff, 0x30, 0x4, 0x3e, 0xc4,
    0x1, 0xf4, 0x88, 0x46, 0x6e, 0x98, 0x2, 0x50,
    0x47, 0x32, 0x20, 0x6, 0x30, 0x20, 0xf, 0xc2,
    0x1, 0xf2, 0xff, 0x80, 0xd, 0xff, 0x58, 0x7,
    0xff, 0x1, 0x7f, 0xc0, 0x6, 0xff, 0xac, 0x3,
    0xff, 0xfe, 0x1, 0xff, 0xf9,

    /* U+0067 "g" */
    0x0, 0xd1, 0xbf, 0xd8, 0xc0, 0x9f, 0xe3, 0x0,
    0x17, 0x39, 0x0, 0x9c, 0xd8, 0x7, 0xbc, 0x41,
    0x6f, 0x69, 0x11, 0x0, 0x1a, 0x8, 0x22, 0x90,
    0x96, 0xd8, 0xc0, 0x33, 0x1, 0x38, 0x7, 0x48,
    0x80, 0x44, 0x21, 0x40, 0x1f, 0x38, 0x4, 0xe0,
    0x3, 0x0, 0xfb, 0xc0, 0x23, 0x0, 0x30, 0x7,
    0xc6, 0x1, 0xff, 0xc2, 0x10, 0x8, 0xc0, 0x2,
    0x1, 0xf1, 0x0, 0x4c, 0x0, 0x40, 0xf, 0xbc,
    0x2, 0x31, 0xb, 0x0, 0xf9, 0xc0, 0x33, 0x1,
    0xb8, 0x7, 0x48, 0x80, 0x68, 0x10, 0x8a, 0x42,
    0x4b, 0x63, 0x0, 0xec, 0x10, 0x5b, 0xdb, 0x44,
    0x40, 0x7, 0x17, 0xb9, 0x0, 0x9c, 0xd8, 0x80,
    0x4, 0x2, 0x18, 0xdf, 0xec, 0x60, 0xd0, 0x1,
    0x0, 0x7f, 0xca, 0x6, 0x1, 0x8, 0x7, 0xd0,
    0x41, 0x40, 0x14, 0x63, 0x99, 0x11, 0x6d, 0xc0,
    0x98, 0x3, 0x1c, 0x66, 0xea, 0x90, 0xb, 0x0,
    0x35, 0xc2, 0x10, 0x0, 0x52, 0x74, 0x40, 0x0,

    /* U+0068 "h" */
    0x7f, 0xf0, 0x80, 0x7f, 0xff, 0xc0, 0x3f, 0xcd,
    0x9f, 0xed, 0x70, 0xf, 0x1e, 0x49, 0x80, 0xa,
    0x30, 0x3, 0xa4, 0xd6, 0xae, 0x48, 0xe, 0x0,
    0x32, 0x55, 0x15, 0x1b, 0x48, 0x18, 0x3, 0x2a,
    0x80, 0x3a, 0x80, 0x48, 0x2, 0xe0, 0xf, 0x20,
    0x1, 0xc0, 0x25, 0x0, 0xf0, 0x80, 0x7f, 0xf1,
    0xc, 0x3, 0xff, 0xfe, 0x1, 0xff, 0xd9,

    /* U+0069 "i" */
    0x5f, 0xf1, 0x0, 0x7e, 0x4b, 0xb1, 0xa, 0x20,
    0x3, 0x97, 0xfc, 0x40, 0x1f, 0xff, 0x0,

    /* U+006A "j" */
    0x0, 0x97, 0xfc, 0x40, 0x1f, 0xfc, 0x54, 0xbb,
    0x10, 0x4, 0x28, 0x80, 0xf, 0xf9, 0x7f, 0xc4,
    0x1, 0xff, 0xff, 0x0, 0xff, 0xee, 0x18, 0x0,
    0xc0, 0x2f, 0x1, 0x18, 0xdd, 0x81, 0x2, 0x72,
    0x0, 0x10, 0x1, 0xa, 0xe9, 0x0,

    /* U+006B "k" */
    0x7f, 0xf0, 0x80, 0x7f, 0xff, 0xc0, 0x3f, 0xf9,
    0x3, 0xbf, 0xe4, 0x0, 0xfe, 0x2f, 0x21, 0xc4,
    0x0, 0xfc, 0x78, 0x22, 0xc3, 0x0, 0xfc, 0x98,
    0x25, 0x84, 0x1, 0xf9, 0x6c, 0xb, 0x8, 0x3,
    0xf3, 0x50, 0x1e, 0x88, 0x7, 0xe9, 0x90, 0x26,
    0x0, 0x7f, 0x9c, 0x6, 0xc0, 0x3f, 0xe5, 0x1,
    0xa0, 0xf, 0xfa, 0xd8, 0x16, 0x80, 0x3f, 0xe9,
    0x60, 0x5a, 0x0, 0xff, 0xa5, 0x81, 0x68, 0x3,
    0xfe, 0x96, 0x5, 0xa0, 0xf, 0xfa, 0x58, 0x16,
    0x80, 0x3f, 0xe9, 0x50, 0x5a, 0x0, 0xff, 0xa9,
    0x41, 0x68, 0x0,

    /* U+006C "l" */
    0x5f, 0xf1, 0x0, 0x7f, 0xff, 0xc0, 0x3f, 0x80,

    /* U+006D "m" */
    0x7f, 0xf0, 0x83, 0xe7, 0xf5, 0xa0, 0x6, 0x7d,
    0xff, 0x5a, 0x0, 0x71, 0xe4, 0x18, 0xa, 0x5b,
    0x1, 0x6c, 0x10, 0x1, 0x2d, 0x40, 0x37, 0x1b,
    0x55, 0xc0, 0x2, 0x4b, 0x89, 0xae, 0xce, 0x0,
    0xa1, 0x0, 0x8e, 0xa5, 0x51, 0xec, 0x1, 0x87,
    0x92, 0x88, 0x8a, 0x0, 0x30, 0x4, 0xaa, 0x0,
    0xc8, 0x40, 0x2e, 0x60, 0x19, 0x44, 0x30, 0x2,
    0xe0, 0xf, 0x20, 0x2, 0x80, 0x3c, 0xa0, 0xc0,
    0x12, 0x80, 0x78, 0x40, 0x4, 0x1, 0xe1, 0x3,
    0x0, 0xff, 0xff, 0x80, 0x7f, 0xff, 0xc0, 0x3f,
    0xfd, 0xa0,

    /* U+006E "n" */
    0x7f, 0xf0, 0x83, 0x67, 0xfb, 0x5c, 0x3, 0xc7,
    0x92, 0x60, 0x2, 0x8c, 0x0, 0xe9, 0x35, 0xab,
    0x92, 0x3, 0x80, 0xc, 0x95, 0x45, 0x46, 0xd2,
    0x6, 0x0, 0xca, 0xa0, 0xe, 0xa0, 0x12, 0x0,
    0xb8, 0x3, 0xc8, 0x0, 0x70, 0x9, 0x40, 0x3c,
    0x20, 0x1f, 0xfc, 0x43, 0x0, 0xff, 0xff, 0x80,
    0x7f, 0xf6, 0x40,

    /* U+006F "o" */
    0x0, 0xcd, 0x7d, 0xfd, 0x8c, 0x1, 0xe1, 0xc9,
    0x41, 0x1, 0x39, 0xd2, 0x0, 0xd8, 0x60, 0x75,
    0x94, 0x80, 0x58, 0x20, 0x7, 0x20, 0x6c, 0x53,
    0x5b, 0x70, 0x18, 0x0, 0x48, 0xc, 0x80, 0x74,
    0x18, 0x30, 0x90, 0x83, 0x0, 0x7d, 0x40, 0x4,
    0x70, 0x6, 0x80, 0x7c, 0xa0, 0x2, 0x30, 0x3,
    0x0, 0x7c, 0x40, 0xf, 0x0, 0xff, 0xe1, 0x98,
    0x1, 0x80, 0x3e, 0x30, 0x7, 0xb8, 0x3, 0x40,
    0x3e, 0x40, 0x1, 0x10, 0x41, 0x80, 0x3e, 0xa0,
    0x2, 0x4, 0x80, 0xc8, 0x7, 0x39, 0x83, 0x8,
    0x39, 0x3, 0x5a, 0x9a, 0x54, 0x0, 0xc0, 0x5,
    0x86, 0x9, 0x59, 0x6a, 0x5, 0x82, 0x1, 0xe,
    0x4a, 0x8, 0x9, 0xc6, 0x90, 0x0,

    /* U+0070 "p" */
    0x7f, 0xf0, 0x83, 0xef, 0xfb, 0x18, 0x3, 0xe3,
    0xd8, 0x20, 0x1, 0xcd, 0x80, 0x7b, 0x89, 0x6f,
    0x68, 0xc1, 0x28, 0x3, 0x8e, 0x69, 0x9, 0x71,
    0x1, 0x50, 0x3, 0x1b, 0x0, 0x75, 0x0, 0x3c,
    0x3, 0x50, 0x7, 0x85, 0x1, 0x0, 0x32, 0x80,
    0x7d, 0x80, 0x2, 0x0, 0x88, 0x3, 0xe1, 0x0,
    0x8, 0x7, 0xff, 0x18, 0x80, 0x3e, 0x10, 0x0,
    0x80, 0x4a, 0x1, 0xf6, 0x0, 0x8, 0x2, 0xa0,
    0xf, 0xa, 0x2, 0x0, 0x63, 0x60, 0xe, 0xa0,
    0x7, 0x80, 0x63, 0x99, 0x21, 0x2e, 0x20, 0x2a,
    0x0, 0x6e, 0x26, 0xbd, 0xa3, 0x3, 0xa0, 0xe,
    0x3d, 0x82, 0x0, 0x1c, 0xe0, 0x7, 0xe7, 0xdf,
    0xf6, 0x30, 0x7, 0xff, 0xfc, 0x3, 0x0,

    /* U+0071 "q" */
    0x0, 0xd1, 0xbf, 0xd8, 0xc0, 0x9f, 0xe3, 0x0,
    0x16, 0xb9, 0x0, 0x9c, 0xd8, 0x7, 0xbc, 0x81,
    0x6f, 0x69, 0x11, 0x0, 0x19, 0xc8, 0x22, 0x90,
    0x96, 0xd4, 0xc0, 0x34, 0x81, 0x38, 0x7, 0x50,
    0x80, 0x44, 0x21, 0x40, 0x1f, 0x38, 0x4, 0xe0,
    0x3, 0x0, 0xfb, 0xc0, 0x23, 0x0, 0x30, 0x7,
    0xc4, 0x1, 0xff, 0xc2, 0x10, 0x8, 0xc0, 0xc,
    0x1, 0xf1, 0x80, 0x4e, 0x0, 0x30, 0xf, 0xbc,
    0x2, 0x21, 0xa, 0x0, 0xf9, 0xc0, 0x33, 0x1,
    0x38, 0x7, 0x50, 0x80, 0x68, 0x20, 0x8a, 0x42,
    0x4b, 0x53, 0x0, 0xef, 0x10, 0x5b, 0xdb, 0x44,
    0x40, 0x7, 0x17, 0x39, 0x0, 0x9c, 0xd8, 0x7,
    0xe8, 0xdf, 0xec, 0x60, 0xf, 0xff, 0xf8, 0x7,
    0x0,

    /* U+0072 "r" */
    0x7f, 0xf0, 0x83, 0x67, 0x7c, 0x0, 0x47, 0x92,
    0x62, 0x1, 0xdc, 0x69, 0x35, 0x3a, 0x1, 0x1c,
    0x5b, 0x2b, 0x28, 0x4, 0x6e, 0x1, 0xfa, 0x40,
    0x3f, 0x9c, 0x3, 0xf8, 0xc0, 0x3f, 0xff, 0xe0,
    0x1f, 0xf0,

    /* U+0073 "s" */
    0x0, 0xc, 0x67, 0xfb, 0xb6, 0x98, 0x40, 0x7,
    0xee, 0x60, 0x1, 0x25, 0x97, 0x0, 0x68, 0x83,
    0xde, 0x62, 0x9c, 0x80, 0x8, 0x21, 0x50, 0x86,
    0x65, 0x8d, 0x60, 0x10, 0x2, 0x0, 0x7f, 0x8,
    0x2, 0x40, 0x3f, 0x90, 0x81, 0xf6, 0x10, 0x3,
    0xef, 0x20, 0x27, 0xbf, 0xc6, 0x0, 0xc5, 0xb6,
    0xc4, 0x0, 0x39, 0xd2, 0x0, 0xc9, 0x3b, 0xd4,
    0x80, 0x5c, 0x1, 0xf0, 0xad, 0xa0, 0x18, 0x80,
    0x7f, 0x68, 0x0, 0x8c, 0x80, 0x3e, 0xc0, 0x1,
    0x26, 0xe3, 0xa1, 0x1a, 0xda, 0x82, 0x88, 0x0,
    0xe2, 0xf7, 0x29, 0x1, 0x28, 0x1e, 0xdc, 0xc4,
    0x0, 0x2b, 0x56, 0x0,

    /* U+0074 "t" */
    0x0, 0x37, 0xf8, 0x80, 0x3f, 0xfb, 0x49, 0xf2,
    0x0, 0xdf, 0xfc, 0xa0, 0x1f, 0xf2, 0x7c, 0x80,
    0x37, 0xff, 0x28, 0x7, 0xff, 0xfc, 0x3, 0xff,
    0x86, 0x60, 0x1f, 0xe1, 0x0, 0x30, 0x7, 0xc8,
    0x0, 0x94, 0x22, 0x80, 0x33, 0x81, 0x5e, 0xec,
    0xa0, 0x14, 0x49, 0x88, 0x6,

    /* U+0075 "u" */
    0xaf, 0xe0, 0xf, 0x97, 0xfc, 0x60, 0x1f, 0xff,
    0xf0, 0xf, 0xfe, 0xc9, 0x80, 0x7f, 0xf0, 0xc4,
    0x3, 0xed, 0x0, 0xb8, 0x0, 0x40, 0x1e, 0x50,
    0x9, 0x0, 0x10, 0x1, 0xd2, 0x40, 0x11, 0x98,
    0x16, 0xd5, 0x1b, 0x19, 0x0, 0x37, 0x8, 0x25,
    0x5c, 0x9b, 0x70, 0x6, 0x2f, 0x62, 0x1, 0x4b,
    0x90, 0xc,

    /* U+0076 "v" */
    0xf, 0xf5, 0x0, 0x7e, 0x1f, 0xf4, 0x2, 0x82,
    0x88, 0x7, 0xcc, 0x0, 0xb0, 0xe0, 0x3, 0x80,
    0x7d, 0x40, 0x46, 0x8, 0x21, 0xa0, 0x1e, 0x22,
    0x5, 0x0, 0x4c, 0x8, 0x20, 0x1d, 0x40, 0x6,
    0x0, 0xac, 0x0, 0xc0, 0x1c, 0xc0, 0x62, 0x1,
    0x19, 0x5, 0x0, 0x63, 0x10, 0xa0, 0xe, 0xa0,
    0x22, 0x0, 0x54, 0x0, 0x70, 0xe, 0x60, 0x5,
    0x0, 0x4e, 0xa, 0x20, 0x1c, 0x26, 0xc, 0x0,
    0x51, 0xf, 0x0, 0xfa, 0x80, 0x4c, 0x3c, 0x0,
    0xa0, 0x1f, 0x38, 0x2, 0x81, 0x41, 0x80, 0x3f,
    0xa, 0x83, 0xb0, 0x3, 0x40, 0x3f, 0xbc, 0x6,
    0x0, 0x50, 0x3, 0xf9, 0x44, 0x4, 0x18, 0x3,
    0xfe, 0x70, 0xa, 0x80, 0x38,

    /* U+0077 "w" */
    0xbf, 0xc0, 0xe, 0x2f, 0xf8, 0x40, 0x3b, 0xbe,
    0x70, 0xc, 0x40, 0x32, 0x0, 0x48, 0x1, 0x88,
    0x43, 0x10, 0x0, 0x80, 0x1b, 0x0, 0x2c, 0x0,
    0xc8, 0x0, 0x43, 0x0, 0x60, 0x6, 0x40, 0x40,
    0x40, 0xd, 0x80, 0x42, 0x8, 0x8, 0x1, 0x10,
    0x84, 0x1, 0x8, 0x4, 0x80, 0x80, 0xc, 0x2,
    0x10, 0x2, 0x1, 0x98, 0x41, 0x0, 0x4, 0x21,
    0x80, 0x4, 0x0, 0x20, 0x3, 0x1, 0x1, 0x3,
    0x0, 0x8, 0x0, 0x40, 0x1, 0x88, 0x60, 0x1,
    0x3, 0x3, 0x1, 0x0, 0x18, 0x4, 0x20, 0x12,
    0x82, 0x1, 0x8, 0x20, 0x20, 0x10, 0x82, 0x2,
    0x0, 0x6c, 0x2, 0x14, 0x3, 0x0, 0x10, 0x82,
    0x10, 0x86, 0x0, 0x64, 0x0, 0x26, 0x2, 0x0,
    0x48, 0x18, 0x80, 0x4, 0x0, 0xc6, 0x21, 0x88,
    0x18, 0x1, 0x60, 0x26, 0x1, 0x8, 0x7, 0x28,
    0x30, 0x82, 0x0, 0x48, 0x4, 0xa0, 0x80, 0x1e,
    0xc0, 0x8, 0xc0, 0x31, 0x8, 0x5, 0x80, 0x1e,
    0x40, 0x9, 0x0, 0x39, 0x0, 0x24, 0x0, 0xf1,
    0x88, 0x3, 0x0, 0x3b, 0x0, 0x4, 0x20, 0x10,

    /* U+0078 "x" */
    0x5, 0xff, 0x50, 0x7, 0x87, 0xbf, 0x84, 0x15,
    0x81, 0x54, 0x1, 0xd6, 0x21, 0x42, 0x0, 0x92,
    0xa, 0x10, 0x9, 0x94, 0x19, 0x0, 0x37, 0x0,
    0x34, 0x0, 0x52, 0x5, 0x20, 0x1c, 0x70, 0x6,
    0xe1, 0xc0, 0xe, 0x0, 0xf9, 0xcc, 0x22, 0x8c,
    0x20, 0xc0, 0x3f, 0x68, 0x82, 0x82, 0x38, 0x7,
    0xf0, 0xc8, 0x5, 0x40, 0x1f, 0xf5, 0x0, 0x48,
    0x1, 0xfe, 0x92, 0x0, 0xac, 0x40, 0x3f, 0x23,
    0x2, 0xe0, 0xd, 0x0, 0x7c, 0x34, 0x3, 0x66,
    0xe0, 0x8e, 0x1, 0xea, 0x10, 0xa1, 0x8, 0x30,
    0x83, 0x0, 0xcc, 0x80, 0xe8, 0x1, 0x70, 0x3,
    0x80, 0x22, 0x90, 0x28, 0x0, 0xc5, 0x20, 0x52,
    0x0, 0xe0, 0x7, 0x80, 0x79, 0x94, 0x19, 0x0,

    /* U+0079 "y" */
    0xe, 0xfb, 0x0, 0xfc, 0x3f, 0xe8, 0x7, 0x4,
    0x10, 0xf, 0xa4, 0x1, 0x41, 0x60, 0x6, 0x0,
    0xf9, 0x40, 0xc8, 0x8, 0xc2, 0x80, 0x3c, 0x84,
    0x14, 0x1, 0x50, 0x11, 0x80, 0x77, 0x0, 0x18,
    0x2, 0x60, 0x5, 0x0, 0x61, 0x50, 0x60, 0xe,
    0x60, 0x60, 0xc, 0xe0, 0xa, 0x0, 0xea, 0x0,
    0x28, 0x5, 0x40, 0x46, 0x1, 0xc6, 0x41, 0x20,
    0x2, 0x30, 0xa0, 0xf, 0xac, 0xc, 0x82, 0xc0,
    0xc, 0x1, 0xf3, 0x80, 0x28, 0x1c, 0x14, 0x40,
    0x3e, 0x15, 0x6, 0x51, 0xe, 0x0, 0xfe, 0x90,
    0x1b, 0x1, 0x40, 0xf, 0xe3, 0x20, 0x10, 0x60,
    0xf, 0xfa, 0x80, 0x2a, 0x0, 0xff, 0x98, 0x0,
    0x64, 0x1, 0xff, 0x28, 0x2, 0x40, 0x3f, 0xf8,
    0x1c, 0x0, 0x50, 0xf, 0xf8, 0x94, 0x18, 0x3,
    0xf8, 0x49, 0x3c, 0x1, 0x0, 0x1f, 0xdb, 0xab,
    0x20, 0x81, 0x0, 0xff, 0xe0, 0x1d, 0x38, 0x7,
    0xe0,

    /* U+007A "z" */
    0x7f, 0xff, 0xfa, 0x0, 0x3f, 0xf8, 0x2f, 0xdd,
    0xf9, 0x0, 0x1a, 0x2, 0x3f, 0x4a, 0x3, 0x28,
    0x7, 0xca, 0xe0, 0x92, 0x1, 0xf1, 0x50, 0x15,
    0x0, 0x7c, 0x3e, 0x0, 0xf1, 0x0, 0xfb, 0x48,
    0x2c, 0x80, 0x3e, 0x93, 0x8, 0x40, 0xf, 0x99,
    0x80, 0xae, 0x1, 0xf1, 0xc8, 0x1d, 0x0, 0x7c,
    0x3a, 0x3, 0xa0, 0x1f, 0xb4, 0x43, 0x44, 0x3,
    0xe9, 0x30, 0x83, 0x0, 0xfc, 0xa0, 0x8, 0xff,
    0xfd, 0x0, 0x1f, 0xfc, 0x10,

    /* U+007B "{" */
    0x0, 0xf2, 0xde, 0xff, 0x94, 0x3, 0x9e, 0x90,
    0x80, 0x3f, 0x48, 0xd, 0xff, 0x94, 0x3, 0x10,
    0x84, 0xa0, 0x7, 0xc2, 0x0, 0x30, 0xf, 0xfe,
    0x43, 0x80, 0x7f, 0xf5, 0xc4, 0x0, 0xe0, 0x1f,
    0xb0, 0x0, 0x40, 0x1e, 0x16, 0x60, 0x20, 0x80,
    0x67, 0xfe, 0x90, 0x5b, 0x0, 0xef, 0x0, 0xc6,
    0x1, 0xe8, 0xfe, 0x80, 0x6b, 0x0, 0xf8, 0x5d,
    0x81, 0x4, 0x3, 0xf6, 0x0, 0x8, 0x3, 0xf0,
    0x80, 0x1c, 0x3, 0xff, 0xc0, 0xe0, 0x1f, 0xf0,
    0x80, 0xc, 0x3, 0xf1, 0x8, 0x4a, 0x0, 0x7e,
    0x90, 0x1b, 0xff, 0x28, 0x7, 0x3d, 0x20, 0x80,
    0x40,

    /* U+007C "|" */
    0x7f, 0xe0, 0xf, 0xff, 0xf8, 0x7, 0x91, 0xe4,

    /* U+007D "}" */
    0x8f, 0xf6, 0xd1, 0x80, 0x7f, 0x12, 0xe2, 0x0,
    0x74, 0x7f, 0x50, 0x3, 0xc0, 0x3e, 0x15, 0x50,
    0x28, 0x7, 0xf1, 0x0, 0x80, 0x7f, 0x78, 0x7,
    0xff, 0x8c, 0x40, 0x4, 0x1, 0xf8, 0x80, 0x8,
    0x1, 0xf9, 0x4, 0x21, 0x40, 0x3f, 0x62, 0xd,
    0x7f, 0x90, 0x3, 0x8c, 0x40, 0x30, 0x80, 0x76,
    0x28, 0xd7, 0x7a, 0x80, 0x64, 0x20, 0x85, 0x10,
    0xf, 0x10, 0x1, 0x0, 0x3f, 0x8, 0x0, 0x80,
    0x3f, 0xfc, 0x1e, 0x1, 0xff, 0x10, 0x8, 0x7,
    0xc2, 0xaa, 0x5, 0x0, 0xe8, 0xfe, 0xa0, 0x7,
    0x80, 0x7e, 0x25, 0xc4, 0x0, 0xe0,

    /* U+007E "~" */
    0x0, 0xc2, 0x68, 0x40, 0x1f, 0xe3, 0x0, 0x1d,
    0xf6, 0x5e, 0xe9, 0xc4, 0x3, 0x8f, 0x2c, 0x23,
    0x10, 0x3, 0x14, 0x75, 0xba, 0xb5, 0xe1, 0xf8,
    0x38, 0x36, 0x7f, 0x5a, 0x80, 0x12, 0x2a, 0x50,
    0x19, 0xc0, 0xb6, 0x4c, 0x5, 0x2b, 0xe5, 0x4,
    0x9, 0xb6, 0x40, 0x18, 0x40, 0x1f, 0x35, 0xf7,
    0xec, 0x90, 0x0,

    /* U+00A0 " " */

    /* U+00A1 "¡" */
    0xcf, 0xf0, 0x7, 0xa9, 0xdc, 0xd1, 0x0, 0xc,
    0x22, 0x8e, 0xd1, 0x1, 0x30, 0x0, 0x81, 0xb8,
    0x8, 0x7, 0xff, 0x3c,

    /* U+00A2 "¢" */
    0x0, 0xfa, 0xa4, 0x3, 0xfe, 0x13, 0x0, 0xff,
    0xeb, 0x25, 0x72, 0x2f, 0x63, 0x88, 0x0, 0x6e,
    0xca, 0x20, 0x1, 0x38, 0x60, 0x6, 0x20, 0x1d,
    0x1a, 0x64, 0x10, 0x2, 0x48, 0x1b, 0x15, 0xc4,
    0xdf, 0x58, 0x58, 0xa, 0x40, 0x3e, 0x14, 0x0,
    0x58, 0x7, 0xf6, 0x80, 0x10, 0x3, 0xf8, 0x40,
    0x4, 0x1, 0xff, 0xca, 0x10, 0x1, 0x0, 0x7f,
    0x68, 0x1, 0xc0, 0x3f, 0x90, 0x1, 0xc0, 0x1f,
    0xc2, 0xa0, 0x8c, 0x1, 0xfd, 0x62, 0x13, 0x22,
    0x0, 0xa, 0x53, 0x80, 0xe1, 0x3, 0x6a, 0x2f,
    0x5a, 0x80, 0x45, 0xb0, 0x40, 0x18, 0x59, 0x40,
    0x33, 0xef, 0x9a, 0x77, 0x24, 0x80, 0x3e, 0x71,
    0x10, 0x7, 0xff, 0x62, 0xac, 0x3, 0x0,

    /* U+00A3 "£" */
    0x0, 0xf1, 0x4e, 0xff, 0xb6, 0x54, 0x3, 0xcb,
    0xac, 0x40, 0x2, 0x6a, 0x10, 0xc, 0x54, 0x0,
    0x6b, 0xca, 0x50, 0xf, 0x50, 0x2, 0x64, 0x86,
    0xb5, 0xc2, 0x1, 0x90, 0x0, 0xc0, 0x1c, 0x20,
    0x1c, 0x60, 0x60, 0x1f, 0xfc, 0x27, 0x0, 0xff,
    0xf5, 0x5f, 0xf8, 0x0, 0x9f, 0xfc, 0x20, 0x1f,
    0xfc, 0x6b, 0xff, 0x0, 0x13, 0xff, 0x84, 0x3,
    0xff, 0xfe, 0x0, 0x16, 0x68, 0x0, 0xcd, 0xf8,
    0x89, 0x33, 0x0, 0xa, 0x67, 0xe7, 0x0, 0xff,
    0xe1, 0x80,

    /* U+00A4 "¤" */
    0x6, 0x30, 0xf, 0xf2, 0xb0, 0x2c, 0xe1, 0x80,
    0x7e, 0x5a, 0x94, 0x41, 0x6, 0x1b, 0x67, 0xf5,
    0xaa, 0xa8, 0xd, 0x7, 0x4, 0x32, 0x4c, 0x5,
    0x2a, 0x80, 0x78, 0x0, 0x1c, 0x0, 0x9f, 0x2d,
    0x80, 0x3, 0x80, 0x19, 0x80, 0x19, 0x6, 0x93,
    0x40, 0x26, 0x1, 0xb8, 0x1c, 0xc0, 0x32, 0xa0,
    0x58, 0x6, 0x70, 0xc0, 0xf, 0x68, 0x10, 0x7,
    0xff, 0x4, 0x40, 0x40, 0x33, 0x86, 0x0, 0x7b,
    0x0, 0xc0, 0x37, 0x3, 0x98, 0x6, 0x54, 0xa,
    0x0, 0xcc, 0x0, 0xc8, 0x34, 0x9a, 0x1, 0x20,
    0x8, 0x70, 0x2, 0x7c, 0xb6, 0x0, 0xe, 0x0,
    0x7, 0x4, 0x59, 0x46, 0x20, 0x97, 0x60, 0x3c,
    0x7, 0x20, 0xd3, 0x5c, 0xef, 0xb4, 0x45, 0x81,
    0x99, 0xa3, 0xc, 0x3, 0xf2, 0x55, 0x98,

    /* U+00A5 "¥" */
    0x9f, 0xe0, 0xf, 0xe3, 0xff, 0x34, 0x0, 0xc0,
    0x7, 0xe8, 0x2, 0x61, 0x60, 0x71, 0x0, 0xf1,
    0xa0, 0x40, 0x2, 0x0, 0x12, 0x1, 0xef, 0x2,
    0x50, 0x0, 0xb8, 0x38, 0x80, 0x64, 0x30, 0x90,
    0xd, 0x20, 0x8, 0x0, 0xd0, 0x6, 0x80, 0x18,
    0x60, 0x18, 0x80, 0xa, 0x61, 0x0, 0x1e, 0x71,
    0x8, 0x0, 0x40, 0x22, 0x0, 0x21, 0xbb, 0x80,
    0xa, 0x6c, 0x40, 0xd7, 0x6a, 0x3, 0x44, 0x84,
    0x1, 0x16, 0x0, 0x24, 0x48, 0xb, 0xff, 0x50,
    0x21, 0x6, 0xff, 0xdc, 0x1, 0xe5, 0x20, 0x2,
    0x90, 0x7, 0xfd, 0x40, 0xe, 0x0, 0xf1, 0x7f,
    0xf4, 0x0, 0x2f, 0xff, 0x70, 0x1a, 0x27, 0x10,
    0x0, 0xd1, 0x38, 0x6, 0xef, 0xa8, 0x1, 0x17,
    0x7a, 0x80, 0x3f, 0xff, 0xe0, 0x1e,

    /* U+00A6 "¦" */
    0x7f, 0xe0, 0xf, 0xfe, 0x79, 0xb3, 0x12, 0x60,
    0x3, 0xc7, 0x2e, 0x8d, 0x20, 0x1f, 0xfc, 0xf0,

    /* U+00A7 "§" */
    0x0, 0x9f, 0x3f, 0xdb, 0x6c, 0x20, 0x16, 0x41,
    0x80, 0x9, 0x25, 0x0, 0x10, 0x60, 0xdb, 0xfd,
    0x28, 0x1, 0x20, 0x14, 0x90, 0xb, 0x5a, 0x80,
    0x61, 0x0, 0xfe, 0x40, 0x37, 0x0, 0xfd, 0x24,
    0x11, 0x42, 0x1, 0xe1, 0x70, 0x2, 0xfb, 0x0,
    0x76, 0x29, 0xc8, 0x8a, 0x70, 0x80, 0xc, 0x65,
    0x8d, 0xce, 0x7, 0xa8, 0x18, 0xa, 0x1, 0x46,
    0x8, 0x58, 0x80, 0x8, 0x3, 0x1e, 0x0, 0x27,
    0x41, 0x50, 0x3, 0x13, 0x1, 0x38, 0x85, 0xb8,
    0x7, 0x8c, 0x30, 0xc2, 0x30, 0xc0, 0x98, 0x28,
    0xb, 0x1c, 0xf, 0x2b, 0x2, 0xc, 0x2, 0x8d,
    0x40, 0x51, 0x87, 0x0, 0xe2, 0xb9, 0x0, 0x41,
    0x0, 0x7c, 0xd6, 0x0, 0xb0, 0xf, 0xc8, 0x60,
    0xa0, 0x1f, 0xc2, 0xe, 0x0, 0x99, 0x20, 0x81,
    0x51, 0x6, 0x80, 0xd, 0xaf, 0xbf, 0x54, 0x11,
    0x80, 0x11, 0x3, 0x10, 0x1, 0xcd, 0x80, 0x0,

    /* U+00A8 "¨" */
    0xd, 0xd4, 0x80, 0x27, 0x74, 0x2, 0x45, 0x0,
    0x8, 0xa1, 0x0, 0xff, 0x0,

    /* U+00A9 "©" */
    0x0, 0xff, 0x8, 0x80, 0x3f, 0xf8, 0x82, 0xf9,
    0xfd, 0xcf, 0xc7, 0x10, 0xf, 0xf9, 0xfa, 0x1e,
    0x2a, 0x90, 0xf1, 0xce, 0x1, 0xfd, 0x50, 0xdd,
    0x6e, 0xaa, 0x7b, 0xe6, 0x8a, 0x0, 0xfa, 0x96,
    0xa4, 0x40, 0x3c, 0x33, 0x4b, 0x40, 0x1c, 0xeb,
    0x4a, 0x2, 0xf9, 0xfe, 0xeb, 0x60, 0x5b, 0x57,
    0x0, 0x86, 0x19, 0x40, 0xfe, 0xc, 0xca, 0x4b,
    0x22, 0x8, 0xd0, 0x20, 0x6, 0x8, 0x1, 0xd1,
    0x5e, 0xca, 0xce, 0xb1, 0x0, 0x40, 0x30, 0x2,
    0xd4, 0x42, 0x4, 0xe8, 0x40, 0x32, 0x0, 0x42,
    0xb6, 0x0, 0x3c, 0x0, 0x38, 0x50, 0x7, 0xfd,
    0x86, 0x2, 0x4, 0x0, 0x10, 0x50, 0xf, 0xf8,
    0xc0, 0x40, 0x3f, 0xf8, 0xe2, 0x0, 0x10, 0x10,
    0x0, 0x82, 0x80, 0x7f, 0xc4, 0x2, 0x5, 0x80,
    0x7, 0xa, 0x0, 0xff, 0xbc, 0x80, 0xa, 0xe0,
    0x8, 0x13, 0xa1, 0x0, 0xc8, 0x1, 0x9d, 0x40,
    0x14, 0x2e, 0x3, 0xa2, 0xbd, 0x95, 0x9d, 0x62,
    0x0, 0x71, 0xa0, 0x1, 0x34, 0x18, 0x1f, 0xc1,
    0x99, 0x49, 0x64, 0x40, 0xe1, 0x88, 0x2, 0x93,
    0xd3, 0x1, 0x7c, 0xff, 0x75, 0xb0, 0x1e, 0x9c,
    0x80, 0x76, 0x96, 0x30, 0x7, 0xe6, 0xc2, 0xd0,
    0xf, 0xe, 0x2c, 0xec, 0x21, 0x11, 0x23, 0x65,
    0x70, 0x40, 0x3f, 0x56, 0x3b, 0xaf, 0x75, 0x6e,
    0xec, 0xa0, 0xf, 0xf8, 0xeb, 0xf6, 0xed, 0xbf,
    0x46, 0x1, 0xe0,

    /* U+00AA "ª" */
    0x3, 0x8c, 0xef, 0xea, 0x20, 0xa, 0x9c, 0x51,
    0x4d, 0x74, 0xc0, 0x1f, 0x9b, 0x54, 0xd6, 0xf,
    0x0, 0x31, 0x80, 0x69, 0x3, 0x10, 0xf, 0xc6,
    0x4, 0x0, 0x6b, 0xef, 0xf8, 0xc1, 0xc2, 0xa5,
    0x15, 0x9a, 0x10, 0x1, 0xa8, 0xf5, 0xcc, 0xc6,
    0x0, 0x50, 0x41, 0x0, 0x84, 0x80, 0x4, 0x8,
    0x20, 0x1, 0xa0, 0x9, 0x8, 0x7a, 0xed, 0xec,
    0x40, 0x16, 0x31, 0x22, 0xbe, 0x2a, 0x38, 0xc,
    0xef, 0xf4, 0x8c, 0x59, 0x8d, 0xdf, 0xf1, 0x82,
    0x27, 0xf3, 0x0,

    /* U+00AB "«" */
    0x0, 0xf2, 0x0, 0x72, 0x0, 0x76, 0x68, 0x4,
    0x39, 0x80, 0x8, 0x74, 0xc0, 0x22, 0xc3, 0xf0,
    0x1, 0x61, 0x1c, 0x1, 0x61, 0x1b, 0x1, 0xe1,
    0x26, 0x9, 0xe8, 0xa6, 0xa, 0x60, 0xad, 0x82,
    0xe0, 0x35, 0x80, 0x24, 0x12, 0x80, 0x16, 0xb,
    0x20, 0x15, 0x2, 0x30, 0x1, 0x81, 0x54, 0x1,
    0x3c, 0x84, 0xc0, 0x44, 0x2, 0x9c, 0x2, 0x6a,
    0x7, 0x90, 0x79, 0x8, 0x80, 0x4, 0xb6, 0xc,
    0xe0, 0xd4, 0xe, 0xc0, 0x12, 0x60, 0xf0, 0x1,
    0x70, 0x38, 0x3, 0x1e, 0x70, 0x4, 0x7b, 0xc0,
    0x1c, 0x4e, 0x1, 0x89, 0x80,

    /* U+00AC "¬" */
    0x5, 0x5f, 0xfe, 0x29, 0x5, 0x57, 0xff, 0x18,
    0x3, 0xff, 0x91, 0xff, 0xff, 0xc3, 0x30, 0xf,
    0xff, 0xf8, 0x7, 0xff, 0x1e, 0x9f, 0x0,

    /* U+00AD "­" */
    0x24, 0x4f, 0x1c, 0x5d, 0xfa, 0x0, 0x3f, 0x0,

    /* U+00AE "®" */
    0x0, 0xff, 0x8, 0x80, 0x3f, 0xf8, 0x82, 0xf9,
    0xfd, 0xcf, 0xc7, 0x10, 0xf, 0xf9, 0xfa, 0x1e,
    0x2a, 0x90, 0xf1, 0xce, 0x1, 0xfd, 0x50, 0xdd,
    0x6e, 0xaa, 0x7b, 0xe6, 0x8a, 0x0, 0xfa, 0x96,
    0xa4, 0xc8, 0x82, 0x20, 0x0, 0xcd, 0x2d, 0x0,
    0x73, 0xad, 0x29, 0x6e, 0xdd, 0xcf, 0xb3, 0x5,
    0xb5, 0x70, 0x8, 0x61, 0x94, 0x3, 0x55, 0x25,
    0x53, 0x8, 0x11, 0xa0, 0x40, 0xc, 0x10, 0x1,
    0xca, 0xa6, 0xa3, 0x5, 0x0, 0x40, 0x30, 0x2,
    0xd4, 0x40, 0x3f, 0x9c, 0x3, 0xa, 0xd8, 0x0,
    0xf0, 0x3, 0xc2, 0x22, 0x74, 0x5, 0x0, 0xb0,
    0xc0, 0x40, 0x80, 0x3d, 0xdc, 0xd8, 0x4c, 0x20,
    0x8, 0xc0, 0x40, 0x3f, 0xae, 0x44, 0x34, 0xc0,
    0x30, 0x80, 0x4, 0x4, 0x3, 0xc8, 0xda, 0x12,
    0x60, 0x18, 0x80, 0x40, 0xb0, 0x3, 0xf1, 0xb0,
    0x78, 0x6, 0xf2, 0x0, 0x2b, 0x80, 0x7f, 0x40,
    0x9b, 0x0, 0x4e, 0xa0, 0xa, 0x17, 0x0, 0xfc,
    0x30, 0x10, 0x0, 0x71, 0xa0, 0x1, 0x34, 0x18,
    0x1c, 0x48, 0x6, 0x69, 0x91, 0x1c, 0x31, 0x0,
    0x52, 0x7a, 0x62, 0xec, 0x1, 0xcc, 0xe3, 0xa7,
    0x20, 0x1d, 0xa5, 0x8c, 0x1, 0xf9, 0xb0, 0xb4,
    0x3, 0xc3, 0x8b, 0x3b, 0x8, 0x44, 0x48, 0xd9,
    0x5c, 0x10, 0xf, 0xd5, 0x8e, 0xeb, 0xdd, 0x5b,
    0xbb, 0x28, 0x3, 0xfe, 0x3a, 0xfd, 0xbb, 0x6f,
    0xd1, 0x80, 0x78,

    /* U+00AF "¯" */
    0x1, 0x1f, 0xc0, 0x3d, 0xdf, 0x84, 0x3, 0xfc,

    /* U+00B0 "°" */
    0x0, 0xc, 0x5d, 0x9c, 0x40, 0x22, 0xf7, 0x44,
    0x47, 0x90, 0x3, 0x85, 0xfb, 0x8e, 0x3c, 0x4,
    0x69, 0x2, 0x28, 0x43, 0x26, 0xc, 0x0, 0xd8,
    0xc, 0xe1, 0xc0, 0x1b, 0x81, 0xcc, 0x59, 0x0,
    0x8, 0xc2, 0x61, 0x61, 0x7b, 0xab, 0xa, 0x0,
    0x2d, 0xa1, 0x11, 0x31, 0x0,

    /* U+00B1 "±" */
    0x0, 0xfc, 0xdf, 0xc0, 0x1f, 0xff, 0xf0, 0xf,
    0xf3, 0x37, 0xd8, 0x0, 0x66, 0xf8, 0xc2, 0x67,
    0xe5, 0x1, 0x99, 0xfa, 0xc0, 0x3f, 0xf9, 0x1f,
    0xff, 0x48, 0xf, 0xff, 0xd0, 0x1, 0xff, 0xff,
    0x0, 0xfe, 0x7d, 0xc0, 0xf, 0xfe, 0x20, 0x91,
    0x0, 0x3f, 0x99, 0xbf, 0xf8, 0xa6, 0x13, 0x3f,
    0xfc, 0x5b, 0x0, 0xff, 0xe3, 0x80,

    /* U+00B2 "²" */
    0x38, 0xce, 0xe6, 0x30, 0x2, 0x5d, 0xcc, 0xe7,
    0x36, 0x13, 0xd7, 0x13, 0xa0, 0x86, 0x61, 0x0,
    0x89, 0x1, 0x80, 0x38, 0x50, 0x10, 0x3, 0xa8,
    0x20, 0x40, 0x34, 0xa2, 0x1c, 0x3, 0x4b, 0x1d,
    0x80, 0x69, 0x63, 0xc0, 0xd, 0x4c, 0xb8, 0x1,
    0xa5, 0x40, 0xe6, 0x72, 0x10, 0x1, 0x9b, 0x8c,

    /* U+00B3 "³" */
    0x2a, 0xdf, 0xf6, 0xc8, 0x83, 0x3b, 0xcc, 0xd,
    0xe2, 0x9b, 0x51, 0x3a, 0x62, 0xc0, 0x1e, 0x60,
    0x10, 0x8, 0x8d, 0xd4, 0x9c, 0x0, 0xfb, 0x90,
    0x78, 0x20, 0x5, 0xa9, 0x53, 0xc1, 0x0, 0x12,
    0xb5, 0x31, 0x40, 0x7, 0xb0, 0x14, 0x40, 0x3b,
    0x81, 0x6f, 0x26, 0x27, 0x50, 0x6f, 0xdd, 0xe6,
    0x6, 0xf2,

    /* U+00B4 "´" */
    0x0, 0x8a, 0x20, 0x60, 0x17, 0x3a, 0x18, 0x1,
    0xcc, 0x74, 0x0, 0x70, 0x1a, 0x20, 0xe, 0x9,
    0x30, 0x4, 0x93, 0x30, 0x2,

    /* U+00B5 "µ" */
    0xaf, 0xe0, 0xf, 0x97, 0xfc, 0x60, 0x1f, 0xff,
    0xf0, 0xf, 0xff, 0xe8, 0x80, 0x7c, 0x40, 0x1f,
    0x8c, 0x3, 0xd8, 0x1, 0xfa, 0x0, 0x39, 0x10,
    0x1, 0xf9, 0x31, 0x51, 0x66, 0xc0, 0x29, 0x51,
    0x0, 0xb, 0x1d, 0x5d, 0x30, 0x58, 0x82, 0xd1,
    0x80, 0x53, 0x4, 0x2, 0x98, 0x94, 0x22, 0x52,
    0x0, 0xcf, 0xbf, 0xd6, 0x60, 0x9d, 0xca, 0x0,
    0xff, 0xff, 0x80, 0x78,

    /* U+00B6 "¶" */
    0x0, 0x96, 0xfb, 0xff, 0xd8, 0x3, 0x94, 0x82,
    0x0, 0x34, 0x40, 0x5, 0xa6, 0x1, 0xd1, 0x72,
    0x0, 0x53, 0x0, 0xff, 0xbc, 0x3, 0xff, 0x80,
    0xc0, 0x1f, 0xfc, 0xd6, 0x0, 0xff, 0xe0, 0x70,
    0x7, 0xff, 0x1, 0x14, 0x3, 0xff, 0x81, 0x4c,
    0x1, 0xff, 0xc0, 0x9d, 0x74, 0x0, 0xff, 0x14,
    0x5a, 0x0, 0x7f, 0xff, 0xc0, 0x3f, 0xfe, 0xf8,
    0x8c, 0x6, 0x88,

    /* U+00B7 "·" */
    0x88, 0x3b, 0xd2, 0x1, 0xe0,

    /* U+00B8 "¸" */
    0x0, 0x8a, 0x8, 0x3, 0x12, 0xf8, 0x7, 0x59,
    0x30, 0x6, 0x10, 0xf0, 0xfc, 0xc4, 0x7, 0x81,
    0x9c, 0x50, 0xc0,

    /* U+00B9 "¹" */
    0x8, 0xbe, 0xfe, 0x0, 0x89, 0xd4, 0x80, 0x38,
    0xb7, 0xb4, 0x3, 0xc4, 0x1, 0xff, 0xf2, 0x68,
    0x90, 0x18, 0x82, 0x85, 0xbb, 0x80, 0xe, 0xee,

    /* U+00BA "º" */
    0x0, 0xc, 0xf7, 0xf5, 0x18, 0x4, 0x7e, 0xc6,
    0xca, 0xac, 0x50, 0x7, 0xb, 0x6c, 0xdc, 0x85,
    0xa, 0x10, 0xc8, 0x4, 0xc6, 0xd, 0x80, 0x80,
    0x1d, 0x41, 0x84, 0x4, 0x1, 0xc6, 0xc, 0x1,
    0xf8, 0x40, 0x4, 0x4, 0x1, 0xc4, 0xd, 0x80,
    0x80, 0x1d, 0x41, 0x88, 0x43, 0x20, 0x13, 0x18,
    0x30, 0x70, 0xb6, 0xd6, 0x48, 0x50, 0x81, 0xfb,
    0x1a, 0x92, 0xe2, 0x80, 0x43, 0x3d, 0xfd, 0x46,
    0x0, 0x1b, 0xbf, 0xe3, 0x4, 0x4f, 0xe6,

    /* U+00BB "»" */
    0x31, 0x0, 0xc6, 0x20, 0x1c, 0xde, 0x40, 0x12,
    0xe0, 0x80, 0x70, 0xe1, 0x80, 0x45, 0xe4, 0x1,
    0x2a, 0x87, 0x10, 0x19, 0x7, 0xc, 0x2, 0xa6,
    0xb, 0x50, 0xb5, 0x1c, 0x40, 0xa, 0x5c, 0x29,
    0x82, 0x9c, 0x2d, 0x80, 0x28, 0x70, 0x90, 0x4,
    0x30, 0x48, 0x4, 0x8e, 0xa, 0x0, 0x46, 0x5,
    0x0, 0x2d, 0x83, 0x50, 0x35, 0x83, 0xd0, 0x35,
    0x3, 0xc8, 0x3c, 0x84, 0x40, 0x12, 0x42, 0x60,
    0x16, 0x2, 0x5c, 0x0, 0x21, 0x4c, 0x0, 0x30,
    0xb6, 0x0, 0x86, 0xd4, 0x2, 0x3c, 0x40, 0xc,
    0x88, 0x0, 0xca, 0x60, 0x1c,

    /* U+00BC "¼" */
    0x1, 0x36, 0x77, 0x0, 0x7f, 0xc5, 0xe, 0x1,
    0xe1, 0xec, 0x98, 0x90, 0xf, 0xfa, 0x5c, 0x3,
    0xf3, 0x4d, 0x80, 0x7f, 0xf0, 0x15, 0x9, 0xc0,
    0x3c, 0x32, 0xca, 0x1, 0xff, 0xc0, 0xb0, 0x90,
    0xf, 0xfe, 0x54, 0xa, 0xa0, 0x7, 0xff, 0x24,
    0x9c, 0x2c, 0x3, 0xff, 0x95, 0x21, 0x2, 0x1,
    0xff, 0xc9, 0x44, 0x13, 0x80, 0x7f, 0xf2, 0xa4,
    0x24, 0x3, 0xff, 0x94, 0xe4, 0x88, 0x0, 0xff,
    0xe4, 0x8c, 0x4, 0x80, 0x72, 0x7f, 0x98, 0x2,
    0xdf, 0xe0, 0x1f, 0xf5, 0x80, 0x2c, 0x1c, 0x80,
    0x30, 0xd0, 0x7, 0xa9, 0xdf, 0xdc, 0x8, 0xa3,
    0x0, 0x1d, 0x40, 0xa0, 0x1c, 0xf1, 0x1e, 0x50,
    0x90, 0xb0, 0xe, 0x64, 0xd3, 0x0, 0xff, 0xe0,
    0xb9, 0x22, 0x80, 0x63, 0x98, 0x30, 0xf, 0xfe,
    0x8, 0xc0, 0x48, 0x7, 0x72, 0x38, 0x7, 0xff,
    0xa, 0xc1, 0xc8, 0x3, 0x51, 0xd0, 0x7, 0xff,
    0x8, 0xd4, 0x60, 0x3, 0x1a, 0xaa, 0x62, 0xa,
    0x1b, 0x2, 0x1, 0xf7, 0x5, 0x80, 0x7c, 0x8e,
    0xf1, 0x82, 0x39, 0x0, 0x79, 0x88, 0xd4, 0x3,
    0x8f, 0xff, 0x98, 0x27, 0xcc, 0x3, 0x86, 0x3,
    0x80, 0x3f, 0xf9, 0x50, 0x2c, 0x40, 0x1f, 0xfc,
    0xc, 0x65, 0x0, 0x0,

    /* U+00BD "½" */
    0x8, 0xbe, 0xfe, 0x0, 0xff, 0x9f, 0xec, 0x3,
    0x89, 0xd9, 0x40, 0x3f, 0xf8, 0x3, 0x1, 0x20,
    0x1c, 0x5f, 0xb4, 0x1, 0xff, 0xc0, 0xb0, 0x72,
    0x0, 0xff, 0xe4, 0x1a, 0x8c, 0x0, 0x7f, 0xf2,
    0x78, 0x2c, 0x3, 0xff, 0x92, 0xc4, 0x6a, 0x1,
    0xff, 0xc8, 0x18, 0xf, 0x0, 0xff, 0xe4, 0xc0,
    0xb1, 0x80, 0x7f, 0xf2, 0xd, 0x86, 0x0, 0x3f,
    0xf9, 0x3e, 0x10, 0x29, 0x3b, 0xfd, 0x8a, 0x1,
    0x6f, 0xf0, 0xf, 0xfa, 0xc0, 0xc, 0x66, 0x60,
    0xf6, 0x63, 0xa1, 0xd5, 0x0, 0x14, 0xef, 0xee,
    0x0, 0x40, 0x78, 0x2, 0x3e, 0xe2, 0xb0, 0x14,
    0x81, 0xe2, 0x3c, 0xa1, 0x22, 0xc6, 0x0, 0x30,
    0xc, 0x64, 0x2, 0x1, 0xfc, 0x4c, 0x10, 0x1,
    0xf8, 0x88, 0x26, 0x1, 0xfd, 0xc1, 0x22, 0x1,
    0xfb, 0x82, 0x0, 0x3f, 0x94, 0xc9, 0x80, 0x3f,
    0x51, 0xb3, 0x0, 0x3f, 0xac, 0x38, 0x3, 0xf5,
    0x2a, 0xa4, 0x3, 0xfa, 0x5, 0x4c, 0x3, 0xea,
    0x55, 0x50, 0x7, 0xf1, 0x38, 0x58, 0x7, 0xd6,
    0xad, 0x40, 0x1f, 0xe9, 0x8, 0x10, 0xf, 0x5a,
    0x8, 0x4c, 0xe3, 0x0, 0xe5, 0x42, 0x70, 0xf,
    0x98, 0x5, 0x9b, 0xc0, 0x1c, 0x6f, 0xc0, 0x1f,
    0xb7, 0xff, 0xe5,

    /* U+00BE "¾" */
    0x2, 0x57, 0x72, 0x88, 0x7, 0xf8, 0xa1, 0xc0,
    0x3c, 0x9b, 0x51, 0xa, 0xe8, 0x0, 0xfe, 0xe7,
    0x10, 0xf, 0x34, 0xef, 0xf5, 0x3, 0xa0, 0x7,
    0xca, 0x64, 0xc0, 0x1e, 0x26, 0x20, 0x15, 0x60,
    0x30, 0xf, 0xac, 0x38, 0x3, 0xff, 0x82, 0xa0,
    0x60, 0x1e, 0x81, 0x53, 0x0, 0xfe, 0x38, 0x9d,
    0x29, 0x40, 0xe, 0x27, 0xb, 0x0, 0xff, 0x23,
    0xb1, 0x18, 0x7, 0xd2, 0x10, 0x20, 0x1f, 0xe7,
    0xfe, 0xa3, 0x96, 0x0, 0xca, 0x84, 0xe0, 0x1f,
    0xfc, 0x11, 0x58, 0xd, 0x0, 0xd0, 0x12, 0x1,
    0xff, 0xca, 0x82, 0x44, 0x0, 0x7f, 0x99, 0x4,
    0x5, 0xa4, 0x34, 0x0, 0x4e, 0x12, 0x1, 0xc7,
    0xfe, 0x60, 0x6, 0x5f, 0x7f, 0x48, 0x3b, 0x0,
    0x20, 0x1c, 0x80, 0x30, 0xe8, 0x7, 0x56, 0x4c,
    0x42, 0xba, 0x0, 0x8, 0xa5, 0x0, 0x1d, 0x44,
    0xc0, 0x1c, 0x6c, 0xee, 0x51, 0x0, 0xa4, 0x20,
    0x3, 0x99, 0x38, 0x3, 0xff, 0x84, 0xe4, 0x8a,
    0x1, 0x8e, 0x68, 0x80, 0x3f, 0xf8, 0x23, 0x1,
    0x20, 0x1d, 0xca, 0xa0, 0xf, 0xfe, 0x15, 0x83,
    0x90, 0x6, 0xa0, 0xa0, 0xf, 0xfe, 0x11, 0xa8,
    0xc0, 0x6, 0x35, 0x68, 0x89, 0x43, 0x60, 0x40,
    0x3e, 0xe0, 0xb0, 0xf, 0x91, 0xde, 0x30, 0x47,
    0x20, 0xf, 0x31, 0x1a, 0x80, 0x71, 0xff, 0xf3,
    0x4, 0xf9, 0x80, 0x70, 0xc0, 0x70, 0x7, 0xff,
    0x2a, 0x5, 0x88, 0x3, 0xff, 0x81, 0x8c, 0xa0,
    0x0,

    /* U+00BF "¿" */
    0x0, 0xe4, 0xff, 0x40, 0x7, 0xff, 0x51, 0x9d,
    0xd8, 0x1, 0xf8, 0xa2, 0x8, 0x1, 0xfc, 0x88,
    0x20, 0xf, 0xc5, 0x76, 0x50, 0xf, 0xfe, 0x40,
    0x80, 0x4, 0x3, 0xf2, 0x80, 0x8, 0x3, 0xe1,
    0x80, 0x14, 0x0, 0xfb, 0x44, 0x20, 0x3, 0xec,
    0x30, 0x66, 0x0, 0x7a, 0x8c, 0x16, 0x40, 0x3c,
    0xaa, 0x4, 0xa0, 0xf, 0xa4, 0x1, 0x40, 0x1f,
    0x8c, 0xc, 0x40, 0x3f, 0xc2, 0x1, 0xf0, 0x81,
    0x81, 0x28, 0x7, 0x36, 0x84, 0x80, 0x2a, 0x55,
    0x51, 0xd2, 0x20, 0xae, 0x0, 0x6a, 0xa3, 0x88,
    0x28, 0x2, 0x2d, 0x4, 0x4, 0xdf, 0x60,

    /* U+00C0 "À" */
    0x0, 0xf2, 0x43, 0x80, 0x7f, 0xf1, 0x11, 0x62,
    0x0, 0x1f, 0xfc, 0x4c, 0x27, 0x50, 0xf, 0xfe,
    0x18, 0xf8, 0xd1, 0x0, 0x7f, 0xf0, 0xcb, 0xbc,
    0x80, 0x3f, 0xfa, 0xa5, 0xff, 0x28, 0x7, 0xff,
    0xa, 0x80, 0x2e, 0x0, 0xff, 0xe1, 0x30, 0x4,
    0x82, 0x1, 0xff, 0xc0, 0x41, 0x9, 0x0, 0x38,
    0x7, 0xff, 0x3, 0x80, 0x58, 0xc2, 0x80, 0x3f,
    0xf8, 0xa, 0xc, 0x14, 0x6, 0x40, 0x1f, 0xe6,
    0x0, 0x50, 0x30, 0x2, 0x80, 0x3f, 0xd4, 0x4,
    0x40, 0x2, 0x83, 0x0, 0x7f, 0x11, 0x85, 0x0,
    0x5c, 0x2, 0x80, 0x1f, 0xa8, 0x0, 0xc0, 0x12,
    0x8, 0x70, 0x7, 0xe6, 0x4, 0x10, 0xc, 0xe0,
    0xa2, 0x1, 0xe4, 0x10, 0xe0, 0xe, 0xa0, 0x3,
    0x80, 0x7b, 0x80, 0xa, 0x1, 0xc6, 0x41, 0x40,
    0x1e, 0x50, 0x7, 0xff, 0xc4, 0x6, 0x40, 0x19,
    0x40, 0x3f, 0xf8, 0x34, 0x1, 0xb8, 0x6, 0xab,
    0xf8, 0xc1, 0x80, 0x21, 0x40, 0x75, 0x5f, 0xea,
    0x1, 0x40, 0x3, 0x0, 0x34, 0x3, 0xf9, 0xc0,
    0x1a, 0x0, 0xa0, 0x14, 0x0, 0xfe, 0x13, 0x6,
    0x3, 0x20, 0x70, 0xf, 0xfa, 0xc0, 0xb, 0x40,
    0xd, 0x0, 0xff, 0x98, 0x1, 0xc0,

    /* U+00C1 "Á" */
    0x0, 0xff, 0x34, 0x28, 0x7, 0xff, 0xd, 0xe5,
    0x50, 0x3, 0xff, 0x84, 0x70, 0x3e, 0x20, 0x1f,
    0xfc, 0x11, 0xd0, 0xd2, 0x0, 0xff, 0xe1, 0xf,
    0x79, 0x80, 0x7f, 0xf5, 0x8b, 0xfe, 0x50, 0xf,
    0xfe, 0x15, 0x0, 0x5c, 0x1, 0xff, 0xc2, 0x60,
    0x9, 0x4, 0x3, 0xff, 0x80, 0x82, 0x12, 0x0,
    0x70, 0xf, 0xfe, 0x7, 0x0, 0xb1, 0x85, 0x0,
    0x7f, 0xf0, 0x14, 0x18, 0x28, 0xc, 0x80, 0x3f,
    0xcc, 0x0, 0xa0, 0x60, 0x5, 0x0, 0x7f, 0xa8,
    0x8, 0x80, 0x5, 0x6, 0x0, 0xfe, 0x23, 0xa,
    0x0, 0xb8, 0x5, 0x0, 0x3f, 0x50, 0x1, 0x80,
    0x24, 0x10, 0xe0, 0xf, 0xcc, 0x8, 0x20, 0x19,
    0xc1, 0x44, 0x3, 0xc8, 0x21, 0xc0, 0x1d, 0x40,
    0x7, 0x0, 0xf7, 0x0, 0x14, 0x3, 0x8c, 0x82,
    0x80, 0x3c, 0xa0, 0xf, 0xff, 0x88, 0xc, 0x80,
    0x32, 0x80, 0x7f, 0xf0, 0x68, 0x3, 0x70, 0xd,
    0x57, 0xf1, 0x83, 0x0, 0x42, 0x80, 0xea, 0xbf,
    0xd4, 0x2, 0x80, 0x6, 0x0, 0x68, 0x7, 0xf3,
    0x80, 0x34, 0x1, 0x40, 0x28, 0x1, 0xfc, 0x26,
    0xc, 0x6, 0x40, 0xe0, 0x1f, 0xf5, 0x80, 0x16,
    0x80, 0x1a, 0x1, 0xff, 0x30, 0x3, 0x80,

    /* U+00C2 "Â" */
    0x0, 0xfc, 0xf0, 0xe0, 0x1f, 0xfc, 0x38, 0x83,
    0x45, 0x0, 0x7f, 0xf0, 0x55, 0xd3, 0x99, 0x60,
    0x3, 0xfe, 0x3a, 0x4b, 0x9, 0x57, 0x50, 0xf,
    0xf1, 0xfd, 0x80, 0x55, 0xea, 0x1, 0xff, 0xd3,
    0x2f, 0xf9, 0x40, 0x3f, 0xf8, 0x54, 0x1, 0x70,
    0x7, 0xff, 0x9, 0x80, 0x24, 0x10, 0xf, 0xfe,
    0x2, 0x8, 0x48, 0x1, 0xc0, 0x3f, 0xf8, 0x1c,
    0x2, 0xc6, 0x14, 0x1, 0xff, 0xc0, 0x50, 0x60,
    0xa0, 0x32, 0x0, 0xff, 0x30, 0x2, 0x81, 0x80,
    0x14, 0x1, 0xfe, 0xa0, 0x22, 0x0, 0x14, 0x18,
    0x3, 0xf8, 0x8c, 0x28, 0x2, 0xe0, 0x14, 0x0,
    0xfd, 0x40, 0x6, 0x0, 0x90, 0x43, 0x80, 0x3f,
    0x30, 0x20, 0x80, 0x67, 0x5, 0x10, 0xf, 0x20,
    0x87, 0x0, 0x75, 0x0, 0x1c, 0x3, 0xdc, 0x0,
    0x50, 0xe, 0x32, 0xa, 0x0, 0xf2, 0x80, 0x3f,
    0xfe, 0x20, 0x32, 0x0, 0xca, 0x1, 0xff, 0xc1,
    0xa0, 0xd, 0xc0, 0x35, 0x5f, 0xc6, 0xc, 0x1,
    0xa, 0x3, 0xaa, 0xff, 0x50, 0xa, 0x0, 0x18,
    0x1, 0xa0, 0x1f, 0xce, 0x0, 0xd0, 0x5, 0x0,
    0xa0, 0x7, 0xf0, 0x98, 0x30, 0x19, 0x3, 0x80,
    0x7f, 0xd6, 0x0, 0x5a, 0x0, 0x68, 0x7, 0xfc,
    0xc0, 0xe,

    /* U+00C3 "Ã" */
    0x0, 0xe1, 0xbf, 0xe9, 0x30, 0xcf, 0x0, 0xff,
    0x5a, 0x20, 0xdb, 0x3c, 0xd8, 0x3, 0xfc, 0x6f,
    0x7b, 0x8e, 0xd3, 0x20, 0xf, 0xf4, 0xc0, 0x0,
    0xe2, 0x58, 0x3, 0xff, 0xa8, 0x5f, 0xf2, 0x80,
    0x7f, 0xf0, 0xa8, 0x2, 0xe0, 0xf, 0xfe, 0x13,
    0x0, 0x48, 0x20, 0x1f, 0xfc, 0x4, 0x10, 0x90,
    0x3, 0x80, 0x7f, 0xf0, 0x38, 0x5, 0x8c, 0x28,
    0x3, 0xff, 0x80, 0xa0, 0xc1, 0x40, 0x64, 0x1,
    0xfe, 0x60, 0x5, 0x3, 0x0, 0x28, 0x3, 0xfd,
    0x40, 0x44, 0x0, 0x28, 0x30, 0x7, 0xf1, 0x18,
    0x50, 0x5, 0xc0, 0x28, 0x1, 0xfa, 0x80, 0xc,
    0x1, 0x20, 0x87, 0x0, 0x7e, 0x60, 0x41, 0x0,
    0xce, 0xa, 0x20, 0x1e, 0x41, 0xe, 0x0, 0xea,
    0x0, 0x38, 0x7, 0xb8, 0x0, 0xa0, 0x1c, 0x64,
    0x14, 0x1, 0xe5, 0x0, 0x7f, 0xfc, 0x40, 0x64,
    0x1, 0x94, 0x3, 0xff, 0x83, 0x40, 0x1b, 0x80,
    0x6a, 0xbf, 0x8c, 0x18, 0x2, 0x14, 0x7, 0x55,
    0xfe, 0xa0, 0x14, 0x0, 0x30, 0x3, 0x40, 0x3f,
    0x9c, 0x1, 0xa0, 0xa, 0x1, 0x40, 0xf, 0xe1,
    0x30, 0x60, 0x32, 0x7, 0x0, 0xff, 0xac, 0x0,
    0xb4, 0x0, 0xd0, 0xf, 0xf9, 0x80, 0x1c,

    /* U+00C4 "Ä" */
    0x0, 0xe7, 0xff, 0x20, 0x17, 0xfa, 0x80, 0x3f,
    0xfa, 0x22, 0x44, 0x70, 0x32, 0x28, 0x3, 0xfc,
    0xdb, 0xa3, 0x1, 0xdd, 0x40, 0x7, 0xff, 0x4c,
    0xbf, 0xe5, 0x0, 0xff, 0xe1, 0x50, 0x5, 0xc0,
    0x1f, 0xfc, 0x26, 0x0, 0x90, 0x40, 0x3f, 0xf8,
    0x8, 0x21, 0x20, 0x7, 0x0, 0xff, 0xe0, 0x70,
    0xb, 0x18, 0x50, 0x7, 0xff, 0x1, 0x41, 0x82,
    0x80, 0xc8, 0x3, 0xfc, 0xc0, 0xa, 0x6, 0x0,
    0x50, 0x7, 0xfa, 0x80, 0x88, 0x0, 0x50, 0x60,
    0xf, 0xe2, 0x30, 0xa0, 0xb, 0x80, 0x50, 0x3,
    0xf5, 0x0, 0x18, 0x2, 0x41, 0xe, 0x0, 0xfc,
    0xc0, 0x82, 0x1, 0x9c, 0x14, 0x40, 0x3c, 0x82,
    0x1c, 0x1, 0xd4, 0x0, 0x70, 0xf, 0x70, 0x1,
    0x40, 0x38, 0xc8, 0x28, 0x3, 0xca, 0x0, 0xff,
    0xf8, 0x80, 0xc8, 0x3, 0x28, 0x7, 0xff, 0x6,
    0x80, 0x37, 0x0, 0xd5, 0x7f, 0x18, 0x30, 0x4,
    0x28, 0xe, 0xab, 0xfd, 0x40, 0x28, 0x0, 0x60,
    0x6, 0x80, 0x7f, 0x38, 0x3, 0x40, 0x14, 0x2,
    0x80, 0x1f, 0xc2, 0x60, 0xc0, 0x64, 0xe, 0x1,
    0xff, 0x58, 0x1, 0x68, 0x1, 0xa0, 0x1f, 0xf3,
    0x0, 0x38,

    /* U+00C5 "Å" */
    0x0, 0xf8, 0x62, 0xe4, 0x80, 0x3f, 0xf8, 0x27,
    0xce, 0x8d, 0xa8, 0x1, 0xff, 0xc0, 0xf0, 0xaf,
    0xb1, 0xa0, 0xf, 0xf8, 0x4d, 0x94, 0x12, 0x45,
    0x0, 0x3f, 0xc6, 0x1, 0xff, 0xc6, 0x21, 0x65,
    0x4, 0x90, 0x50, 0xf, 0xfa, 0x2, 0xbe, 0xc5,
    0xc4, 0x3, 0xfe, 0x65, 0x0, 0x8e, 0x0, 0x3f,
    0xf8, 0x28, 0x1, 0x18, 0x80, 0x7f, 0xf0, 0x10,
    0x42, 0x40, 0xc, 0x1, 0xff, 0xc0, 0xe0, 0x16,
    0x30, 0xa0, 0xf, 0xf8, 0x54, 0x18, 0x28, 0x8,
    0x80, 0x1f, 0xe7, 0x0, 0x58, 0x38, 0x2, 0x80,
    0x3f, 0xd4, 0x4, 0x60, 0x2a, 0xc, 0x1, 0xfc,
    0x46, 0x14, 0x1, 0x78, 0xa, 0x0, 0x7e, 0xa0,
    0x3, 0x0, 0x4a, 0x21, 0xc0, 0x1f, 0x98, 0xc,
    0x40, 0x33, 0x82, 0x88, 0x7, 0x90, 0x42, 0x80,
    0x3a, 0x80, 0xe, 0x1, 0xee, 0x0, 0x38, 0x7,
    0x18, 0x85, 0x0, 0x79, 0x40, 0x1d, 0xff, 0xe1,
    0x3, 0x20, 0xc, 0xa0, 0x1f, 0xfc, 0x1a, 0x0,
    0xdc, 0x3, 0x55, 0xfc, 0x60, 0xc0, 0x10, 0xa0,
    0x3a, 0xaf, 0xf5, 0x0, 0xa0, 0x1, 0x80, 0x1a,
    0x1, 0xfc, 0xe0, 0xe, 0x0, 0x50, 0xa, 0x0,
    0x7f, 0x9, 0x82, 0x81, 0x90, 0x38, 0x7, 0xfd,
    0x60, 0x5, 0xa0, 0x6, 0x80, 0x7f, 0xcc, 0x0,
    0xe0,

    /* U+00C6 "Æ" */
    0x0, 0xfd, 0x1f, 0xff, 0xfc, 0x43, 0x0, 0xfc,
    0xc0, 0x1f, 0xfc, 0xc5, 0x10, 0x5a, 0x30, 0x4,
    0xd5, 0x7f, 0x10, 0x7, 0xd2, 0x0, 0xb5, 0x70,
    0x3, 0xaa, 0xff, 0x8, 0x7, 0x88, 0xc1, 0x44,
    0x3, 0xff, 0x93, 0x60, 0x9, 0x0, 0xff, 0xe5,
    0x30, 0x19, 0x80, 0x3f, 0xf9, 0x2c, 0x0, 0xa0,
    0xf, 0xfe, 0x55, 0x0, 0xb0, 0x7, 0x9d, 0x57,
    0xf2, 0x0, 0x71, 0x98, 0x18, 0x3, 0xe9, 0xaa,
    0xfd, 0x20, 0x1d, 0x40, 0x9, 0x0, 0xff, 0xe4,
    0x8b, 0x2, 0x88, 0x7, 0xdd, 0xff, 0xfb, 0x40,
    0x33, 0x80, 0x38, 0x3, 0xff, 0x95, 0x60, 0xb,
    0xff, 0xe4, 0x0, 0xff, 0xe1, 0x99, 0x0, 0x7f,
    0xf3, 0x24, 0x1, 0x55, 0xf1, 0x80, 0x7f, 0xf0,
    0x85, 0x41, 0x57, 0xf3, 0x80, 0x7f, 0xf0, 0x98,
    0x1, 0xc0, 0x1f, 0xfc, 0xaa, 0x2, 0x40, 0xf,
    0xf3, 0xb3, 0x7f, 0x12, 0x10, 0x50, 0x7, 0xfd,
    0x33, 0xfe, 0x5f, 0x0, 0x30, 0x7, 0xff, 0x28,

    /* U+00C7 "Ç" */
    0x0, 0xf2, 0x4e, 0xf7, 0xf6, 0xca, 0x0, 0x7c,
    0x9b, 0x6c, 0x42, 0x2, 0x4d, 0x7a, 0xa0, 0x19,
    0xac, 0x80, 0x5a, 0x6a, 0x5c, 0xc0, 0xa8, 0x2,
    0x49, 0x0, 0x47, 0x4b, 0x2b, 0x46, 0x6a, 0x0,
    0x6a, 0x0, 0x53, 0x80, 0x7c, 0x57, 0x0, 0x7,
    0x10, 0x65, 0x0, 0xff, 0x38, 0x2, 0x80, 0x16,
    0x1, 0xff, 0xc1, 0x12, 0x2, 0x20, 0x7, 0xff,
    0x5, 0x40, 0xe, 0x1, 0xff, 0xc2, 0x10, 0x1,
    0x0, 0x7f, 0xf0, 0x8c, 0x1, 0xe0, 0x1f, 0xfc,
    0x23, 0x0, 0x78, 0x7, 0xff, 0x8, 0x40, 0x4,
    0x1, 0xff, 0xc2, 0x50, 0x3, 0x80, 0x7f, 0xf0,
    0x84, 0x80, 0x88, 0x1, 0xff, 0xc2, 0xa0, 0x5,
    0x80, 0x7f, 0xf0, 0x9c, 0x41, 0x94, 0x3, 0xfc,
    0xe0, 0x15, 0x0, 0x29, 0xc0, 0x3e, 0x2b, 0x80,
    0x9, 0x24, 0x1, 0x1d, 0x2c, 0xad, 0x19, 0xa8,
    0x1, 0xcd, 0x64, 0x2, 0xd3, 0x52, 0xe6, 0x5,
    0x40, 0x1c, 0x9b, 0x6c, 0x40, 0x11, 0x35, 0xea,
    0x80, 0x7c, 0x93, 0xbe, 0x44, 0xd9, 0x40, 0xf,
    0xfe, 0xd, 0x92, 0x80, 0x7f, 0xf0, 0xd4, 0x3c,
    0x3, 0xff, 0x80, 0x20, 0x5, 0x0, 0xff, 0xe1,
    0x7e, 0x62, 0x43, 0x0, 0x3f, 0xf8, 0xa, 0x46,
    0x50, 0xc0, 0x1c,

    /* U+00C8 "È" */
    0x0, 0xcf, 0x8, 0x1, 0xff, 0x1b, 0xd9, 0x0,
    0x7f, 0x92, 0x43, 0xc0, 0x3f, 0xe6, 0x82, 0xa0,
    0xf, 0xf9, 0xfe, 0x80, 0x3f, 0xf8, 0xe9, 0xff,
    0xff, 0xc0, 0xa0, 0xf, 0xfe, 0x2a, 0x55, 0x7f,
    0x48, 0x4, 0x6a, 0xbf, 0xc6, 0x1, 0xff, 0xef,
    0x35, 0x5f, 0xe1, 0x0, 0x92, 0xab, 0xf8, 0x80,
    0x3f, 0xf8, 0xaf, 0xff, 0xfc, 0x60, 0x1f, 0xff,
    0xf0, 0xf, 0xfe, 0x1, 0xb3, 0x7f, 0x28, 0x4,
    0x93, 0x3f, 0xd6, 0x1, 0xff, 0xc2,

    /* U+00C9 "É" */
    0x0, 0xf8, 0xa1, 0xc4, 0x3, 0xfd, 0xef, 0xe2,
    0x1, 0xfd, 0x24, 0xb0, 0x1, 0xfc, 0xcc, 0x4a,
    0x0, 0xff, 0x37, 0xd8, 0x7, 0xff, 0x21, 0x3f,
    0xff, 0xf8, 0x14, 0x1, 0xff, 0xc5, 0x4a, 0xaf,
    0xe9, 0x0, 0x8d, 0x57, 0xf8, 0xc0, 0x3f, 0xfd,
    0xe6, 0xab, 0xfc, 0x20, 0x12, 0x55, 0x7f, 0x10,
    0x7, 0xff, 0x15, 0xff, 0xff, 0x8c, 0x3, 0xff,
    0xfe, 0x1, 0xff, 0xc0, 0x36, 0x6f, 0xe5, 0x0,
    0x92, 0x67, 0xfa, 0xc0, 0x3f, 0xf8, 0x40,

    /* U+00CA "Ê" */
    0x0, 0xe2, 0x88, 0x28, 0x7, 0xf0, 0xfb, 0xb5,
    0x20, 0x7, 0xed, 0x2a, 0xc1, 0xb2, 0x0, 0xf4,
    0x9c, 0xa9, 0x60, 0xf8, 0x80, 0x74, 0xfb, 0x0,
    0xb, 0xb4, 0x40, 0x3f, 0xf8, 0x89, 0xff, 0xff,
    0xc0, 0xa0, 0xf, 0xfe, 0x2a, 0x55, 0x7f, 0x48,
    0x4, 0x6a, 0xbf, 0xc6, 0x1, 0xff, 0xef, 0x35,
    0x5f, 0xe1, 0x0, 0x92, 0xab, 0xf8, 0x80, 0x3f,
    0xf8, 0xaf, 0xff, 0xfc, 0x60, 0x1f, 0xff, 0xf0,
    0xf, 0xfe, 0x1, 0xb3, 0x7f, 0x28, 0x4, 0x93,
    0x3f, 0xd6, 0x1, 0xff, 0xc2,

    /* U+00CB "Ë" */
    0x0, 0xbb, 0xf8, 0x1, 0x1f, 0xe3, 0x0, 0xff,
    0xe3, 0x91, 0x14, 0x1, 0xe4, 0x41, 0x0, 0xec,
    0xdb, 0x0, 0x3e, 0xe8, 0x80, 0x3f, 0xf8, 0x89,
    0xff, 0xff, 0xc0, 0xa0, 0xf, 0xfe, 0x2a, 0x55,
    0x7f, 0x48, 0x4, 0x6a, 0xbf, 0xc6, 0x1, 0xff,
    0xef, 0x35, 0x5f, 0xe1, 0x0, 0x92, 0xab, 0xf8,
    0x80, 0x3f, 0xf8, 0xaf, 0xff, 0xfc, 0x60, 0x1f,
    0xff, 0xf0, 0xf, 0xfe, 0x1, 0xb3, 0x7f, 0x28,
    0x4, 0x93, 0x3f, 0xd6, 0x1, 0xff, 0xc2,

    /* U+00CC "Ì" */
    0x7, 0x84, 0x0, 0xc6, 0xf6, 0x40, 0x12, 0x48,
    0x78, 0x6, 0x68, 0x2a, 0x0, 0xcf, 0xf4, 0x1,
    0xfe, 0x4f, 0xf4, 0x0, 0x7f, 0xff, 0xc0, 0x3f,
    0xfe, 0xc0,

    /* U+00CD "Í" */
    0x0, 0x14, 0x38, 0x80, 0x3d, 0xfc, 0x42, 0x89,
    0x60, 0x19, 0x52, 0x80, 0xd, 0xf6, 0x1, 0xfc,
    0x9f, 0xe8, 0x0, 0xff, 0xff, 0x80, 0x7f, 0xf8,
    0xc0,

    /* U+00CE "Î" */
    0x0, 0x8a, 0x20, 0xa0, 0x1c, 0x38, 0xed, 0x48,
    0x1, 0xb4, 0x6b, 0x6, 0x88, 0x1, 0x27, 0x4a,
    0x58, 0x1e, 0x0, 0x9f, 0x50, 0x1, 0x76, 0x80,
    0x7f, 0xf0, 0x93, 0xfd, 0x0, 0x1f, 0xff, 0xf0,
    0xf, 0xff, 0xf8, 0x7, 0xff, 0xa4,

    /* U+00CF "Ï" */
    0xef, 0xd0, 0x4, 0xff, 0x8c, 0x3, 0xf8, 0x88,
    0xc0, 0xe, 0x22, 0xe, 0x6d, 0x80, 0x1f, 0x74,
    0x40, 0x1f, 0xf2, 0x7f, 0xa0, 0x3, 0xff, 0xfe,
    0x1, 0xff, 0xff, 0x0, 0xff, 0xea, 0x80,

    /* U+00D0 "Ð" */
    0x0, 0xf, 0xff, 0xdd, 0x92, 0xc2, 0x1, 0xff,
    0xc4, 0x13, 0x69, 0xe9, 0x10, 0xf, 0xe3, 0xaa,
    0xd2, 0xe6, 0x0, 0x6f, 0x30, 0xf, 0xcc, 0xab,
    0x9a, 0x33, 0x6, 0x3, 0xa4, 0x1, 0xff, 0xc3,
    0x3c, 0x50, 0x19, 0x0, 0xff, 0xe2, 0xd0, 0x82,
    0x18, 0x7, 0xff, 0x15, 0x80, 0x16, 0x1, 0xff,
    0xc5, 0xb0, 0x2, 0x0, 0x7f, 0xf1, 0x4c, 0x0,
    0x41, 0xbf, 0xc0, 0x5, 0xff, 0xc8, 0x1, 0xf8,
    0x40, 0x3f, 0xf8, 0xc2, 0x1, 0x6f, 0xf0, 0x1,
    0x7f, 0xf2, 0x0, 0x78, 0x40, 0x3f, 0xf9, 0x42,
    0x1, 0xff, 0xc5, 0x30, 0x1, 0x0, 0x7f, 0xf1,
    0x6c, 0x0, 0x80, 0x1f, 0xfc, 0x56, 0x0, 0x58,
    0x7, 0xff, 0x12, 0x84, 0x10, 0xc0, 0x3f, 0xf8,
    0x45, 0x8a, 0x3, 0x20, 0x1f, 0x32, 0xae, 0x68,
    0xcd, 0x30, 0x1d, 0x20, 0xf, 0x8e, 0xab, 0x4b,
    0x98, 0x1, 0x7c, 0xc0, 0x3f, 0xf8, 0x22, 0x6d,
    0x3d, 0x42, 0x1, 0x80,

    /* U+00D1 "Ñ" */
    0x0, 0xc5, 0x9f, 0xd2, 0x43, 0xbc, 0x1, 0xfb,
    0x8d, 0xd, 0xb7, 0x89, 0x80, 0x3f, 0x34, 0x5e,
    0xdb, 0xb4, 0xc0, 0x7, 0xea, 0x70, 0x2, 0x44,
    0xb0, 0x7, 0xff, 0x29, 0x3f, 0xeb, 0x0, 0xfc,
    0xff, 0xe3, 0x0, 0xc8, 0x60, 0x1f, 0xfc, 0x4f,
    0x0, 0xff, 0xe1, 0x8, 0x1a, 0x0, 0x7f, 0xf0,
    0x58, 0x1, 0x0, 0x1f, 0xfc, 0x1e, 0x70, 0x34,
    0x0, 0xff, 0xe0, 0xc8, 0x84, 0x0, 0x7f, 0xf0,
    0x46, 0x40, 0xd4, 0x3, 0xff, 0x82, 0xe2, 0x10,
    0x1, 0xff, 0xc2, 0x90, 0x25, 0x0, 0xff, 0xe0,
    0xb8, 0x84, 0x0, 0x7f, 0xf0, 0xa0, 0x9, 0x80,
    0x3f, 0xf8, 0x2c, 0x21, 0x0, 0x1f, 0xfc, 0x28,
    0x1, 0x60, 0xf, 0xfe, 0xb, 0x10, 0x40, 0x7,
    0xff, 0xa, 0x0, 0x5c, 0x3, 0xff, 0x82, 0xa4,
    0x13, 0xe0, 0x1f, 0xfc, 0x18, 0x1, 0x60, 0xf,
    0xfe, 0xa, 0x98, 0x8, 0x7, 0xff, 0xa, 0x0,
    0x3f, 0xf8, 0x88, 0x60, 0x18,

    /* U+00D2 "Ò" */
    0x0, 0xfb, 0x7e, 0x40, 0x3f, 0xf8, 0xbe, 0xc,
    0x80, 0x1f, 0xfc, 0x42, 0xa0, 0xa0, 0xf, 0xfe,
    0x2a, 0xb8, 0xc8, 0x7, 0xff, 0x16, 0x3e, 0x40,
    0x3f, 0xfa, 0xcd, 0x5b, 0xfe, 0xdb, 0x60, 0xf,
    0xf2, 0xf4, 0xa9, 0x0, 0x9, 0x27, 0x94, 0x3,
    0xe7, 0xa1, 0x3, 0x8a, 0xa4, 0x18, 0xd, 0x38,
    0x7, 0x2c, 0x0, 0x2b, 0x1d, 0x54, 0xf9, 0x40,
    0x8, 0x50, 0x8, 0x6c, 0x1, 0x6a, 0x1, 0xe5,
    0xb0, 0x5, 0x8, 0x1, 0x84, 0x19, 0x0, 0x3f,
    0x23, 0x0, 0x24, 0x1, 0x40, 0xb, 0x0, 0xff,
    0x58, 0x1, 0x80, 0x48, 0x8, 0x80, 0x1f, 0xe2,
    0x30, 0x12, 0x50, 0x3, 0x80, 0x7f, 0xf0, 0x14,
    0x0, 0xe2, 0x0, 0x20, 0xf, 0xfe, 0x0, 0x80,
    0xc, 0xc0, 0xf, 0x0, 0xff, 0xe0, 0x78, 0x0,
    0x4c, 0x1, 0xe0, 0x1f, 0xfc, 0xf, 0x0, 0x8,
    0x80, 0x4, 0x1, 0xff, 0xc0, 0x10, 0x1, 0xa8,
    0x1, 0xc0, 0x3f, 0xf8, 0xa, 0x0, 0x71, 0x20,
    0x22, 0x0, 0x7f, 0x84, 0xc0, 0x48, 0x28, 0x1,
    0x60, 0x1f, 0xe8, 0x0, 0x30, 0x1, 0x84, 0x19,
    0x0, 0x3f, 0x1b, 0x0, 0x24, 0x0, 0x36, 0x0,
    0xb5, 0x0, 0xf2, 0xe0, 0x2, 0x84, 0x2, 0x58,
    0x0, 0x56, 0x3a, 0xa9, 0xf2, 0x80, 0x10, 0xa0,
    0x1c, 0xf4, 0x20, 0x71, 0x54, 0x83, 0x1, 0xa7,
    0x0, 0xf9, 0x7a, 0x54, 0x80, 0x2, 0x93, 0xca,
    0x1, 0x80,

    /* U+00D3 "Ó" */
    0x0, 0xff, 0x47, 0xe8, 0x7, 0xff, 0x10, 0xdc,
    0x3c, 0x3, 0xff, 0x89, 0xc1, 0x44, 0x1, 0xff,
    0xc3, 0x82, 0x65, 0x0, 0xff, 0xe2, 0x47, 0xc8,
    0x7, 0xff, 0x5d, 0xab, 0x7f, 0xdb, 0x6c, 0x1,
    0xfe, 0x5e, 0x95, 0x20, 0x1, 0x24, 0xf2, 0x80,
    0x7c, 0xf4, 0x20, 0x71, 0x54, 0x83, 0x1, 0xa7,
    0x0, 0xe5, 0x80, 0x5, 0x63, 0xaa, 0x9f, 0x28,
    0x1, 0xa, 0x1, 0xd, 0x80, 0x2d, 0x40, 0x3c,
    0xb6, 0x0, 0xa1, 0x0, 0x30, 0x83, 0x20, 0x7,
    0xe4, 0x60, 0x4, 0x80, 0x28, 0x1, 0x60, 0x1f,
    0xeb, 0x0, 0x30, 0x9, 0x1, 0x10, 0x3, 0xfc,
    0x46, 0x2, 0x4a, 0x0, 0x70, 0xf, 0xfe, 0x2,
    0x80, 0x1c, 0x40, 0x4, 0x1, 0xff, 0xc0, 0x10,
    0x1, 0x98, 0x1, 0xe0, 0x1f, 0xfc, 0xf, 0x0,
    0x9, 0x80, 0x3c, 0x3, 0xff, 0x81, 0xe0, 0x1,
    0x10, 0x0, 0x80, 0x3f, 0xf8, 0x2, 0x0, 0x35,
    0x0, 0x38, 0x7, 0xff, 0x1, 0x40, 0xe, 0x24,
    0x4, 0x40, 0xf, 0xf0, 0x98, 0x9, 0x5, 0x0,
    0x2c, 0x3, 0xfd, 0x0, 0x6, 0x0, 0x30, 0x83,
    0x20, 0x7, 0xe3, 0x60, 0x4, 0x80, 0x6, 0xc0,
    0x16, 0xa0, 0x1e, 0x5c, 0x0, 0x50, 0x80, 0x4b,
    0x0, 0xa, 0xc7, 0x55, 0x3e, 0x50, 0x2, 0x14,
    0x3, 0x9e, 0x84, 0xe, 0x2a, 0x90, 0x60, 0x34,
    0xe0, 0x1f, 0x2f, 0x4a, 0x90, 0x0, 0x52, 0x79,
    0x40, 0x30,

    /* U+00D4 "Ô" */
    0x0, 0xfd, 0x3f, 0xea, 0x0, 0xff, 0xe1, 0xab,
    0x11, 0xab, 0x0, 0x7f, 0xf0, 0x46, 0xc7, 0xf4,
    0x64, 0x80, 0x3f, 0xf8, 0x1a, 0x3a, 0x43, 0x81,
    0xc0, 0x1f, 0xfc, 0xc, 0xf3, 0x0, 0x17, 0xe0,
    0x7, 0xff, 0x51, 0xab, 0x7f, 0xdb, 0x6c, 0x1,
    0xfe, 0x5e, 0x95, 0x20, 0x1, 0x24, 0xf2, 0x80,
    0x7c, 0xf4, 0x20, 0x71, 0x54, 0x83, 0x1, 0xa7,
    0x0, 0xe5, 0x80, 0x5, 0x63, 0xaa, 0x9f, 0x28,
    0x1, 0xa, 0x1, 0xd, 0x80, 0x2d, 0x40, 0x3c,
    0xb6, 0x0, 0xa1, 0x0, 0x30, 0x83, 0x20, 0x7,
    0xe4, 0x60, 0x4, 0x80, 0x28, 0x1, 0x60, 0x1f,
    0xeb, 0x0, 0x30, 0x9, 0x1, 0x10, 0x3, 0xfc,
    0x46, 0x2, 0x4a, 0x0, 0x70, 0xf, 0xfe, 0x2,
    0x80, 0x1c, 0x40, 0x4, 0x1, 0xff, 0xc0, 0x10,
    0x1, 0x98, 0x1, 0xe0, 0x1f, 0xfc, 0xf, 0x0,
    0x9, 0x80, 0x3c, 0x3, 0xff, 0x81, 0xe0, 0x1,
    0x10, 0x0, 0x80, 0x3f, 0xf8, 0x2, 0x0, 0x35,
    0x0, 0x38, 0x7, 0xff, 0x1, 0x40, 0xe, 0x24,
    0x4, 0x40, 0xf, 0xf0, 0x98, 0x9, 0x5, 0x0,
    0x2c, 0x3, 0xfd, 0x0, 0x6, 0x0, 0x30, 0x83,
    0x20, 0x7, 0xe3, 0x60, 0x4, 0x80, 0x6, 0xc0,
    0x16, 0xa0, 0x1e, 0x5c, 0x0, 0x50, 0x80, 0x4b,
    0x0, 0xa, 0xc7, 0x55, 0x3e, 0x50, 0x2, 0x14,
    0x3, 0x9e, 0x84, 0xe, 0x2a, 0x90, 0x60, 0x34,
    0xe0, 0x1f, 0x2f, 0x4a, 0x90, 0x0, 0x52, 0x79,
    0x40, 0x30,

    /* U+00D5 "Õ" */
    0x0, 0xf1, 0x44, 0xb0, 0x81, 0x52, 0x0, 0x7f,
    0x87, 0x5d, 0xa7, 0xaf, 0xd4, 0x3, 0xfe, 0x70,
    0x9f, 0x93, 0x43, 0x84, 0x0, 0xff, 0x37, 0xb0,
    0x36, 0x7f, 0x38, 0x7, 0xff, 0xa1, 0xab, 0x7f,
    0xdb, 0x6c, 0x1, 0xfe, 0x5e, 0x95, 0x20, 0x1,
    0x24, 0xf2, 0x80, 0x7c, 0xf4, 0x20, 0x71, 0x54,
    0x83, 0x1, 0xa7, 0x0, 0xe5, 0x80, 0x5, 0x63,
    0xaa, 0x9f, 0x28, 0x1, 0xa, 0x1, 0xd, 0x80,
    0x2d, 0x40, 0x3c, 0xb6, 0x0, 0xa1, 0x0, 0x30,
    0x83, 0x20, 0x7, 0xe4, 0x60, 0x4, 0x80, 0x28,
    0x1, 0x60, 0x1f, 0xeb, 0x0, 0x30, 0x9, 0x1,
    0x10, 0x3, 0xfc, 0x46, 0x2, 0x4a, 0x0, 0x70,
    0xf, 0xfe, 0x2, 0x80, 0x1c, 0x40, 0x4, 0x1,
    0xff, 0xc0, 0x10, 0x1, 0x98, 0x1, 0xe0, 0x1f,
    0xfc, 0xf, 0x0, 0x9, 0x80, 0x3c, 0x3, 0xff,
    0x81, 0xe0, 0x1, 0x10, 0x0, 0x80, 0x3f, 0xf8,
    0x2, 0x0, 0x35, 0x0, 0x38, 0x7, 0xff, 0x1,
    0x40, 0xe, 0x24, 0x4, 0x40, 0xf, 0xf0, 0x98,
    0x9, 0x5, 0x0, 0x2c, 0x3, 0xfd, 0x0, 0x6,
    0x0, 0x30, 0x83, 0x20, 0x7, 0xe3, 0x60, 0x4,
    0x80, 0x6, 0xc0, 0x16, 0xa0, 0x1e, 0x5c, 0x0,
    0x50, 0x80, 0x4b, 0x0, 0xa, 0xc7, 0x55, 0x3e,
    0x50, 0x2, 0x14, 0x3, 0x9e, 0x84, 0xe, 0x2a,
    0x90, 0x60, 0x34, 0xe0, 0x1f, 0x2f, 0x4a, 0x90,
    0x0, 0x52, 0x79, 0x40, 0x30,

    /* U+00D6 "Ö" */
    0x0, 0xf6, 0xea, 0x40, 0x13, 0xba, 0x10, 0xf,
    0xf8, 0x88, 0xa0, 0x2, 0x28, 0x3, 0xff, 0xa9,
    0xfe, 0xc0, 0x5, 0xff, 0x84, 0x3, 0xff, 0xce,
    0xd5, 0xbf, 0xed, 0xb6, 0x0, 0xff, 0x2f, 0x4a,
    0x90, 0x0, 0x92, 0x79, 0x40, 0x3e, 0x7a, 0x10,
    0x38, 0xaa, 0x41, 0x80, 0xd3, 0x80, 0x72, 0xc0,
    0x2, 0xb1, 0xd5, 0x4f, 0x94, 0x0, 0x85, 0x0,
    0x86, 0xc0, 0x16, 0xa0, 0x1e, 0x5b, 0x0, 0x50,
    0x80, 0x18, 0x41, 0x90, 0x3, 0xf2, 0x30, 0x2,
    0x40, 0x14, 0x0, 0xb0, 0xf, 0xf5, 0x80, 0x18,
    0x4, 0x80, 0x88, 0x1, 0xfe, 0x23, 0x1, 0x25,
    0x0, 0x38, 0x7, 0xff, 0x1, 0x40, 0xe, 0x20,
    0x2, 0x0, 0xff, 0xe0, 0x8, 0x0, 0xcc, 0x0,
    0xf0, 0xf, 0xfe, 0x7, 0x80, 0x4, 0xc0, 0x1e,
    0x1, 0xff, 0xc0, 0xf0, 0x0, 0x88, 0x0, 0x40,
    0x1f, 0xfc, 0x1, 0x0, 0x1a, 0x80, 0x1c, 0x3,
    0xff, 0x80, 0xa0, 0x7, 0x12, 0x2, 0x20, 0x7,
    0xf8, 0x4c, 0x4, 0x82, 0x80, 0x16, 0x1, 0xfe,
    0x80, 0x3, 0x0, 0x18, 0x41, 0x90, 0x3, 0xf1,
    0xb0, 0x2, 0x40, 0x3, 0x60, 0xb, 0x50, 0xf,
    0x2e, 0x0, 0x28, 0x40, 0x25, 0x80, 0x5, 0x63,
    0xaa, 0x9f, 0x28, 0x1, 0xa, 0x1, 0xcf, 0x42,
    0x7, 0x15, 0x48, 0x30, 0x1a, 0x70, 0xf, 0x97,
    0xa5, 0x48, 0x0, 0x29, 0x3c, 0xa0, 0x18,

    /* U+00D7 "×" */
    0x0, 0xff, 0xe3, 0x16, 0x8, 0x7, 0xfa, 0x20,
    0x0, 0xf3, 0xc1, 0x0, 0xfd, 0xe, 0xe5, 0x8,
    0x2, 0xc1, 0x0, 0xf3, 0xb8, 0xd, 0x41, 0x68,
    0xb, 0x4, 0x3, 0x3c, 0x1, 0xe0, 0x4, 0xb2,
    0x5, 0x82, 0x0, 0x68, 0x3, 0xd0, 0xe, 0x69,
    0x2, 0xd1, 0x69, 0x2, 0xd1, 0x0, 0xf3, 0x40,
    0x1e, 0x48, 0x16, 0x8, 0x7, 0xe7, 0x80, 0x20,
    0x2c, 0x10, 0xf, 0xf1, 0x0, 0x42, 0x20, 0xf,
    0xf2, 0xd0, 0x8, 0x1e, 0x0, 0x7f, 0x2d, 0x1,
    0x7b, 0x81, 0xd8, 0x7, 0xc9, 0x40, 0x58, 0x30,
    0xe0, 0x96, 0x1, 0xc9, 0x60, 0x3e, 0x20, 0x8,
    0x70, 0x4b, 0x0, 0x92, 0xc0, 0x70, 0x80, 0x34,
    0x30, 0x25, 0x80, 0x28, 0x7, 0x8, 0x3, 0xd2,
    0xc0, 0x8c, 0x1a, 0x58, 0x40, 0x1f, 0xa5, 0x9a,
    0x3, 0xd2, 0x0, 0xff, 0x4c, 0x80,

    /* U+00D8 "Ø" */
    0x0, 0xff, 0xe3, 0x20, 0x7, 0xcd, 0x5b, 0xfe,
    0xea, 0x50, 0xa, 0xad, 0x40, 0x32, 0xf4, 0xa9,
    0x0, 0x5, 0x6b, 0x91, 0xd4, 0x90, 0x2, 0x7a,
    0x10, 0x38, 0xaa, 0x41, 0x80, 0xdc, 0xf, 0x88,
    0x1, 0x60, 0x1, 0x58, 0xea, 0xa7, 0xca, 0x0,
    0xa4, 0x80, 0x3, 0x60, 0xb, 0x50, 0xf, 0x20,
    0x80, 0x24, 0x40, 0xc, 0x20, 0xc8, 0x1, 0xf6,
    0xb, 0x0, 0xb0, 0x2, 0x80, 0x16, 0x1, 0xf5,
    0x95, 0x48, 0x2, 0x80, 0x48, 0x8, 0x80, 0x1e,
    0x94, 0x75, 0x4, 0x2, 0x15, 0x0, 0x38, 0x7,
    0x9d, 0x92, 0x0, 0x6, 0x0, 0x41, 0x0, 0x10,
    0x7, 0x2c, 0x15, 0x80, 0x5e, 0x0, 0x33, 0x0,
    0x3c, 0x3, 0x1d, 0xf, 0x80, 0x7c, 0x26, 0x0,
    0xf0, 0x8, 0xb4, 0x34, 0x80, 0x37, 0x80, 0x4,
    0x40, 0x2, 0x0, 0xf, 0x8c, 0x98, 0x7, 0x10,
    0x0, 0xd4, 0x0, 0xe0, 0xa, 0x27, 0x60, 0xf,
    0x38, 0x1, 0xc4, 0x80, 0x89, 0x48, 0x88, 0x0,
    0xf1, 0x10, 0x4, 0x82, 0x80, 0x1e, 0xa5, 0x60,
    0x1f, 0x58, 0x1, 0x80, 0xc, 0x20, 0x43, 0xe0,
    0x1f, 0x23, 0x0, 0x24, 0x0, 0x32, 0x0, 0x14,
    0x0, 0xf2, 0xd8, 0x2, 0x84, 0x0, 0x32, 0x1,
    0x4e, 0xba, 0xa9, 0xf2, 0x80, 0xe, 0xa0, 0x16,
    0xb, 0xd9, 0x1, 0x45, 0x52, 0xc, 0x6, 0xa0,
    0x2, 0x52, 0x58, 0x4d, 0xa5, 0x20, 0x0, 0xa4,
    0xf2, 0x80, 0x65, 0xba, 0x0, 0x96, 0xb7, 0xfd,
    0xd6, 0xc0, 0x1e,

    /* U+00D9 "Ù" */
    0x0, 0xea, 0xfc, 0x0, 0xff, 0xe1, 0x51, 0x1b,
    0x80, 0x7f, 0xf0, 0xbc, 0x20, 0x80, 0x3f, 0xf8,
    0x25, 0x41, 0xc0, 0x1f, 0xfc, 0x25, 0xfc, 0x0,
    0xff, 0xe6, 0x4f, 0xf8, 0xc0, 0x3f, 0xaf, 0xfc,
    0x20, 0x1f, 0xff, 0xf0, 0xf, 0xff, 0xf8, 0x7,
    0xff, 0x64, 0x40, 0x3f, 0xf8, 0x62, 0x1, 0x38,
    0x7, 0xf3, 0x80, 0x5e, 0x0, 0x10, 0xf, 0xe1,
    0x0, 0x8c, 0x1, 0x80, 0x1f, 0x84, 0x80, 0xc1,
    0x0, 0xe, 0x1, 0xf9, 0x80, 0x8, 0x0, 0x60,
    0x1a, 0x0, 0xf1, 0xc0, 0x2, 0x40, 0x10, 0x40,
    0xbb, 0xa, 0x8d, 0x58, 0x0, 0x91, 0x0, 0xe,
    0x18, 0x13, 0xd5, 0xca, 0x80, 0x25, 0x80, 0x30,
    0xe5, 0x29, 0x0, 0x4, 0xdf, 0x98, 0x2,

    /* U+00DA "Ú" */
    0x0, 0xfc, 0xbf, 0xe2, 0x0, 0xff, 0xe0, 0xd,
    0x85, 0x10, 0x7, 0xff, 0x2, 0xc5, 0x94, 0x3,
    0xff, 0x80, 0xaa, 0x39, 0x0, 0xff, 0xe0, 0xaf,
    0xe0, 0x7, 0xff, 0x36, 0x7f, 0xc6, 0x1, 0xfd,
    0x7f, 0xe1, 0x0, 0xff, 0xff, 0x80, 0x7f, 0xff,
    0xc0, 0x3f, 0xfb, 0x22, 0x1, 0xff, 0xc3, 0x10,
    0x9, 0xc0, 0x3f, 0x9c, 0x2, 0xf0, 0x0, 0x80,
    0x7f, 0x8, 0x4, 0x60, 0xc, 0x0, 0xfc, 0x24,
    0x6, 0x8, 0x0, 0x70, 0xf, 0xcc, 0x0, 0x40,
    0x3, 0x0, 0xd0, 0x7, 0x8e, 0x0, 0x12, 0x0,
    0x82, 0x5, 0xd8, 0x54, 0x6a, 0xc0, 0x4, 0x88,
    0x0, 0x70, 0xc0, 0x9e, 0xae, 0x54, 0x1, 0x2c,
    0x1, 0x87, 0x29, 0x48, 0x0, 0x26, 0xfc, 0xc0,
    0x10,

    /* U+00DB "Û" */
    0x0, 0xf3, 0x7f, 0xb4, 0x3, 0xff, 0x80, 0x52,
    0xa, 0x52, 0x1, 0xff, 0x70, 0x5d, 0x23, 0x28,
    0x7, 0xf4, 0x9c, 0xa0, 0x59, 0x50, 0x80, 0x7e,
    0x9f, 0x60, 0xb, 0x7c, 0x40, 0x3f, 0xf9, 0x33,
    0xfe, 0x30, 0xf, 0xeb, 0xff, 0x8, 0x7, 0xff,
    0xfc, 0x3, 0xff, 0xfe, 0x1, 0xff, 0xd9, 0x10,
    0xf, 0xfe, 0x18, 0x80, 0x4e, 0x1, 0xfc, 0xe0,
    0x17, 0x80, 0x4, 0x3, 0xf8, 0x40, 0x23, 0x0,
    0x60, 0x7, 0xe1, 0x20, 0x30, 0x40, 0x3, 0x80,
    0x7e, 0x60, 0x2, 0x0, 0x18, 0x6, 0x80, 0x3c,
    0x70, 0x0, 0x90, 0x4, 0x10, 0x2e, 0xc2, 0xa3,
    0x56, 0x0, 0x24, 0x40, 0x3, 0x86, 0x4, 0xf5,
    0x72, 0xa0, 0x9, 0x60, 0xc, 0x39, 0x4a, 0x40,
    0x1, 0x37, 0xe6, 0x0, 0x80,

    /* U+00DC "Ü" */
    0x0, 0xd5, 0xb8, 0x0, 0x6d, 0xd2, 0x0, 0x7e,
    0x72, 0x30, 0x0, 0x91, 0x4, 0x3, 0xff, 0x9b,
    0xbf, 0xe0, 0x3, 0xff, 0x94, 0x3, 0xff, 0xb5,
    0x3f, 0xe3, 0x0, 0xfe, 0xbf, 0xf0, 0x80, 0x7f,
    0xff, 0xc0, 0x3f, 0xff, 0xe0, 0x1f, 0xfd, 0x91,
    0x0, 0xff, 0xe1, 0x88, 0x4, 0xe0, 0x1f, 0xce,
    0x1, 0x78, 0x0, 0x40, 0x3f, 0x84, 0x2, 0x30,
    0x6, 0x0, 0x7e, 0x12, 0x3, 0x4, 0x0, 0x38,
    0x7, 0xe6, 0x0, 0x20, 0x1, 0x80, 0x68, 0x3,
    0xc7, 0x0, 0x9, 0x0, 0x41, 0x2, 0xec, 0x2a,
    0x35, 0x60, 0x2, 0x44, 0x0, 0x38, 0x60, 0x4f,
    0x57, 0x2a, 0x0, 0x96, 0x0, 0xc3, 0x94, 0xa4,
    0x0, 0x13, 0x7e, 0x60, 0x8,

    /* U+00DD "Ý" */
    0x0, 0xff, 0x34, 0x28, 0x7, 0xff, 0xd, 0xe5,
    0x50, 0x3, 0xff, 0x84, 0x70, 0x3e, 0x20, 0x1f,
    0xfc, 0x11, 0xd0, 0xd2, 0x0, 0xff, 0xe1, 0xf,
    0x79, 0x80, 0x7f, 0xf4, 0x2f, 0xfc, 0x60, 0x1f,
    0xc5, 0xfe, 0xc0, 0x4, 0x80, 0x38, 0x3, 0xfb,
    0x80, 0x1e, 0x0, 0x29, 0x2, 0x80, 0xf, 0x9c,
    0xc1, 0xcc, 0x2, 0x63, 0x7, 0x30, 0xe, 0x28,
    0x2, 0x80, 0xe, 0xe0, 0x7, 0x0, 0x74, 0x80,
    0x38, 0x3, 0xc5, 0x0, 0x50, 0x1, 0x32, 0x3,
    0x98, 0x7, 0xce, 0x60, 0xe6, 0x3, 0x0, 0x50,
    0x1, 0xfd, 0xc0, 0xf, 0xb, 0x10, 0xe0, 0xf,
    0xf1, 0x40, 0x1d, 0xa8, 0x31, 0x80, 0x7f, 0xce,
    0x60, 0x80, 0x52, 0x1, 0xff, 0xc1, 0xe0, 0xa,
    0x40, 0x3f, 0xf8, 0x44, 0x40, 0x2, 0x0, 0x7f,
    0xff, 0xc0, 0x3f, 0xff, 0xe0, 0x1f, 0xfd, 0x0,

    /* U+00DE "Þ" */
    0x4f, 0xf4, 0x0, 0x7f, 0xfa, 0xdf, 0xff, 0x75,
    0xb0, 0x7, 0xfc, 0x29, 0x3a, 0x40, 0x19, 0x6a,
    0xa9, 0x70, 0x1, 0x60, 0x6, 0x25, 0x59, 0xa3,
    0x88, 0x5, 0xc0, 0x3f, 0x86, 0x40, 0x18, 0x1,
    0xfe, 0x40, 0x3, 0x0, 0x7f, 0xf0, 0x4c, 0x3,
    0xfc, 0x40, 0x2, 0x0, 0xff, 0x40, 0x1, 0x40,
    0x3e, 0x13, 0xb5, 0x0, 0x58, 0x4, 0xff, 0xf7,
    0x62, 0x0, 0x24, 0x80, 0x3f, 0xc9, 0x8c, 0x1,
    0x96, 0xaa, 0xbc, 0xfb, 0x30, 0xe, 0x25, 0x59,
    0xc, 0x3, 0xff, 0xc6,

    /* U+00DF "ß" */
    0x0, 0x92, 0xfb, 0xfd, 0x8e, 0x1, 0xf5, 0x5a,
    0x8, 0x0, 0xe3, 0x44, 0x3, 0x42, 0x81, 0xd6,
    0x5b, 0x81, 0x50, 0x4, 0x2e, 0x7, 0x8a, 0x69,
    0x12, 0x8, 0x60, 0x5, 0x0, 0x48, 0x7, 0x30,
    0x1, 0x0, 0x4, 0x0, 0x70, 0xc, 0xb4, 0x0,
    0xe0, 0x0, 0x80, 0xc, 0x2, 0xaa, 0x2a, 0x3e,
    0x80, 0x7e, 0x95, 0x1c, 0xb8, 0x40, 0xf, 0xcc,
    0x12, 0x60, 0x1f, 0xe2, 0x0, 0x10, 0x7, 0xfc,
    0x60, 0xe, 0x0, 0xff, 0x85, 0x1, 0x28, 0x40,
    0x3f, 0xd4, 0x20, 0xbe, 0x80, 0x1f, 0xc3, 0xe8,
    0x3, 0x70, 0x1, 0xfc, 0x37, 0x42, 0xf, 0x0,
    0x1f, 0xe5, 0xf2, 0x7, 0x10, 0xf, 0xf0, 0xc0,
    0x1, 0x40, 0x3f, 0xe1, 0x0, 0x8, 0x7, 0xfd,
    0x80, 0x7, 0x0, 0xcb, 0x6c, 0x84, 0x92, 0xe0,
    0x64, 0x1, 0xc9, 0x37, 0xb6, 0xc0, 0x3c, 0x1,
    0xcc, 0x62, 0x0, 0x13, 0x8e, 0x20,

    /* U+00E0 "à" */
    0x0, 0x14, 0x40, 0x80, 0x3f, 0xc4, 0x6f, 0xe0,
    0x1f, 0xf5, 0x11, 0x20, 0x3, 0xfc, 0x3e, 0xe,
    0x80, 0x1f, 0xe2, 0xa0, 0xa1, 0x0, 0xff, 0x2b,
    0x8d, 0x80, 0x7f, 0xd1, 0xf4, 0x1, 0xff, 0xc9,
    0x27, 0xbe, 0xff, 0x6d, 0x20, 0x6, 0x3d, 0x84,
    0x10, 0x1, 0x2d, 0xc8, 0x7, 0x24, 0x5e, 0x5c,
    0x10, 0x33, 0x80, 0xb, 0xad, 0xd0, 0xd1, 0xf5,
    0x2, 0x0, 0x2, 0x20, 0xf, 0xa4, 0x0, 0x80,
    0x1f, 0xe2, 0x10, 0x30, 0x9, 0x2b, 0x7f, 0xf8,
    0x43, 0x80, 0x17, 0x65, 0x20, 0xf, 0xea, 0x40,
    0x5b, 0xef, 0xfc, 0x20, 0x1, 0x50, 0x6a, 0x41,
    0x0, 0xc2, 0x0, 0x50, 0x6, 0x80, 0x78, 0x80,
    0x3f, 0xf8, 0x36, 0x1, 0x30, 0x3, 0x80, 0x39,
    0x58, 0x2, 0x23, 0x5, 0xb4, 0x24, 0x9a, 0x21,
    0x0, 0xb8, 0x41, 0x2f, 0x6d, 0x8b, 0xc0, 0x31,
    0x7b, 0x10, 0x9, 0xc6, 0x90, 0x4,

    /* U+00E1 "á" */
    0x0, 0xfc, 0x2f, 0x8, 0x1, 0xfe, 0xb8, 0x55,
    0x0, 0x7f, 0x32, 0x87, 0x88, 0x7, 0xe2, 0x90,
    0xa2, 0x0, 0xfe, 0xe0, 0x85, 0x0, 0xfe, 0x73,
    0x57, 0x0, 0xff, 0x3f, 0xd0, 0x7, 0xff, 0x28,
    0x9e, 0xfb, 0xfd, 0xb4, 0x80, 0x18, 0xf6, 0x10,
    0x40, 0x4, 0xb7, 0x20, 0x1c, 0x91, 0x79, 0x70,
    0x40, 0xce, 0x0, 0x2e, 0xb7, 0x43, 0x47, 0xd4,
    0x8, 0x0, 0x8, 0x80, 0x3e, 0x90, 0x2, 0x0,
    0x7f, 0x88, 0x40, 0xc0, 0x24, 0xad, 0xff, 0xe1,
    0xe, 0x0, 0x5d, 0x94, 0x80, 0x3f, 0xa9, 0x1,
    0x6f, 0xbf, 0xf0, 0x80, 0x5, 0x41, 0xa9, 0x4,
    0x3, 0x8, 0x1, 0x40, 0x1a, 0x1, 0xe2, 0x0,
    0xff, 0xe0, 0xd8, 0x4, 0xc0, 0xe, 0x0, 0xe5,
    0x60, 0x8, 0x8c, 0x16, 0xd0, 0x92, 0x68, 0x84,
    0x2, 0xe1, 0x4, 0xbd, 0xb6, 0x2f, 0x0, 0xc5,
    0xec, 0x40, 0x27, 0x1a, 0x40, 0x10,

    /* U+00E2 "â" */
    0x0, 0xf3, 0xc1, 0x0, 0x7f, 0xa2, 0xf, 0x20,
    0x1f, 0xc4, 0xe0, 0x48, 0xa0, 0x1f, 0xa4, 0x27,
    0xc2, 0xc0, 0x3e, 0x54, 0x43, 0x14, 0xc, 0x80,
    0x7a, 0xc6, 0x80, 0xe, 0x6c, 0x60, 0x1d, 0xdc,
    0x10, 0xb, 0x3c, 0xc0, 0x3f, 0xf8, 0xc4, 0xf7,
    0xdf, 0xed, 0xa4, 0x0, 0xc7, 0xb0, 0x82, 0x0,
    0x25, 0xb9, 0x0, 0xe4, 0x8b, 0xcb, 0x82, 0x6,
    0x70, 0x1, 0x75, 0xba, 0x1a, 0x3e, 0xa0, 0x40,
    0x0, 0x44, 0x1, 0xf4, 0x80, 0x10, 0x3, 0xfc,
    0x42, 0x6, 0x1, 0x25, 0x6f, 0xff, 0x8, 0x70,
    0x2, 0xec, 0xa4, 0x1, 0xfd, 0x48, 0xb, 0x7d,
    0xff, 0x84, 0x0, 0x2a, 0xd, 0x48, 0x20, 0x18,
    0x40, 0xa, 0x0, 0xd0, 0xf, 0x10, 0x7, 0xff,
    0x6, 0xc0, 0x26, 0x0, 0x70, 0x7, 0x2b, 0x0,
    0x44, 0x60, 0xb6, 0x84, 0x93, 0x44, 0x20, 0x17,
    0x8, 0x25, 0xed, 0xb1, 0x78, 0x6, 0x2f, 0x62,
    0x1, 0x38, 0xd2, 0x0, 0x80,

    /* U+00E3 "ã" */
    0x0, 0x97, 0x7f, 0x14, 0xf, 0xe0, 0x3, 0xd,
    0x11, 0xe, 0xb7, 0x41, 0x80, 0x19, 0x2, 0x77,
    0x10, 0x81, 0xd0, 0x3, 0x2f, 0xb0, 0x1d, 0xff,
    0x40, 0x7, 0xff, 0x54, 0x9e, 0xfb, 0xfd, 0xb4,
    0x80, 0x18, 0xf6, 0x10, 0x40, 0x4, 0xb7, 0x20,
    0x1c, 0x91, 0x79, 0x70, 0x40, 0xce, 0x0, 0x2e,
    0xb7, 0x43, 0x47, 0xd4, 0x8, 0x0, 0x8, 0x80,
    0x3e, 0x90, 0x2, 0x0, 0x7f, 0x88, 0x40, 0xc0,
    0x24, 0xad, 0xff, 0xe1, 0xe, 0x0, 0x5d, 0x94,
    0x80, 0x3f, 0xa9, 0x1, 0x6f, 0xbf, 0xf0, 0x80,
    0x5, 0x41, 0xa9, 0x4, 0x3, 0x8, 0x1, 0x40,
    0x1a, 0x1, 0xe2, 0x0, 0xff, 0xe0, 0xd8, 0x4,
    0xc0, 0xe, 0x0, 0xe5, 0x60, 0x8, 0x8c, 0x16,
    0xd0, 0x92, 0x68, 0x84, 0x2, 0xe1, 0x4, 0xbd,
    0xb6, 0x2f, 0x0, 0xc5, 0xec, 0x40, 0x27, 0x1a,
    0x40, 0x10,

    /* U+00E4 "ä" */
    0x0, 0xbf, 0xda, 0x0, 0x9f, 0xf1, 0x80, 0x7f,
    0xf1, 0xcc, 0x9c, 0x1, 0xc4, 0x41, 0x0, 0xec,
    0xda, 0x0, 0x3e, 0xe8, 0x80, 0x3f, 0xfa, 0x84,
    0xf7, 0xdf, 0xed, 0xa4, 0x0, 0xc7, 0xb0, 0x82,
    0x0, 0x25, 0xb9, 0x0, 0xe4, 0x8b, 0xcb, 0x82,
    0x6, 0x70, 0x1, 0x75, 0xba, 0x1a, 0x3e, 0xa0,
    0x40, 0x0, 0x44, 0x1, 0xf4, 0x80, 0x10, 0x3,
    0xfc, 0x42, 0x6, 0x1, 0x25, 0x6f, 0xff, 0x8,
    0x70, 0x2, 0xec, 0xa4, 0x1, 0xfd, 0x48, 0xb,
    0x7d, 0xff, 0x84, 0x0, 0x2a, 0xd, 0x48, 0x20,
    0x18, 0x40, 0xa, 0x0, 0xd0, 0xf, 0x10, 0x7,
    0xff, 0x6, 0xc0, 0x26, 0x0, 0x70, 0x7, 0x2b,
    0x0, 0x44, 0x60, 0xb6, 0x84, 0x93, 0x44, 0x20,
    0x17, 0x8, 0x25, 0xed, 0xb1, 0x78, 0x6, 0x2f,
    0x62, 0x1, 0x38, 0xd2, 0x0, 0x80,

    /* U+00E5 "å" */
    0x0, 0xe5, 0xaa, 0x30, 0x7, 0xf4, 0xd2, 0xaa,
    0x70, 0x3, 0xe4, 0x63, 0xde, 0x63, 0x80, 0xf,
    0x60, 0x71, 0xc, 0x8a, 0x0, 0x78, 0x40, 0xc0,
    0x23, 0x10, 0xf, 0x78, 0x48, 0x1, 0x49, 0x0,
    0x3c, 0xc4, 0xfb, 0x94, 0x16, 0x1, 0xf6, 0x31,
    0x99, 0x34, 0x80, 0x3e, 0x19, 0xef, 0xb2, 0x0,
    0xff, 0xe4, 0x13, 0xdf, 0x7f, 0xb6, 0x90, 0x3,
    0x1e, 0xc2, 0x8, 0x0, 0x96, 0xe4, 0x3, 0x92,
    0x2f, 0x2e, 0x8, 0x19, 0xc0, 0x5, 0xd6, 0xe8,
    0x68, 0xfa, 0x81, 0x0, 0x1, 0x10, 0x7, 0xd2,
    0x0, 0x40, 0xf, 0xf1, 0x8, 0x18, 0x4, 0x95,
    0xbf, 0xfc, 0x21, 0xc0, 0xb, 0xb2, 0x90, 0x7,
    0xf5, 0x20, 0x2d, 0xf7, 0xfe, 0x10, 0x0, 0xa8,
    0x35, 0x20, 0x80, 0x61, 0x0, 0x28, 0x3, 0x40,
    0x3c, 0x40, 0x1f, 0xfc, 0x1b, 0x0, 0x98, 0x1,
    0xc0, 0x1c, 0xac, 0x1, 0x11, 0x82, 0xda, 0x12,
    0x4d, 0x10, 0x80, 0x5c, 0x20, 0x97, 0xb6, 0xc5,
    0xe0, 0x18, 0xbd, 0x88, 0x4, 0xe3, 0x48, 0x2,

    /* U+00E6 "æ" */
    0x0, 0x13, 0xdf, 0x7f, 0xb6, 0x4c, 0x2, 0x17,
    0xce, 0xfe, 0xb5, 0x0, 0xe3, 0xd8, 0x41, 0x0,
    0x13, 0x64, 0x82, 0xfc, 0x18, 0x80, 0xa5, 0x58,
    0x7, 0x92, 0x2f, 0x2e, 0x8, 0x1a, 0xe8, 0x45,
    0x17, 0x94, 0xa0, 0x96, 0x1, 0x17, 0x5b, 0xa1,
    0xa3, 0xea, 0x2, 0x2, 0xf3, 0xa1, 0xad, 0x48,
    0x22, 0x0, 0x2, 0x20, 0xf, 0xa4, 0x0, 0x34,
    0x1, 0xe6, 0x30, 0xe0, 0xf, 0xf8, 0x84, 0x10,
    0x3, 0xf2, 0x82, 0x0, 0x64, 0xad, 0xff, 0xe1,
    0x5, 0xff, 0xfc, 0xc0, 0x20, 0x15, 0xd9, 0x48,
    0x3, 0xff, 0x93, 0x48, 0xb, 0x7d, 0xff, 0x84,
    0x1f, 0xff, 0xfe, 0x1, 0x50, 0x6a, 0x41, 0x0,
    0xc2, 0x4, 0x1, 0xff, 0xc0, 0x50, 0x6, 0x80,
    0x78, 0x80, 0x8, 0x1, 0xff, 0xca, 0xb0, 0x0,
    0xb0, 0x7, 0xfc, 0xc0, 0xe, 0x0, 0xe5, 0x60,
    0x10, 0x93, 0x0, 0xf9, 0x10, 0x4, 0x60, 0xb6,
    0x84, 0x93, 0x41, 0x5a, 0x0, 0xca, 0x42, 0x34,
    0x8d, 0xb3, 0x0, 0x70, 0x82, 0x5e, 0xdb, 0x4,
    0xa9, 0xe0, 0x82, 0xde, 0xe5, 0xb9, 0x0, 0x80,
    0xb, 0xdc, 0x80, 0x4, 0xda, 0xc0, 0x3, 0xe9,
    0x41, 0x0, 0xa, 0x46, 0xb0, 0x0,

    /* U+00E7 "ç" */
    0x0, 0xc7, 0x3b, 0xfe, 0xdb, 0x61, 0x0, 0xa7,
    0x18, 0x80, 0x4, 0x93, 0x60, 0xa, 0x60, 0x18,
    0xbc, 0xb8, 0x20, 0x3, 0x28, 0x1f, 0x3a, 0x1a,
    0x3e, 0xd8, 0x58, 0xe, 0x80, 0x7c, 0x24, 0x40,
    0x71, 0x0, 0xfc, 0xe0, 0xc, 0x0, 0xfe, 0x30,
    0x3, 0x0, 0x7f, 0xf2, 0x8c, 0x0, 0xc0, 0x1f,
    0xce, 0x0, 0xc0, 0xf, 0xe2, 0x20, 0x38, 0x80,
    0x7f, 0x40, 0xd, 0x0, 0x7c, 0x20, 0xaa, 0x4,
    0xe7, 0x33, 0x23, 0xe5, 0x80, 0x29, 0x80, 0x63,
    0x31, 0x70, 0x60, 0x1a, 0x71, 0x88, 0x2, 0x49,
    0xb0, 0xc, 0x73, 0xbc, 0x9, 0x6c, 0x20, 0x1f,
    0xb, 0x21, 0x80, 0x7f, 0xb0, 0x2c, 0x3, 0xe1,
    0x0, 0x68, 0x7, 0xe1, 0xec, 0xc3, 0x86, 0x0,
    0x78, 0x4c, 0xe2, 0x94, 0x0, 0x0,

    /* U+00E8 "è" */
    0x0, 0x92, 0x1c, 0x3, 0xff, 0x80, 0xad, 0x12,
    0x1, 0xff, 0xe, 0x83, 0x28, 0x7, 0xfc, 0x74,
    0x16, 0x20, 0x1f, 0xf2, 0xb8, 0xd0, 0x7, 0xff,
    0x2, 0x11, 0xc, 0x1, 0xff, 0xc0, 0xbf, 0x60,
    0xf, 0xfe, 0x61, 0xce, 0xff, 0xb6, 0x4c, 0x3,
    0xd3, 0x8c, 0x40, 0x2, 0x6c, 0x80, 0xd, 0x4c,
    0x7, 0x37, 0x92, 0x40, 0xee, 0x0, 0x2a, 0x82,
    0x71, 0x90, 0xdb, 0x50, 0x20, 0x42, 0x41, 0x58,
    0x3, 0xd4, 0x0, 0x71, 0x30, 0xf0, 0xf, 0x84,
    0x83, 0xd0, 0x1, 0x5f, 0xff, 0x88, 0x8, 0xc0,
    0x3f, 0xf8, 0xb9, 0xff, 0xfe, 0xb3, 0x0, 0x28,
    0x7, 0xfc, 0xe0, 0xc, 0x0, 0xff, 0x88, 0x80,
    0xa4, 0x1, 0xff, 0x40, 0x3, 0xc4, 0x3, 0xe6,
    0x10, 0x56, 0x2, 0xe8, 0x43, 0x32, 0xcf, 0x49,
    0x80, 0x25, 0xc0, 0xf, 0x79, 0x8a, 0x61, 0x0,
    0xe8, 0xd7, 0x31, 0x0, 0x12, 0xcf, 0x10,

    /* U+00E9 "é" */
    0x0, 0xfe, 0x38, 0x81, 0x0, 0x7f, 0xdc, 0xe6,
    0x40, 0x1f, 0xe9, 0x22, 0x58, 0x7, 0xf9, 0x18,
    0x7c, 0x3, 0xfc, 0x34, 0x14, 0x40, 0x1f, 0xeb,
    0x18, 0x40, 0xf, 0xfa, 0xbd, 0xc0, 0x3f, 0xf9,
    0xa7, 0x3b, 0xfe, 0xd9, 0x30, 0xf, 0x4e, 0x31,
    0x0, 0x9, 0xb2, 0x0, 0x35, 0x30, 0x1c, 0xde,
    0x49, 0x3, 0xb8, 0x0, 0xaa, 0x9, 0xc6, 0x43,
    0x6d, 0x40, 0x81, 0x9, 0x5, 0x60, 0xf, 0x50,
    0x1, 0xc4, 0xc3, 0xc0, 0x3e, 0x12, 0xf, 0x40,
    0x5, 0x7f, 0xfe, 0x20, 0x23, 0x0, 0xff, 0xe2,
    0xe7, 0xff, 0xfa, 0xcc, 0x0, 0xa0, 0x1f, 0xf3,
    0x80, 0x30, 0x3, 0xfe, 0x22, 0x2, 0x90, 0x7,
    0xfd, 0x0, 0xf, 0x10, 0xf, 0x98, 0x41, 0x58,
    0xb, 0xa1, 0xc, 0xcb, 0x3d, 0x26, 0x0, 0x97,
    0x0, 0x3d, 0xe6, 0x29, 0x84, 0x3, 0xa3, 0x5c,
    0xc4, 0x0, 0x4b, 0x3c, 0x40,

    /* U+00EA "ê" */
    0x0, 0xf1, 0x43, 0x80, 0x7f, 0xf0, 0x25, 0xe2,
    0x0, 0x1f, 0xe5, 0x42, 0x17, 0x20, 0xf, 0xeb,
    0xf, 0xb0, 0x90, 0xf, 0xd0, 0x30, 0x4a, 0xa4,
    0x50, 0xf, 0x13, 0x9b, 0x80, 0x2c, 0x6c, 0x3,
    0xc5, 0xf8, 0x1, 0xf, 0x70, 0x3, 0xff, 0x94,
    0x73, 0xbf, 0xed, 0x93, 0x0, 0xf4, 0xe3, 0x10,
    0x0, 0x9b, 0x20, 0x3, 0x53, 0x1, 0xcd, 0xe4,
    0x90, 0x3b, 0x80, 0xa, 0xa0, 0x9c, 0x64, 0x36,
    0xd4, 0x8, 0x10, 0x90, 0x56, 0x0, 0xf5, 0x0,
    0x1c, 0x4c, 0x3c, 0x3, 0xe1, 0x20, 0xf4, 0x0,
    0x57, 0xff, 0xe2, 0x2, 0x30, 0xf, 0xfe, 0x2e,
    0x7f, 0xff, 0xac, 0xc0, 0xa, 0x1, 0xff, 0x38,
    0x3, 0x0, 0x3f, 0xe2, 0x20, 0x29, 0x0, 0x7f,
    0xd0, 0x0, 0xf1, 0x0, 0xf9, 0x84, 0x15, 0x80,
    0xba, 0x10, 0xcc, 0xb3, 0xd2, 0x60, 0x9, 0x70,
    0x3, 0xde, 0x62, 0x98, 0x40, 0x3a, 0x35, 0xcc,
    0x40, 0x4, 0xb3, 0xc4,

    /* U+00EB "ë" */
    0x0, 0x8b, 0xfd, 0x20, 0xd, 0xff, 0x0, 0x7f,
    0xf2, 0x88, 0x9c, 0x0, 0x72, 0x30, 0xf, 0x16,
    0xe9, 0xc0, 0x15, 0xb8, 0x1, 0xff, 0xd9, 0x39,
    0xdf, 0xf6, 0xc9, 0x80, 0x7a, 0x71, 0x88, 0x0,
    0x4d, 0x90, 0x1, 0xa9, 0x80, 0xe6, 0xf2, 0x48,
    0x1d, 0xc0, 0x5, 0x50, 0x4e, 0x32, 0x1b, 0x6a,
    0x4, 0x8, 0x48, 0x2b, 0x0, 0x7a, 0x80, 0xe,
    0x26, 0x1e, 0x1, 0xf0, 0x90, 0x7a, 0x0, 0x2b,
    0xff, 0xf1, 0x1, 0x18, 0x7, 0xff, 0x17, 0x3f,
    0xff, 0xd6, 0x60, 0x5, 0x0, 0xff, 0x9c, 0x1,
    0x80, 0x1f, 0xf1, 0x10, 0x14, 0x80, 0x3f, 0xe8,
    0x0, 0x78, 0x80, 0x7c, 0xc2, 0xa, 0xc0, 0x5d,
    0x8, 0x66, 0x59, 0xe9, 0x30, 0x4, 0xb8, 0x1,
    0xef, 0x31, 0x4c, 0x20, 0x1d, 0x1a, 0xe6, 0x20,
    0x2, 0x59, 0xe2,

    /* U+00EC "ì" */
    0x6f, 0xf2, 0x0, 0x4c, 0xc0, 0xa1, 0x0, 0xa5,
    0x6, 0xc0, 0x35, 0x12, 0xa8, 0x2, 0x1f, 0xa,
    0x10, 0x8, 0xad, 0xd4, 0x3, 0x24, 0x20, 0x4,
    0xbf, 0xe2, 0x0, 0xff, 0xff, 0x80, 0x7f, 0xf4,
    0x80,

    /* U+00ED "í" */
    0x0, 0xd1, 0xfe, 0x20, 0x9, 0x1c, 0x2c, 0x80,
    0x2a, 0x8, 0x40, 0xa, 0x85, 0x5c, 0x2, 0x55,
    0x15, 0x0, 0x63, 0x7f, 0x0, 0xe6, 0x82, 0x0,
    0xe5, 0xff, 0x10, 0x7, 0xff, 0xfc, 0x3, 0xff,
    0xc8,

    /* U+00EE "î" */
    0x0, 0x9b, 0xfc, 0x60, 0x1c, 0x30, 0x0, 0xf0,
    0xe, 0xb1, 0x84, 0x36, 0x0, 0x91, 0x4d, 0xe8,
    0x64, 0x40, 0x12, 0x1c, 0x3, 0x61, 0x60, 0x4b,
    0x64, 0x0, 0x59, 0xd0, 0x28, 0x40, 0xc, 0xce,
    0x1, 0x97, 0xfc, 0x40, 0x1f, 0xff, 0xf0, 0xf,
    0xff, 0xf8, 0x4,

    /* U+00EF "ï" */
    0x2f, 0xf4, 0x80, 0x37, 0xfc, 0x1, 0xfe, 0x22,
    0x70, 0x1, 0xc8, 0xcb, 0x74, 0xe0, 0xa, 0xdc,
    0x0, 0xff, 0xe4, 0xaf, 0xf8, 0x80, 0x3f, 0xff,
    0xe0, 0x1f, 0xff, 0x20,

    /* U+00F0 "ð" */
    0x0, 0x93, 0xfd, 0x80, 0x18, 0x94, 0x3, 0x92,
    0x80, 0xec, 0xe3, 0x75, 0x0, 0x1e, 0x55, 0x2,
    0x62, 0xab, 0x34, 0x3, 0x2d, 0x72, 0x88, 0x1,
    0x60, 0xc0, 0x3a, 0xda, 0x77, 0x98, 0x1d, 0x40,
    0x3d, 0xd8, 0xe4, 0x12, 0x81, 0x46, 0x1, 0xf2,
    0xdf, 0x7a, 0x80, 0x34, 0x40, 0x3a, 0xe9, 0x4,
    0x4, 0x0, 0x34, 0x1, 0xb1, 0x0, 0xeb, 0x75,
    0x68, 0x8, 0x80, 0x3, 0x18, 0x2e, 0x29, 0x11,
    0x28, 0x43, 0xc0, 0x16, 0x3, 0x40, 0x1c, 0x2e,
    0x8, 0x24, 0x40, 0x60, 0xf, 0xb0, 0x0, 0x8e,
    0x0, 0xd0, 0xf, 0x9c, 0x0, 0x46, 0x0, 0x60,
    0xf, 0x8c, 0x1, 0xe0, 0x1f, 0xfc, 0x33, 0x0,
    0x30, 0x7, 0xc4, 0x0, 0xf7, 0x0, 0x68, 0x7,
    0xca, 0x0, 0x32, 0x20, 0x30, 0x7, 0xd4, 0x0,
    0x40, 0xb0, 0x1a, 0x0, 0xe7, 0x30, 0x70, 0x3,
    0x20, 0x2e, 0x29, 0xa5, 0x40, 0x14, 0x0, 0x56,
    0x80, 0x75, 0x96, 0xa0, 0x78, 0x1, 0xd7, 0x64,
    0x10, 0x14, 0x9c, 0x10, 0x0,

    /* U+00F1 "ñ" */
    0x0, 0x8f, 0x7a, 0x80, 0x5, 0xf0, 0x1, 0xda,
    0x46, 0xba, 0x4a, 0x1c, 0x1, 0x90, 0x63, 0x5c,
    0xb6, 0x5, 0x80, 0x38, 0xd0, 0x22, 0xd1, 0x70,
    0x3, 0x93, 0xc, 0x0, 0x97, 0x44, 0x1, 0xff,
    0xc5, 0x7f, 0xf0, 0x83, 0x67, 0xfb, 0x5c, 0x3,
    0xc7, 0x92, 0x60, 0x2, 0x8c, 0x0, 0xe9, 0x35,
    0xab, 0x92, 0x3, 0x80, 0xc, 0x95, 0x45, 0x46,
    0xd2, 0x6, 0x0, 0xca, 0xa0, 0xe, 0xa0, 0x12,
    0x0, 0xb8, 0x3, 0xc8, 0x0, 0x70, 0x9, 0x40,
    0x3c, 0x20, 0x1f, 0xfc, 0x43, 0x0, 0xff, 0xff,
    0x80, 0x7f, 0xf6, 0x40,

    /* U+00F2 "ò" */
    0x0, 0x9e, 0x18, 0x3, 0xff, 0x80, 0x6f, 0x28,
    0x1, 0xff, 0x24, 0x5, 0x8, 0x7, 0xfc, 0xea,
    0x34, 0x1, 0xff, 0xc0, 0xa2, 0x46, 0x0, 0xff,
    0xe0, 0x78, 0xc9, 0x0, 0x7f, 0xc5, 0xde, 0x40,
    0x1f, 0xfc, 0xc6, 0xbe, 0xfe, 0xc6, 0x0, 0xf0,
    0xe4, 0xa0, 0x80, 0x9c, 0xe9, 0x0, 0x6c, 0x30,
    0x3a, 0xca, 0x40, 0x2c, 0x10, 0x3, 0x90, 0x36,
    0x29, 0xad, 0xb8, 0xc, 0x0, 0x24, 0x6, 0x40,
    0x3a, 0xc, 0x18, 0x48, 0x41, 0x80, 0x3e, 0xa0,
    0x2, 0x38, 0x3, 0x40, 0x3e, 0x50, 0x1, 0x18,
    0x1, 0x80, 0x3e, 0x20, 0x7, 0x80, 0x7f, 0xf0,
    0xcc, 0x0, 0xc0, 0x1f, 0x18, 0x3, 0xdc, 0x1,
    0xa0, 0x1f, 0x20, 0x0, 0x88, 0x20, 0xc0, 0x1f,
    0x50, 0x1, 0x2, 0x40, 0x64, 0x3, 0x9c, 0xc1,
    0x84, 0x1c, 0x81, 0xad, 0x4d, 0x2a, 0x0, 0x60,
    0x2, 0xc3, 0x4, 0xac, 0xb5, 0x2, 0xc1, 0x0,
    0x87, 0x25, 0x4, 0x4, 0xe3, 0x48, 0x0,

    /* U+00F3 "ó" */
    0x0, 0xfe, 0x58, 0x70, 0xf, 0xf8, 0xe9, 0xc4,
    0x3, 0xfe, 0xe0, 0x66, 0x0, 0x7f, 0xa4, 0x92,
    0x40, 0x3f, 0xca, 0xc5, 0x40, 0x1f, 0xe1, 0xb0,
    0xf1, 0x0, 0xff, 0xf, 0x79, 0x0, 0x7f, 0xf3,
    0x5a, 0xfb, 0xfb, 0x18, 0x3, 0xc3, 0x92, 0x82,
    0x2, 0x73, 0xa4, 0x1, 0xb0, 0xc0, 0xeb, 0x29,
    0x0, 0xb0, 0x40, 0xe, 0x40, 0xd8, 0xa6, 0xb6,
    0xe0, 0x30, 0x0, 0x90, 0x19, 0x0, 0xe8, 0x30,
    0x61, 0x21, 0x6, 0x0, 0xfa, 0x80, 0x8, 0xe0,
    0xd, 0x0, 0xf9, 0x40, 0x4, 0x60, 0x6, 0x0,
    0xf8, 0x80, 0x1e, 0x1, 0xff, 0xc3, 0x30, 0x3,
    0x0, 0x7c, 0x60, 0xf, 0x70, 0x6, 0x80, 0x7c,
    0x80, 0x2, 0x20, 0x83, 0x0, 0x7d, 0x40, 0x4,
    0x9, 0x1, 0x90, 0xe, 0x73, 0x6, 0x10, 0x72,
    0x6, 0xb5, 0x34, 0xa8, 0x1, 0x80, 0xb, 0xc,
    0x12, 0xb2, 0xd4, 0xb, 0x4, 0x2, 0x1c, 0x94,
    0x10, 0x13, 0x8d, 0x20, 0x0,

    /* U+00F4 "ô" */
    0x0, 0xf2, 0x42, 0x80, 0x7f, 0xc3, 0x6f, 0x46,
    0x1, 0xfe, 0xb0, 0x30, 0xf0, 0xf, 0xe4, 0x53,
    0xc5, 0x36, 0x0, 0xfd, 0x21, 0xc1, 0x63, 0x2,
    0x1, 0xe7, 0x28, 0x20, 0x1b, 0x1b, 0x0, 0xf3,
    0xfb, 0x80, 0x4b, 0xf4, 0x1, 0xff, 0xca, 0x6b,
    0xef, 0xec, 0x60, 0xf, 0xe, 0x4a, 0x8, 0x9,
    0xce, 0x90, 0x6, 0xc3, 0x3, 0xac, 0xa4, 0x2,
    0xc1, 0x0, 0x39, 0x3, 0x62, 0x9a, 0xdb, 0x80,
    0xc0, 0x2, 0x40, 0x64, 0x3, 0xa0, 0xc1, 0x84,
    0x84, 0x18, 0x3, 0xea, 0x0, 0x23, 0x80, 0x34,
    0x3, 0xe5, 0x0, 0x11, 0x80, 0x18, 0x3, 0xe2,
    0x0, 0x78, 0x7, 0xff, 0xc, 0xc0, 0xc, 0x1,
    0xf1, 0x80, 0x3d, 0xc0, 0x1a, 0x1, 0xf2, 0x0,
    0x8, 0x82, 0xc, 0x1, 0xf5, 0x0, 0x10, 0x24,
    0x6, 0x40, 0x39, 0xcc, 0x18, 0x41, 0xc8, 0x1a,
    0xd4, 0xd2, 0xa0, 0x6, 0x0, 0x2c, 0x30, 0x4a,
    0xcb, 0x50, 0x2c, 0x10, 0x8, 0x72, 0x50, 0x40,
    0x4e, 0x34, 0x80, 0x0,

    /* U+00F5 "õ" */
    0x0, 0x86, 0xbf, 0xa0, 0x42, 0xfc, 0x3, 0xd0,
    0xa4, 0xf, 0xda, 0x88, 0x0, 0xf2, 0x16, 0xf4,
    0x11, 0xe, 0x40, 0x3d, 0xba, 0x0, 0x3e, 0xfe,
    0x10, 0x7, 0xff, 0x65, 0xaf, 0xbf, 0xb1, 0x80,
    0x3c, 0x39, 0x28, 0x20, 0x27, 0x3a, 0x40, 0x1b,
    0xc, 0xe, 0xb2, 0x90, 0xb, 0x4, 0x0, 0xe4,
    0xd, 0x8a, 0x6b, 0x6e, 0x3, 0x0, 0x9, 0x1,
    0x90, 0xe, 0x83, 0x6, 0x12, 0x10, 0x60, 0xf,
    0xa8, 0x0, 0x8e, 0x0, 0xd0, 0xf, 0x94, 0x0,
    0x46, 0x0, 0x60, 0xf, 0x88, 0x1, 0xe0, 0x1f,
    0xfc, 0x33, 0x0, 0x30, 0x7, 0xc6, 0x0, 0xf7,
    0x0, 0x68, 0x7, 0xc8, 0x0, 0x22, 0x8, 0x30,
    0x7, 0xd4, 0x0, 0x40, 0x90, 0x19, 0x0, 0xe7,
    0x30, 0x61, 0x7, 0x20, 0x6b, 0x53, 0x4a, 0x80,
    0x18, 0x0, 0xb0, 0xc1, 0x2b, 0x2d, 0x40, 0xb0,
    0x40, 0x21, 0xc9, 0x41, 0x1, 0x38, 0xd2, 0x0,
    0x0,

    /* U+00F6 "ö" */
    0x0, 0x9f, 0xfc, 0x80, 0x5f, 0xea, 0x0, 0xff,
    0xe4, 0x89, 0x11, 0xc0, 0xc8, 0xa0, 0xf, 0x36,
    0xe8, 0xc0, 0x77, 0x50, 0x1, 0xff, 0xd9, 0x6b,
    0xef, 0xec, 0x60, 0xf, 0xe, 0x4a, 0x8, 0x9,
    0xce, 0x90, 0x6, 0xc3, 0x3, 0xac, 0xa4, 0x2,
    0xc1, 0x0, 0x39, 0x3, 0x62, 0x9a, 0xdb, 0x80,
    0xc0, 0x2, 0x40, 0x64, 0x3, 0xa0, 0xc1, 0x84,
    0x84, 0x18, 0x3, 0xea, 0x0, 0x23, 0x80, 0x34,
    0x3, 0xe5, 0x0, 0x11, 0x80, 0x18, 0x3, 0xe2,
    0x0, 0x78, 0x7, 0xff, 0xc, 0xc0, 0xc, 0x1,
    0xf1, 0x80, 0x3d, 0xc0, 0x1a, 0x1, 0xf2, 0x0,
    0x8, 0x82, 0xc, 0x1, 0xf5, 0x0, 0x10, 0x24,
    0x6, 0x40, 0x39, 0xcc, 0x18, 0x41, 0xc8, 0x1a,
    0xd4, 0xd2, 0xa0, 0x6, 0x0, 0x2c, 0x30, 0x4a,
    0xcb, 0x50, 0x2c, 0x10, 0x8, 0x72, 0x50, 0x40,
    0x4e, 0x34, 0x80, 0x0,

    /* U+00F7 "÷" */
    0x0, 0xfd, 0xff, 0x30, 0x7, 0xff, 0xa6, 0x62,
    0x8, 0x1, 0xff, 0xc3, 0x67, 0x71, 0x0, 0x7e,
    0x66, 0xff, 0xe2, 0x98, 0x4c, 0xff, 0xf1, 0x6c,
    0x3, 0xff, 0x91, 0xff, 0xff, 0xc5, 0x80, 0xf,
    0xfe, 0x7b, 0x34, 0x40, 0x1f, 0xfc, 0x39, 0x99,
    0x0, 0x3f, 0xfc, 0x20,

    /* U+00F8 "ø" */
    0x0, 0xff, 0xe1, 0x3a, 0x80, 0x79, 0xaf, 0xbf,
    0xad, 0x81, 0x22, 0x0, 0x18, 0x72, 0x50, 0x40,
    0x52, 0x76, 0xc3, 0xc0, 0x36, 0x18, 0x25, 0x65,
    0xa8, 0x10, 0x51, 0x0, 0x4e, 0x40, 0xd6, 0xa6,
    0x94, 0x40, 0xc, 0x0, 0xd2, 0x3, 0x20, 0x1a,
    0x48, 0x80, 0xc0, 0x11, 0x8, 0x30, 0x6, 0x76,
    0x78, 0x0, 0x20, 0x1, 0xc0, 0x1a, 0x1, 0x24,
    0x24, 0x38, 0x0, 0xc0, 0x6, 0x0, 0x60, 0x1,
    0x59, 0x50, 0x18, 0x3, 0xc0, 0x3e, 0x1f, 0xf,
    0x10, 0xf, 0x8c, 0x0, 0xe1, 0xa5, 0x44, 0x0,
    0x20, 0x7, 0x80, 0x1c, 0x1, 0x92, 0x6e, 0xa0,
    0x12, 0x80, 0x8, 0x0, 0x42, 0xe, 0xc9, 0x0,
    0x1a, 0xc0, 0x8, 0x1, 0x48, 0x0, 0x6c, 0x3,
    0x41, 0x2, 0x88, 0x4, 0x80, 0x1, 0xb4, 0x34,
    0xa7, 0x1, 0xb0, 0x8, 0x78, 0xc, 0x12, 0xf2,
    0xd4, 0xb, 0x4, 0x2, 0xa2, 0x8c, 0xa4, 0x10,
    0x13, 0x8d, 0x20, 0xd, 0xec, 0xe0, 0xb7, 0xdf,
    0xd8, 0xe0, 0x1c,

    /* U+00F9 "ù" */
    0x0, 0x34, 0x30, 0x7, 0xfc, 0xaf, 0x2c, 0x1,
    0xfe, 0x39, 0x9, 0x20, 0xf, 0xf3, 0x30, 0x38,
    0x3, 0xfe, 0x94, 0x38, 0x0, 0xff, 0xa8, 0x9c,
    0xc0, 0x3f, 0xc3, 0xbe, 0x60, 0x1f, 0xfc, 0x7a,
    0xfe, 0x0, 0xf9, 0x7f, 0xc6, 0x1, 0xff, 0xff,
    0x0, 0xff, 0xec, 0x98, 0x7, 0xff, 0xc, 0x40,
    0x3e, 0xd0, 0xb, 0x80, 0x4, 0x1, 0xe5, 0x0,
    0x90, 0x1, 0x0, 0x1d, 0x24, 0x1, 0x19, 0x81,
    0x6d, 0x51, 0xb1, 0x90, 0x3, 0x70, 0x82, 0x55,
    0xc9, 0xb7, 0x0, 0x62, 0xf6, 0x20, 0x14, 0xb9,
    0x0, 0xc0,

    /* U+00FA "ú" */
    0x0, 0xfc, 0x90, 0xe0, 0x1f, 0xe2, 0xb7, 0x0,
    0xff, 0xb8, 0x15, 0xc0, 0x3f, 0xa0, 0xca, 0x80,
    0x3f, 0x8d, 0xc7, 0xc0, 0x3f, 0xdc, 0x14, 0x40,
    0x1f, 0xed, 0xf4, 0x0, 0xff, 0xe4, 0x57, 0xf0,
    0x7, 0xcb, 0xfe, 0x30, 0xf, 0xff, 0xf8, 0x7,
    0xff, 0x64, 0xc0, 0x3f, 0xf8, 0x62, 0x1, 0xf6,
    0x80, 0x5c, 0x0, 0x20, 0xf, 0x28, 0x4, 0x80,
    0x8, 0x0, 0xe9, 0x20, 0x8, 0xcc, 0xb, 0x6a,
    0x8d, 0x8c, 0x80, 0x1b, 0x84, 0x12, 0xae, 0x4d,
    0xb8, 0x3, 0x17, 0xb1, 0x0, 0xa5, 0xc8, 0x6,

    /* U+00FB "û" */
    0x0, 0xe3, 0x86, 0x0, 0xff, 0xb5, 0xe5, 0x0,
    0x3f, 0xa0, 0x4c, 0x24, 0x3, 0xf1, 0x38, 0xe3,
    0x14, 0x0, 0x7d, 0xc1, 0x41, 0x24, 0xe4, 0x1,
    0xca, 0x6c, 0x80, 0xe, 0x9, 0x0, 0xe5, 0xf9,
    0x0, 0x8f, 0xec, 0x3, 0xff, 0x8b, 0x5f, 0xc0,
    0x1f, 0x2f, 0xf8, 0xc0, 0x3f, 0xff, 0xe0, 0x1f,
    0xfd, 0x93, 0x0, 0xff, 0xe1, 0x88, 0x7, 0xda,
    0x1, 0x70, 0x0, 0x80, 0x3c, 0xa0, 0x12, 0x0,
    0x20, 0x3, 0xa4, 0x80, 0x23, 0x30, 0x2d, 0xaa,
    0x36, 0x32, 0x0, 0x6e, 0x10, 0x4a, 0xb9, 0x36,
    0xe0, 0xc, 0x5e, 0xc4, 0x2, 0x97, 0x20, 0x18,

    /* U+00FC "ü" */
    0x0, 0x37, 0xf9, 0x80, 0x1f, 0xec, 0x0, 0xff,
    0xe3, 0x91, 0x46, 0x0, 0x22, 0x28, 0x7, 0x26,
    0xe9, 0x40, 0x1b, 0xa9, 0x0, 0xff, 0xe9, 0xd7,
    0xf0, 0x7, 0xcb, 0xfe, 0x30, 0xf, 0xff, 0xf8,
    0x7, 0xff, 0x64, 0xc0, 0x3f, 0xf8, 0x62, 0x1,
    0xf6, 0x80, 0x5c, 0x0, 0x20, 0xf, 0x28, 0x4,
    0x80, 0x8, 0x0, 0xe9, 0x20, 0x8, 0xcc, 0xb,
    0x6a, 0x8d, 0x8c, 0x80, 0x1b, 0x84, 0x12, 0xae,
    0x4d, 0xb8, 0x3, 0x17, 0xb1, 0x0, 0xa5, 0xc8,
    0x6,

    /* U+00FD "ý" */
    0x0, 0xfe, 0x2f, 0xf3, 0x80, 0x7f, 0xf0, 0x3c,
    0x15, 0xc0, 0x3f, 0xe8, 0x22, 0x50, 0x7, 0xfc,
    0x8e, 0x3e, 0x1, 0xff, 0xc0, 0xa0, 0xa2, 0x0,
    0xff, 0x8d, 0xa9, 0x0, 0x3f, 0xf8, 0x7, 0xa,
    0x1, 0xfb, 0xbe, 0xc0, 0x3f, 0xf, 0xfa, 0x1,
    0xc1, 0x4, 0x3, 0xe9, 0x0, 0x50, 0x58, 0x1,
    0x80, 0x3e, 0x50, 0x32, 0x2, 0x30, 0xa0, 0xf,
    0x21, 0x5, 0x0, 0x54, 0x4, 0x60, 0x1d, 0xc0,
    0x6, 0x0, 0x98, 0x1, 0x40, 0x18, 0x54, 0x18,
    0x3, 0x98, 0x18, 0x3, 0x38, 0x2, 0x80, 0x3a,
    0x80, 0xa, 0x1, 0x50, 0x11, 0x80, 0x71, 0x90,
    0x48, 0x0, 0x8c, 0x28, 0x3, 0xeb, 0x3, 0x20,
    0xb0, 0x3, 0x0, 0x7c, 0xe0, 0xa, 0x7, 0x5,
    0x10, 0xf, 0x85, 0x41, 0x94, 0x43, 0x80, 0x3f,
    0xa4, 0x6, 0xc0, 0x50, 0x3, 0xf8, 0xc8, 0x4,
    0x18, 0x3, 0xfe, 0xa0, 0xa, 0x80, 0x3f, 0xe6,
    0x0, 0x19, 0x0, 0x7f, 0xca, 0x0, 0x90, 0xf,
    0xfe, 0x7, 0x0, 0x14, 0x3, 0xfe, 0x25, 0x6,
    0x0, 0xfe, 0x12, 0x4f, 0x0, 0x40, 0x7, 0xf6,
    0xea, 0xc8, 0x20, 0x40, 0x3f, 0xf8, 0x7, 0x4e,
    0x1, 0xf8,

    /* U+00FE "þ" */
    0x7f, 0xf0, 0x80, 0x7f, 0xff, 0xc0, 0x3f, 0xf8,
    0x8f, 0xbf, 0xec, 0x60, 0xf, 0x8f, 0x60, 0x80,
    0x7, 0x36, 0x1, 0xee, 0x25, 0xbd, 0xa3, 0x4,
    0xa0, 0xe, 0x39, 0xa4, 0x25, 0xc4, 0x5, 0x40,
    0xc, 0x6c, 0x1, 0xd4, 0x0, 0xf0, 0xd, 0x40,
    0x1e, 0x14, 0x4, 0x0, 0xca, 0x1, 0xf6, 0x0,
    0x8, 0x2, 0x20, 0xf, 0x84, 0x0, 0x20, 0x1f,
    0xfc, 0x62, 0x0, 0xf8, 0x40, 0x2, 0x1, 0x28,
    0x7, 0xd8, 0x0, 0x20, 0xa, 0x80, 0x3c, 0x28,
    0x8, 0x1, 0x8d, 0x80, 0x3a, 0x80, 0x1e, 0x1,
    0x8e, 0x64, 0x84, 0xb8, 0x80, 0xa8, 0x1, 0xb8,
    0x9a, 0xf6, 0x8c, 0xe, 0x80, 0x38, 0xf6, 0x8,
    0x0, 0x73, 0x80, 0x1f, 0x9f, 0x7f, 0xd8, 0xc0,
    0x1f, 0xff, 0xf0, 0xc,

    /* U+00FF "ÿ" */
    0x0, 0xd9, 0xfe, 0x0, 0x37, 0xf9, 0x40, 0x3f,
    0xf9, 0x6c, 0x44, 0x0, 0x19, 0x10, 0x40, 0x3e,
    0xad, 0xd0, 0x1, 0x77, 0x48, 0x1, 0xff, 0xd8,
    0xef, 0xb0, 0xf, 0xc3, 0xfe, 0x80, 0x70, 0x41,
    0x0, 0xfa, 0x40, 0x14, 0x16, 0x0, 0x60, 0xf,
    0x94, 0xc, 0x80, 0x8c, 0x28, 0x3, 0xc8, 0x41,
    0x40, 0x15, 0x1, 0x18, 0x7, 0x70, 0x1, 0x80,
    0x26, 0x0, 0x50, 0x6, 0x15, 0x6, 0x0, 0xe6,
    0x6, 0x0, 0xce, 0x0, 0xa0, 0xe, 0xa0, 0x2,
    0x80, 0x54, 0x4, 0x60, 0x1c, 0x64, 0x12, 0x0,
    0x23, 0xa, 0x0, 0xfa, 0xc0, 0xc8, 0x2c, 0x0,
    0xc0, 0x1f, 0x38, 0x2, 0x81, 0xc1, 0x44, 0x3,
    0xe1, 0x50, 0x65, 0x10, 0xe0, 0xf, 0xe9, 0x1,
    0xb0, 0x14, 0x0, 0xfe, 0x32, 0x1, 0x6, 0x0,
    0xff, 0xa8, 0x2, 0xa0, 0xf, 0xf9, 0x80, 0x6,
    0x40, 0x1f, 0xf2, 0x80, 0x24, 0x3, 0xff, 0x81,
    0xc0, 0x5, 0x0, 0xff, 0x89, 0x41, 0x80, 0x3f,
    0x84, 0x93, 0xc0, 0x10, 0x1, 0xfd, 0xba, 0xb2,
    0x8, 0x10, 0xf, 0xfe, 0x1, 0xd3, 0x80, 0x7e,

    /* U+2013 "–" */
    0x0, 0xff, 0xe0, 0x57, 0xff, 0xfa, 0x80, 0x3f,
    0xf8, 0x0,

    /* U+2014 "—" */
    0x0, 0xff, 0xe7, 0x57, 0xff, 0xff, 0x32, 0x80,
    0x3f, 0xf9, 0xc0,

    /* U+2018 "‘" */
    0x0, 0x57, 0xa0, 0x12, 0x82, 0x4, 0x1, 0x81,
    0x28, 0x20, 0x58, 0x3, 0x0, 0xc0, 0x31, 0x14,
    0xe0,

    /* U+2019 "’" */
    0x7, 0xff, 0x38, 0x7, 0xbc, 0x0, 0x80, 0x80,
    0x86, 0x6, 0x10, 0x8, 0x8, 0x60, 0x6, 0x80,
    0x0,

    /* U+201A "‚" */
    0x6, 0xdd, 0x28, 0x71, 0x10, 0xc0, 0x31, 0x81,
    0x80, 0xa8, 0x20, 0x40, 0x20, 0x13, 0x6, 0x5,
    0x80, 0x0,

    /* U+201C "“" */
    0x0, 0x57, 0xa0, 0x0, 0x7f, 0x40, 0x94, 0x10,
    0x1, 0x20, 0x81, 0x0, 0x60, 0x1, 0x70, 0xc2,
    0x50, 0x40, 0x4, 0x80, 0x12, 0xc0, 0x18, 0x0,
    0x70, 0x11, 0x18, 0x7, 0xf1, 0x14, 0xe0, 0x2,
    0x28, 0x0,

    /* U+201D "”" */
    0x8, 0xff, 0x30, 0x3, 0xbf, 0xc0, 0x1f, 0xfc,
    0x22, 0x0, 0xc2, 0x8, 0x4, 0x80, 0x42, 0x10,
    0x6, 0x10, 0x0, 0x40, 0x16, 0x40, 0x25, 0x0,
    0x60, 0x40, 0x19, 0x48, 0x4, 0xc6, 0xc0,

    /* U+201E "„" */
    0x6, 0xdd, 0x28, 0x3, 0x37, 0x41, 0xc4, 0x43,
    0x0, 0x11, 0x40, 0x18, 0xc0, 0x30, 0x81, 0x80,
    0xa8, 0x10, 0x84, 0x82, 0x4, 0x0, 0x10, 0x5,
    0xd0, 0x9, 0x80, 0x18, 0x12, 0x18, 0x16, 0x1,
    0x20, 0x38, 0x0,

    /* U+2022 "•" */
    0x0, 0x88, 0xc4, 0x3, 0x1e, 0xeb, 0x3a, 0x0,
    0x3, 0xa4, 0x1, 0x3c, 0x84, 0x8, 0x7, 0x30,
    0xa8, 0x7, 0xca, 0xe0, 0x1f, 0x3e, 0x0, 0x78,
    0x4d, 0xc8, 0x3, 0xa0, 0x1, 0x8c, 0x20, 0x76,
    0xc0,

    /* U+2026 "…" */
    0x68, 0x80, 0x80, 0x71, 0xc4, 0xc, 0x3, 0x86,
    0x20, 0xd4, 0xee, 0x30, 0xe, 0x47, 0x72, 0x0,
    0x71, 0xbb, 0xa8, 0x3, 0xff, 0xc0,

    /* U+2190 "←" */
    0x0, 0xe6, 0x20, 0xf, 0xfe, 0x33, 0xce, 0x10,
    0x7, 0xff, 0x11, 0xe0, 0x8, 0x80, 0x1f, 0xfc,
    0x37, 0x80, 0x3c, 0x0, 0xff, 0xe1, 0xbc, 0x1,
    0xe0, 0x7, 0xff, 0xd, 0xa0, 0x0, 0x7f, 0xff,
    0xfc, 0x3e, 0xe0, 0x7, 0xff, 0x22, 0x48, 0x0,
    0x93, 0x3f, 0xfc, 0x3b, 0x1c, 0x30, 0x40, 0x66,
    0xff, 0xe1, 0x28, 0xe, 0x98, 0x4b, 0x0, 0x7f,
    0xf1, 0x7, 0x4c, 0x24, 0xc0, 0x3f, 0xf8, 0x83,
    0xa7, 0x6, 0x1, 0xff, 0xc5, 0x1c, 0x70, 0xf,
    0xfe, 0x10,

    /* U+2191 "↑" */
    0x0, 0xe1, 0x85, 0x0, 0xfe, 0x1d, 0x7a, 0x60,
    0xf, 0x87, 0x4c, 0x1, 0x2c, 0x1, 0xc3, 0xa6,
    0x1, 0xa5, 0x80, 0x21, 0xd3, 0x3, 0x0, 0x10,
    0x4a, 0x80, 0x34, 0xc2, 0x68, 0x7, 0x8, 0x29,
    0x41, 0x42, 0x58, 0x2, 0x1c, 0x21, 0x70, 0x9b,
    0x60, 0xe, 0x1c, 0xc1, 0x0, 0x10, 0x3, 0xe1,
    0x20, 0xf, 0xff, 0xf8, 0x7, 0xff, 0xfc, 0x3,
    0xe0,

    /* U+2192 "→" */
    0x0, 0xff, 0xe1, 0xb8, 0x80, 0x7f, 0xf1, 0xe2,
    0x18, 0x20, 0x1f, 0xfc, 0x6d, 0x2, 0xc1, 0x0,
    0xff, 0xe2, 0xad, 0x1, 0x60, 0x80, 0x7f, 0xf1,
    0x56, 0x80, 0xb0, 0x41, 0xbf, 0xff, 0xf8, 0x74,
    0x0, 0x2c, 0x0, 0xff, 0xe4, 0x90, 0xa4, 0xcf,
    0xff, 0xe, 0x0, 0x29, 0x12, 0x66, 0xff, 0xe1,
    0x3d, 0x80, 0x25, 0x80, 0x3f, 0xf8, 0x63, 0xa6,
    0x12, 0xc0, 0x1f, 0xfc, 0x4b, 0x30, 0x96, 0x0,
    0xff, 0xe2, 0xd9, 0x4b, 0x0, 0x7f, 0xf1, 0x87,
    0x58, 0x3, 0x80,

    /* U+2193 "↓" */
    0x0, 0xe2, 0x76, 0x0, 0xff, 0x24, 0x40, 0x3,
    0xff, 0xfe, 0x1, 0xff, 0xff, 0x0, 0xff, 0xe0,
    0x15, 0x88, 0x7, 0x9a, 0x40, 0x18, 0x9a, 0x20,
    0x19, 0xa5, 0x9c, 0x20, 0xf, 0x44, 0x0, 0xb2,
    0x4, 0xc0, 0xd2, 0x7, 0x0, 0x34, 0x5, 0x82,
    0x0, 0x69, 0x0, 0xe2, 0xc1, 0x0, 0xcd, 0x20,
    0x11, 0x60, 0x80, 0x79, 0xa4, 0xb, 0x4, 0x3,
    0xf3, 0x7e, 0x88, 0x6,

    /* U+25B6 "▶" */
    0xb4, 0x0, 0xff, 0xe4, 0x2d, 0xe2, 0x0, 0x7f,
    0xf2, 0xe, 0xf1, 0x0, 0x3f, 0xf9, 0x7, 0x78,
    0x80, 0x1f, 0xfc, 0x83, 0xbc, 0x40, 0xf, 0xfe,
    0x41, 0xde, 0x20, 0x7, 0xff, 0x20, 0xef, 0x10,
    0x3, 0xff, 0x90, 0x77, 0x88, 0x1, 0xff, 0xc8,
    0x3b, 0xc4, 0x0, 0xff, 0xe4, 0x1d, 0xe2, 0x0,
    0x7f, 0xf2, 0xe, 0xf0, 0x40, 0x3f, 0xf8, 0xe9,
    0xe2, 0x1, 0xff, 0xc5, 0x4c, 0xb3, 0x0, 0xff,
    0xe2, 0x26, 0x59, 0x80, 0x7f, 0xf1, 0x13, 0x2c,
    0xc0, 0x3f, 0xf8, 0x89, 0x96, 0x60, 0x1f, 0xfc,
    0x44, 0xcb, 0x30, 0xf, 0xfe, 0x22, 0x65, 0x98,
    0x7, 0xff, 0x11, 0x32, 0xcc, 0x3, 0xff, 0x88,
    0x99, 0x66, 0x1, 0xff, 0xc4, 0x4c, 0xb3, 0x0,
    0xff, 0xe2, 0xed, 0x98, 0x7, 0xff, 0x1c,

    /* U+26A0 "⚠" */
    0x0, 0xff, 0x88, 0x3, 0xff, 0x95, 0xe8, 0x1,
    0xff, 0xc8, 0x62, 0x80, 0xf, 0xfe, 0x38, 0xc3,
    0x1a, 0x80, 0x7f, 0xf1, 0xa4, 0xe5, 0xa0, 0x3,
    0xff, 0x8a, 0x4f, 0x21, 0x4, 0xe0, 0x1f, 0xfc,
    0x48, 0x45, 0xc6, 0x89, 0x0, 0xff, 0xe1, 0x9a,
    0xc2, 0x9e, 0x38, 0x40, 0x7, 0xff, 0xb, 0xd4,
    0xdc, 0x4, 0x2d, 0xc4, 0x3, 0xff, 0x80, 0xa7,
    0x60, 0x40, 0x40, 0xa7, 0x0, 0x1f, 0xfc, 0x8,
    0x71, 0x1, 0xf, 0x0, 0x43, 0x10, 0x7, 0xf9,
    0xce, 0x0, 0x21, 0x20, 0x2, 0x22, 0x0, 0x3f,
    0x86, 0x60, 0x3, 0x13, 0x0, 0x52, 0xa6, 0x1,
    0xfa, 0x4d, 0x80, 0x33, 0x90, 0x4, 0x4d, 0xe0,
    0x1f, 0xb, 0xc0, 0x7, 0x18, 0x80, 0x68, 0x34,
    0x0, 0xf5, 0x9a, 0x80, 0x74, 0x80, 0x70, 0xbc,
    0x80, 0x71, 0xaf, 0x80, 0x78, 0xc0, 0x3d, 0x6,
    0xc0, 0x1a, 0x14, 0xc0, 0x38, 0xf6, 0x40, 0x3d,
    0x10, 0x0, 0x91, 0x10, 0x1, 0xe2, 0x3c, 0x0,
    0xf3, 0x1b, 0x80, 0x25, 0x40, 0x8b, 0xc7, 0xce,
    0x45, 0xf5, 0x40, 0xa9, 0x2e, 0xef, 0xff, 0x16,
    0x2, 0x57, 0xff, 0xff, 0x93, 0x0,

    /* U+2713 "✓" */
    0x0, 0xff, 0x86, 0x2d, 0xc0, 0x3f, 0xc3, 0xee,
    0xac, 0x1, 0xfe, 0xd1, 0xa, 0x10, 0xf, 0xe9,
    0x30, 0x84, 0x0, 0xfe, 0x56, 0x4, 0x70, 0xf,
    0xe2, 0xa0, 0x2a, 0x0, 0xff, 0x70, 0x3, 0xc4,
    0x3, 0xf9, 0xcc, 0x28, 0x80, 0x3f, 0x8a, 0x1,
    0x54, 0x1, 0xc9, 0xda, 0x0, 0xe0, 0x1b, 0x0,
    0xf7, 0x89, 0x23, 0x18, 0x50, 0x80, 0x78, 0xc0,
    0x13, 0x20, 0x64, 0x0, 0xfa, 0xc0, 0x4, 0x5,
    0x20, 0x1f, 0x8c, 0x40, 0x2e, 0x0, 0xff, 0x48,
    0x1, 0xcc, 0x3, 0xfc, 0xfd, 0xc8, 0x0, 0xff,
    0x0,

    /* U+2717 "✗" */
    0x0, 0xff, 0xe1, 0x29, 0x8, 0x6, 0x14, 0x91,
    0x0, 0xeb, 0xad, 0x90, 0xc, 0xd6, 0xcc, 0x0,
    0xd6, 0x80, 0x32, 0x1, 0x8c, 0x1, 0x40, 0x15,
    0x20, 0x3, 0x44, 0x3, 0x20, 0x0, 0x94, 0x21,
    0x40, 0x14, 0x60, 0x1e, 0x50, 0x4, 0x2b, 0x80,
    0x21, 0x40, 0x3e, 0xe0, 0x1, 0x50, 0x1, 0x5c,
    0x3, 0xf2, 0x8, 0x6, 0x2a, 0x0, 0xff, 0x48,
    0x6, 0xe0, 0xf, 0xfe, 0x21, 0x0, 0x7f, 0x92,
    0x0, 0x34, 0x80, 0x7f, 0xd, 0x0, 0x73, 0x80,
    0x7f, 0x68, 0x80, 0x10, 0x2, 0x80, 0xf, 0xa4,
    0xc0, 0xf, 0x64, 0x0, 0x71, 0x0, 0xe4, 0x60,
    0x1, 0xc0, 0x70, 0x5, 0x60, 0x18, 0x68, 0x2,
    0xe0, 0x1, 0xb8, 0x1, 0x0, 0x35, 0x88, 0x2,
    0x8, 0x2, 0x83, 0xa, 0x0, 0x91, 0x40, 0x4,
    0xe0, 0x1d, 0xae, 0x80, 0x17, 0x0, 0x5c, 0x1,
    0xe1, 0x80, 0xf, 0x98, 0xc0, 0x3f, 0xf8, 0x12,
    0x3, 0x0, 0x1f, 0xfc, 0x13, 0xde, 0x10, 0xf,
    0xfe, 0x8,

    /* U+F00C "" */
    0x0, 0xff, 0xf2, 0x2f, 0x60, 0x7, 0xff, 0x29,
    0x28, 0x4d, 0x80, 0x3f, 0xf9, 0x3, 0x40, 0x11,
    0x0, 0x7f, 0xf2, 0x28, 0x40, 0xa, 0x80, 0x1f,
    0xfc, 0x76, 0x40, 0x1, 0x50, 0x7, 0xff, 0x1c,
    0xa4, 0x2, 0xe0, 0xf, 0xfe, 0x47, 0x80, 0x50,
    0x60, 0x1f, 0xfc, 0x79, 0x20, 0x2, 0x38, 0x7,
    0xff, 0x1d, 0x58, 0x0, 0x34, 0x1, 0xff, 0xc7,
    0x2a, 0x0, 0xa8, 0x40, 0x3f, 0xf8, 0xfc, 0x1,
    0x32, 0x0, 0x7f, 0xf1, 0xe0, 0xc0, 0x7, 0x20,
    0x1f, 0x1d, 0x38, 0x7, 0xf2, 0x38, 0x5, 0xc0,
    0x1f, 0xb5, 0x62, 0xc0, 0x3e, 0x1a, 0x0, 0xa4,
    0x80, 0x3f, 0xe4, 0xb0, 0xf, 0x50, 0x80, 0x15,
    0x80, 0x3f, 0xa8, 0x2, 0x4b, 0x0, 0xcc, 0x80,
    0x2, 0xa0, 0xf, 0xf2, 0x58, 0x4, 0x96, 0x0,
    0x29, 0x0, 0xb8, 0x3, 0xff, 0x80, 0x96, 0x1,
    0x25, 0x8f, 0x80, 0x50, 0x60, 0x1f, 0xfc, 0x14,
    0xb0, 0x9, 0x3c, 0x80, 0x8, 0xe0, 0x1f, 0xfc,
    0x34, 0xb0, 0x8, 0x40, 0x3, 0x40, 0x1f, 0xfc,
    0x54, 0xb0, 0xe, 0xa1, 0x0, 0xff, 0xe3, 0x25,
    0x80, 0x4c, 0x80, 0x1f, 0xfc, 0x84, 0xc4, 0x79,
    0x0, 0xff, 0xe1, 0x0,

    /* U+F015 "" */
    0x0, 0xff, 0xe0, 0x93, 0x8, 0x7, 0xff, 0x35,
    0xf6, 0x7c, 0x80, 0x3f, 0xf9, 0x71, 0x0, 0x0,
    0xe9, 0x80, 0x7f, 0xf2, 0x65, 0xc0, 0x3b, 0x10,
    0x3, 0xff, 0x8f, 0x4c, 0x1, 0xf5, 0xa8, 0x7,
    0xff, 0x16, 0xd4, 0x3, 0xfa, 0x98, 0x3, 0xff,
    0x84, 0x38, 0x80, 0x1f, 0xf4, 0xc0, 0x7, 0xff,
    0x0, 0x70, 0xc0, 0x3f, 0xf8, 0x2f, 0x20, 0x1f,
    0xe2, 0xf2, 0x0, 0xff, 0xe1, 0xb5, 0x0, 0x7e,
    0x3c, 0x10, 0xf, 0xfe, 0x2a, 0xd8, 0x7, 0x93,
    0x4, 0x3, 0xff, 0x8e, 0x98, 0x20, 0x12, 0xd8,
    0x7, 0xff, 0x28, 0xf0, 0x41, 0x28, 0x3, 0xff,
    0x98, 0x58, 0x1e, 0x1, 0xff, 0xce, 0x25, 0xc0,
    0xf, 0xfe, 0x7b, 0xbb, 0x20, 0x3, 0xff, 0x94,
    0x55, 0xc4, 0x6, 0xa0, 0x1f, 0xfc, 0xa1, 0x51,
    0x0, 0xff, 0xee, 0x9e, 0x7f, 0xba, 0x40, 0x3f,
    0xf9, 0x7a, 0x60, 0x1, 0x69, 0x0, 0xff, 0xe4,
    0x98, 0x80, 0x73, 0x80, 0x7f, 0xf2, 0x5c, 0x3,
    0xff, 0xfe, 0x1, 0xff, 0xd4, 0x30, 0xf, 0xfe,
    0x53, 0x80, 0x70, 0x98, 0x7, 0x93, 0xff, 0xdc,
    0x1, 0xf6, 0x80, 0x7b, 0x84, 0x3, 0xff, 0x8e,
    0x8c, 0x1, 0xe2, 0xf9, 0x66, 0xff, 0xe2, 0x3d,
    0xd8, 0x3, 0x0,

    /* U+F019 "" */
    0x0, 0xff, 0x91, 0x84, 0x3, 0xff, 0x92, 0x97,
    0x3a, 0x1, 0xff, 0xc9, 0x30, 0x1, 0x80, 0x7f,
    0xff, 0xc0, 0x3f, 0xff, 0xe0, 0x1f, 0xff, 0x63,
    0xcc, 0x20, 0x7, 0xd3, 0xd0, 0x1, 0xff, 0x51,
    0x9a, 0xd0, 0x3, 0xad, 0x85, 0xc8, 0x3, 0xfd,
    0xc0, 0x15, 0xe0, 0x5, 0x68, 0x0, 0x12, 0x0,
    0xff, 0x3a, 0x0, 0x48, 0x1, 0x20, 0x5, 0x40,
    0x1f, 0xfc, 0xb, 0x40, 0xf, 0xeb, 0x40, 0xf,
    0xfe, 0xd, 0xa0, 0x7, 0xd6, 0x80, 0x1f, 0xfc,
    0x3b, 0x40, 0xe, 0xb4, 0x0, 0xfe, 0x4c, 0xff,
    0xa0, 0x1, 0x68, 0x1, 0x5a, 0x1, 0x77, 0xfb,
    0x60, 0x0, 0x96, 0x60, 0x13, 0xb8, 0x1, 0x70,
    0xd8, 0x80, 0x3e, 0x20, 0x2, 0x79, 0x8, 0x0,
    0xf4, 0x38, 0x1, 0xe4, 0xc0, 0x70, 0x80, 0x39,
    0x84, 0xc0, 0x3e, 0x88, 0x0, 0x63, 0xc2, 0x0,
    0x55, 0x80, 0x4a, 0x1, 0xfc, 0xfb, 0x2f, 0x58,
    0x40, 0x1, 0x54, 0x20, 0xf, 0xfe, 0x9, 0x34,
    0x28, 0x6, 0x16, 0x52, 0x0, 0x8c, 0x3, 0xff,
    0x8d, 0x34, 0x1, 0x2f, 0x80, 0x7f, 0xf2, 0x9c,
    0x4f, 0x10, 0x40, 0x3f, 0xf8, 0xa5, 0x30, 0x0,

    /* U+F05A "" */
    0x0, 0xff, 0xe0, 0x9, 0x98, 0x40, 0x3f, 0xf9,
    0x4, 0xf9, 0xfd, 0x98, 0xef, 0xc7, 0x20, 0xf,
    0xfe, 0x10, 0xce, 0xc1, 0x80, 0x78, 0xe3, 0x64,
    0x40, 0x3f, 0xe5, 0xe6, 0x0, 0xff, 0xe0, 0x37,
    0x28, 0x7, 0xf3, 0xd0, 0x7, 0xff, 0x12, 0x9c,
    0x3, 0xe7, 0x80, 0xf, 0xfe, 0x34, 0x38, 0x7,
    0x24, 0x0, 0x7f, 0xf2, 0x21, 0x0, 0x35, 0x0,
    0x7f, 0x84, 0x40, 0x1f, 0xea, 0x0, 0x9c, 0x40,
    0x3f, 0x9b, 0xb8, 0xc0, 0x1f, 0xc2, 0xe0, 0x9,
    0x0, 0xff, 0x68, 0x3, 0x40, 0x3f, 0xd2, 0x8,
    0x20, 0x1f, 0xe8, 0x33, 0x40, 0x7, 0xf8, 0x53,
    0x40, 0x3f, 0xe3, 0xcc, 0x18, 0x7, 0xfd, 0xaa,
    0x1, 0xfe, 0x14, 0x41, 0x0, 0x7f, 0xf0, 0x14,
    0x80, 0x3f, 0x93, 0xae, 0xda, 0xe0, 0x1f, 0xf0,
    0x88, 0x3, 0xf8, 0x40, 0x36, 0x0, 0x7f, 0xc4,
    0x20, 0x1f, 0xcb, 0x92, 0x20, 0xe0, 0x1f, 0xf0,
    0x98, 0x7, 0xf8, 0xd8, 0x3, 0xff, 0x84, 0x6c,
    0x1, 0xff, 0xce, 0x6d, 0x0, 0xff, 0x88, 0x3,
    0xff, 0x85, 0xae, 0x1, 0xfc, 0x5d, 0xa2, 0x7,
    0xc4, 0x1, 0xfc, 0xe2, 0x80, 0x1f, 0x90, 0x40,
    0x30, 0xa0, 0x7, 0xe4, 0x10, 0x90, 0xf, 0xcc,
    0xc4, 0x4c, 0xcc, 0x0, 0xfd, 0x20, 0x2, 0x60,
    0xf, 0xd3, 0x77, 0xa4, 0x3, 0xf3, 0x10, 0x5,
    0x26, 0x1, 0xff, 0xc8, 0x39, 0x0, 0xed, 0x20,
    0xf, 0xfe, 0x31, 0x68, 0x7, 0x87, 0x10, 0x3,
    0xff, 0x88, 0x98, 0x20, 0x1f, 0xd, 0xc0, 0x7,
    0xff, 0xa, 0x2c, 0x40, 0x3f, 0xcf, 0xce, 0x20,
    0x1f, 0x85, 0xb9, 0xc0, 0x3f, 0xf8, 0x23, 0x1d,
    0x90, 0xca, 0xa6, 0x8c, 0xe9, 0x10, 0xf, 0x80,

    /* U+F0A0 "" */
    0x3, 0xbe, 0xff, 0xff, 0xe2, 0xec, 0x0, 0xf,
    0x10, 0x40, 0x3f, 0xf8, 0xa4, 0xf6, 0x1e, 0x1,
    0xff, 0xca, 0x44, 0x18, 0x7, 0xff, 0x2c, 0xc0,
    0x3f, 0xff, 0xe0, 0x1f, 0xff, 0xf0, 0xf, 0xfe,
    0x71, 0x34, 0x4c, 0xff, 0xf1, 0x5d, 0x40, 0x13,
    0xb2, 0xec, 0xdf, 0xfc, 0x58, 0xad, 0x36, 0x0,
    0xff, 0xe5, 0x12, 0x0, 0x16, 0x23, 0xff, 0x8c,
    0xe4, 0x0, 0x1c, 0xa7, 0x7f, 0xfe, 0x34, 0x6b,
    0x4, 0x18, 0x7, 0xff, 0x26, 0x49, 0xc0, 0x3f,
    0xf9, 0x68, 0x20, 0x1f, 0xf2, 0x77, 0xc, 0x7,
    0x7d, 0xc0, 0x21, 0x0, 0xff, 0xe0, 0x78, 0x8a,
    0x1, 0x88, 0x20, 0x3, 0xff, 0x88, 0x60, 0x3,
    0x3, 0x0, 0x18, 0x7, 0xff, 0x12, 0x2a, 0x90,
    0x9, 0x93, 0x80, 0x18, 0xc0, 0x3f, 0xf8, 0xa,
    0xa0, 0x8, 0xd8, 0x3, 0x1c, 0x0, 0x7f, 0xf2,
    0x91, 0x2c, 0x41, 0x0, 0xff, 0xe2, 0x93, 0xd8,
    0x0,

    /* U+F11E "" */
    0x3, 0x0, 0xff, 0xe5, 0xd6, 0x79, 0x80, 0x7f,
    0xf2, 0x54, 0x0, 0x80, 0x6f, 0x5b, 0xdb, 0x4a,
    0x1, 0xfc, 0xa6, 0x1, 0xa7, 0xf2, 0x14, 0x84,
    0x96, 0xbe, 0x50, 0x80, 0x92, 0x7e, 0xb0, 0xc0,
    0x21, 0x0, 0xff, 0x35, 0xef, 0xed, 0xb0, 0x4,
    0x80, 0x1f, 0xe2, 0x0, 0xff, 0xe0, 0xf8, 0x4,
    0x2d, 0x5c, 0x1, 0x2f, 0xd2, 0x0, 0x7f, 0xf0,
    0x9a, 0x54, 0x40, 0x39, 0x6c, 0x2, 0x5b, 0xdf,
    0x0, 0xff, 0xe4, 0x92, 0x10, 0x7, 0xff, 0x0,
    0x51, 0xbd, 0x48, 0x3, 0xff, 0x86, 0x4f, 0x7d,
    0xcb, 0x9f, 0xad, 0xe9, 0x51, 0x0, 0x8c, 0x3,
    0xe5, 0x84, 0x10, 0xf, 0xb, 0x57, 0x7f, 0xd8,
    0x1, 0xff, 0xc9, 0xf0, 0xf, 0xfe, 0x0, 0xa4,
    0x67, 0x6, 0xc2, 0x0, 0x7f, 0xf0, 0x97, 0x7a,
    0xdc, 0xc4, 0x9, 0xef, 0xee, 0x1, 0x5a, 0x40,
    0x3e, 0x22, 0x0, 0x7f, 0x91, 0xc2, 0xa5, 0x80,
    0x3f, 0xfa, 0xa9, 0x18, 0x1, 0x3f, 0x5b, 0x0,
    0x7f, 0xf0, 0x9e, 0xdc, 0xc0, 0x30, 0xa4, 0x80,
    0x61, 0x38, 0x0, 0xff, 0xe4, 0xbf, 0x63, 0x80,
    0x5e, 0x1, 0xe1, 0x57, 0x79, 0x0, 0x3f, 0xf8,
    0xa, 0x1, 0x1c, 0xef, 0x54, 0x45, 0x7f, 0x46,
    0x1, 0xe1, 0x7d, 0x20, 0x9, 0x18, 0x80, 0x3e,
    0x5c, 0xda, 0x88, 0x4e, 0xf4, 0x10, 0x7, 0xff,
    0x10, 0x95, 0xdc, 0xc4, 0x1, 0xff, 0xed, 0xf0,
    0xf, 0xfe, 0x49, 0x0, 0x8, 0x3, 0xff, 0x93,
    0xcb, 0xa, 0x1, 0xff, 0xc9,

    /* U+F1DE "" */
    0x0, 0xfc, 0x2f, 0x2e, 0x20, 0x1f, 0xfc, 0xa5,
    0xe8, 0x68, 0xe6, 0x0, 0xff, 0xe4, 0x1d, 0x0,
    0x74, 0x98, 0x7, 0xff, 0x5, 0xbf, 0xfb, 0x0,
    0x3e, 0xcf, 0xff, 0xfe, 0x3, 0x48, 0x7, 0xff,
    0x3a, 0xc, 0x3, 0xff, 0x9c, 0x5b, 0x11, 0xca,
    0x1, 0xf2, 0xc4, 0x7f, 0xf0, 0x34, 0x5d, 0xfa,
    0x8c, 0x3, 0x8e, 0x9d, 0xff, 0xf8, 0x2, 0x1,
    0xf6, 0x30, 0x4, 0xd8, 0x1, 0xff, 0xca, 0x9f,
    0xef, 0x90, 0xc, 0xf9, 0xb4, 0x80, 0x1f, 0xfc,
    0x41, 0x0, 0xc3, 0xb0, 0x64, 0xb6, 0xe0, 0x1e,
    0x67, 0x7f, 0xfe, 0xe, 0x90, 0x7, 0x43, 0xbc,
    0xc1, 0x93, 0x11, 0xff, 0xc1, 0x30, 0xf, 0xa2,
    0x29, 0xc3, 0x0, 0xff, 0xe7, 0x1c, 0x0, 0x7f,
    0xf3, 0xa1, 0xff, 0xff, 0xf8, 0x50, 0x1, 0xe1,
    0xef, 0xf9, 0xc0, 0x3f, 0xf8, 0x6e, 0x80, 0x1d,
    0x42, 0x1, 0xff, 0xc0, 0x10, 0xf, 0xae, 0x4c,
    0x97, 0x50, 0x3, 0xfe, 0x7e, 0xe7, 0xd9, 0x0,
    0x73, 0x66, 0xd1, 0x0, 0x7f, 0xd3, 0x2, 0x0,
    0x4c, 0x20, 0xf, 0xfe, 0x18, 0xbb, 0xd0, 0xc0,
    0x1c, 0x3c, 0xef, 0xff, 0xc2, 0x1d, 0x88, 0x9c,
    0x3, 0xe3, 0x88, 0xff, 0xe1, 0x69, 0x80, 0x7f,
    0xf3, 0x8a, 0x40, 0x3f, 0xf9, 0xd0, 0xdf, 0xf8,
    0x40, 0x3d, 0x1f, 0xff, 0xfc, 0x26, 0x0, 0xed,
    0x10, 0xc, 0xce, 0x1, 0xff, 0xc8, 0x3e, 0x96,
    0x7c, 0x90, 0xf, 0xfe, 0x20,

    /* U+F6FF "" */
    0x0, 0xff, 0x93, 0x7f, 0xfb, 0xa8, 0x40, 0x3f,
    0xf9, 0x25, 0x64, 0x1, 0xc2, 0xb6, 0x1, 0xff,
    0xc9, 0x50, 0xf, 0xe5, 0x0, 0xff, 0xe6, 0x37,
    0x75, 0xa0, 0x1f, 0xfc, 0xf1, 0x1c, 0x40, 0x1f,
    0xfc, 0xf1, 0x0, 0x84, 0x3, 0xff, 0x9e, 0xdf,
    0xf7, 0x0, 0x7f, 0xf3, 0x14, 0x3, 0xf9, 0x40,
    0x3f, 0xf9, 0x25, 0x44, 0x1, 0xe4, 0xb0, 0xf,
    0xfe, 0x52, 0xef, 0x80, 0x51, 0xf6, 0x20, 0x1f,
    0xfc, 0x6, 0x77, 0xff, 0xe0, 0x0, 0x58, 0xef,
    0xff, 0xc0, 0x30, 0xc9, 0x88, 0xff, 0xe0, 0x0,
    0x49, 0x11, 0xff, 0xc0, 0xc4, 0x30, 0xf, 0xfe,
    0x91, 0xc0, 0x7, 0xff, 0x44, 0x99, 0xff, 0xfc,
    0x1, 0x3f, 0xff, 0xf8, 0x2, 0x7f, 0xfe, 0xd1,
    0x0, 0xff, 0x78, 0x7, 0xff, 0x7, 0xc0, 0x3f,
    0xe5, 0xdf, 0x0, 0xa3, 0xe8, 0x40, 0x32, 0xef,
    0x80, 0x51, 0xf4, 0x20, 0x1f, 0x15, 0x10, 0x7,
    0x96, 0xc0, 0x22, 0xa2, 0x0, 0xf2, 0xd8, 0x7,
    0xca, 0x1, 0xfc, 0xa0, 0x12, 0x80, 0x7f, 0x28,
    0x7, 0xf9, 0xbf, 0xee, 0x0, 0xfe, 0x6f, 0xfb,
    0x80, 0x3f, 0xf8, 0x22, 0x1, 0x8, 0x7, 0xf0,
    0x80, 0x42, 0x1, 0xff, 0xc1, 0x11, 0xc4, 0x1,
    0xfc, 0x23, 0x88, 0x3, 0xff, 0x82, 0xdd, 0xd6,
    0x80, 0x7f, 0x37, 0x75, 0xa0, 0x1f, 0xe5, 0x0,
    0xfe, 0x50, 0x9, 0x40, 0x3f, 0x94, 0x3, 0xe2,
    0xa2, 0x0, 0xe1, 0x5b, 0x0, 0x8a, 0x88, 0x3,
    0x85, 0x6c, 0x3, 0x0
};


/*---------------------
 *  GLYPH DESCRIPTION
 *--------------------*/

static const lv_font_fmt_txt_glyph_dsc_t glyph_dsc[] = {
    {.bitmap_index = 0, .adv_w = 0, .box_w = 0, .box_h = 0, .ofs_x = 0, .ofs_y = 0} /* id = 0 reserved */,
    {.bitmap_index = 0, .adv_w = 142, .box_w = 0, .box_h = 0, .ofs_x = 0, .ofs_y = 0},
    {.bitmap_index = 0, .adv_w = 180, .box_w = 3, .box_h = 21, .ofs_x = 4, .ofs_y = 0},
    {.bitmap_index = 21, .adv_w = 206, .box_w = 9, .box_h = 8, .ofs_x = 2, .ofs_y = 13},
    {.bitmap_index = 34, .adv_w = 375, .box_w = 20, .box_h = 21, .ofs_x = 2, .ofs_y = 0},
    {.bitmap_index = 181, .adv_w = 285, .box_w = 14, .box_h = 26, .ofs_x = 2, .ofs_y = -4},
    {.bitmap_index = 299, .adv_w = 426, .box_w = 25, .box_h = 21, .ofs_x = 1, .ofs_y = 0},
    {.bitmap_index = 505, .adv_w = 349, .box_w = 20, .box_h = 21, .ofs_x = 1, .ofs_y = 0},
    {.bitmap_index = 667, .adv_w = 123, .box_w = 4, .box_h = 8, .ofs_x = 2, .ofs_y = 13},
    {.bitmap_index = 674, .adv_w = 175, .box_w = 7, .box_h = 26, .ofs_x = 2, .ofs_y = -4},
    {.bitmap_index = 757, .adv_w = 175, .box_w = 7, .box_h = 26, .ofs_x = 2, .ofs_y = -4},
    {.bitmap_index = 841, .adv_w = 224, .box_w = 14, .box_h = 14, .ofs_x = 0, .ofs_y = 7},
    {.bitmap_index = 914, .adv_w = 375, .box_w = 19, .box_h = 18, .ofs_x = 2, .ofs_y = 0},
    {.bitmap_index = 955, .adv_w = 142, .box_w = 5, .box_h = 7, .ofs_x = 2, .ofs_y = -3},
    {.bitmap_index = 972, .adv_w = 162, .box_w = 8, .box_h = 3, .ofs_x = 1, .ofs_y = 7},
    {.bitmap_index = 980, .adv_w = 142, .box_w = 3, .box_h = 4, .ofs_x = 3, .ofs_y = 0},
    {.bitmap_index = 985, .adv_w = 151, .box_w = 10, .box_h = 24, .ofs_x = 0, .ofs_y = -3},
    {.bitmap_index = 1070, .adv_w = 285, .box_w = 15, .box_h = 21, .ofs_x = 1, .ofs_y = 0},
    {.bitmap_index = 1201, .adv_w = 285, .box_w = 13, .box_h = 21, .ofs_x = 3, .ofs_y = 0},
    {.bitmap_index = 1244, .adv_w = 285, .box_w = 14, .box_h = 21, .ofs_x = 2, .ofs_y = 0},
    {.bitmap_index = 1349, .adv_w = 285, .box_w = 14, .box_h = 21, .ofs_x = 2, .ofs_y = 0},
    {.bitmap_index = 1464, .adv_w = 285, .box_w = 16, .box_h = 21, .ofs_x = 1, .ofs_y = 0},
    {.bitmap_index = 1552, .adv_w = 285, .box_w = 14, .box_h = 21, .ofs_x = 2, .ofs_y = 0},
    {.bitmap_index = 1647, .adv_w = 285, .box_w = 16, .box_h = 21, .ofs_x = 1, .ofs_y = 0},
    {.bitmap_index = 1788, .adv_w = 285, .box_w = 14, .box_h = 21, .ofs_x = 2, .ofs_y = 0},
    {.bitmap_index = 1880, .adv_w = 285, .box_w = 15, .box_h = 21, .ofs_x = 1, .ofs_y = 0},
    {.bitmap_index = 2020, .adv_w = 285, .box_w = 15, .box_h = 21, .ofs_x = 1, .ofs_y = 0},
    {.bitmap_index = 2156, .adv_w = 151, .box_w = 4, .box_h = 15, .ofs_x = 3, .ofs_y = 0},
    {.bitmap_index = 2174, .adv_w = 151, .box_w = 5, .box_h = 18, .ofs_x = 2, .ofs_y = -3},
    {.bitmap_index = 2203, .adv_w = 375, .box_w = 19, .box_h = 16, .ofs_x = 2, .ofs_y = 1},
    {.bitmap_index = 2312, .adv_w = 375, .box_w = 19, .box_h = 8, .ofs_x = 2, .ofs_y = 5},
    {.bitmap_index = 2341, .adv_w = 375, .box_w = 19, .box_h = 16, .ofs_x = 2, .ofs_y = 1},
    {.bitmap_index = 2448, .adv_w = 238, .box_w = 11, .box_h = 21, .ofs_x = 2, .ofs_y = 0},
    {.bitmap_index = 2529, .adv_w = 448, .box_w = 26, .box_h = 26, .ofs_x = 1, .ofs_y = -5},
    {.bitmap_index = 2795, .adv_w = 306, .box_w = 19, .box_h = 21, .ofs_x = 0, .ofs_y = 0},
    {.bitmap_index = 2935, .adv_w = 307, .box_w = 16, .box_h = 21, .ofs_x = 2, .ofs_y = 0},
    {.bitmap_index = 3050, .adv_w = 313, .box_w = 18, .box_h = 21, .ofs_x = 1, .ofs_y = 0},
    {.bitmap_index = 3187, .adv_w = 345, .box_w = 18, .box_h = 21, .ofs_x = 2, .ofs_y = 0},
    {.bitmap_index = 3313, .adv_w = 283, .box_w = 14, .box_h = 21, .ofs_x = 2, .ofs_y = 0},
    {.bitmap_index = 3361, .adv_w = 258, .box_w = 13, .box_h = 21, .ofs_x = 2, .ofs_y = 0},
    {.bitmap_index = 3397, .adv_w = 347, .box_w = 19, .box_h = 21, .ofs_x = 1, .ofs_y = 0},
    {.bitmap_index = 3544, .adv_w = 337, .box_w = 17, .box_h = 21, .ofs_x = 2, .ofs_y = 0},
    {.bitmap_index = 3579, .adv_w = 132, .box_w = 4, .box_h = 21, .ofs_x = 2, .ofs_y = 0},
    {.bitmap_index = 3586, .adv_w = 132, .box_w = 8, .box_h = 27, .ofs_x = -2, .ofs_y = -6},
    {.bitmap_index = 3621, .adv_w = 294, .box_w = 17, .box_h = 21, .ofs_x = 2, .ofs_y = 0},
    {.bitmap_index = 3739, .adv_w = 250, .box_w = 14, .box_h = 21, .ofs_x = 2, .ofs_y = 0},
    {.bitmap_index = 3764, .adv_w = 387, .box_w = 20, .box_h = 21, .ofs_x = 2, .ofs_y = 0},
    {.bitmap_index = 3883, .adv_w = 335, .box_w = 17, .box_h = 21, .ofs_x = 2, .ofs_y = 0},
    {.bitmap_index = 3988, .adv_w = 353, .box_w = 20, .box_h = 21, .ofs_x = 1, .ofs_y = 0},
    {.bitmap_index = 4157, .adv_w = 270, .box_w = 14, .box_h = 21, .ofs_x = 2, .ofs_y = 0},
    {.bitmap_index = 4232, .adv_w = 353, .box_w = 20, .box_h = 25, .ofs_x = 1, .ofs_y = -4},
    {.bitmap_index = 4423, .adv_w = 311, .box_w = 17, .box_h = 21, .ofs_x = 2, .ofs_y = 0},
    {.bitmap_index = 4540, .adv_w = 284, .box_w = 16, .box_h = 21, .ofs_x = 1, .ofs_y = 0},
    {.bitmap_index = 4675, .adv_w = 274, .box_w = 19, .box_h = 21, .ofs_x = -1, .ofs_y = 0},
    {.bitmap_index = 4711, .adv_w = 328, .box_w = 17, .box_h = 21, .ofs_x = 2, .ofs_y = 0},
    {.bitmap_index = 4788, .adv_w = 306, .box_w = 19, .box_h = 21, .ofs_x = 0, .ofs_y = 0},
    {.bitmap_index = 4934, .adv_w = 443, .box_w = 27, .box_h = 21, .ofs_x = 0, .ofs_y = 0},
    {.bitmap_index = 5167, .adv_w = 307, .box_w = 19, .box_h = 21, .ofs_x = 0, .ofs_y = 0},
    {.bitmap_index = 5318, .adv_w = 274, .box_w = 19, .box_h = 21, .ofs_x = -1, .ofs_y = 0},
    {.bitmap_index = 5410, .adv_w = 307, .box_w = 17, .box_h = 21, .ofs_x = 1, .ofs_y = 0},
    {.bitmap_index = 5513, .adv_w = 175, .box_w = 7, .box_h = 25, .ofs_x = 2, .ofs_y = -3},
    {.bitmap_index = 5530, .adv_w = 151, .box_w = 10, .box_h = 24, .ofs_x = 0, .ofs_y = -3},
    {.bitmap_index = 5613, .adv_w = 175, .box_w = 7, .box_h = 25, .ofs_x = 2, .ofs_y = -3},
    {.bitmap_index = 5630, .adv_w = 375, .box_w = 19, .box_h = 8, .ofs_x = 2, .ofs_y = 13},
    {.bitmap_index = 5689, .adv_w = 224, .box_w = 16, .box_h = 2, .ofs_x = -1, .ofs_y = -7},
    {.bitmap_index = 5697, .adv_w = 224, .box_w = 7, .box_h = 5, .ofs_x = 2, .ofs_y = 18},
    {.bitmap_index = 5714, .adv_w = 275, .box_w = 14, .box_h = 16, .ofs_x = 1, .ofs_y = 0},
    {.bitmap_index = 5809, .adv_w = 284, .box_w = 15, .box_h = 22, .ofs_x = 2, .ofs_y = 0},
    {.bitmap_index = 5909, .adv_w = 246, .box_w = 13, .box_h = 16, .ofs_x = 1, .ofs_y = 0},
    {.bitmap_index = 5990, .adv_w = 284, .box_w = 15, .box_h = 22, .ofs_x = 1, .ofs_y = 0},
    {.bitmap_index = 6092, .adv_w = 276, .box_w = 15, .box_h = 16, .ofs_x = 1, .ofs_y = 0},
    {.bitmap_index = 6186, .adv_w = 158, .box_w = 11, .box_h = 22, .ofs_x = 0, .ofs_y = 0},
    {.bitmap_index = 6231, .adv_w = 284, .box_w = 15, .box_h = 22, .ofs_x = 1, .ofs_y = -6},
    {.bitmap_index = 6367, .adv_w = 284, .box_w = 14, .box_h = 22, .ofs_x = 2, .ofs_y = 0},
    {.bitmap_index = 6422, .adv_w = 124, .box_w = 4, .box_h = 22, .ofs_x = 2, .ofs_y = 0},
    {.bitmap_index = 6437, .adv_w = 124, .box_w = 7, .box_h = 28, .ofs_x = -1, .ofs_y = -6},
    {.bitmap_index = 6475, .adv_w = 259, .box_w = 15, .box_h = 22, .ofs_x = 2, .ofs_y = 0},
    {.bitmap_index = 6558, .adv_w = 124, .box_w = 4, .box_h = 22, .ofs_x = 2, .ofs_y = 0},
    {.bitmap_index = 6566, .adv_w = 436, .box_w = 23, .box_h = 16, .ofs_x = 2, .ofs_y = 0},
    {.bitmap_index = 6648, .adv_w = 284, .box_w = 14, .box_h = 16, .ofs_x = 2, .ofs_y = 0},
    {.bitmap_index = 6699, .adv_w = 274, .box_w = 15, .box_h = 16, .ofs_x = 1, .ofs_y = 0},
    {.bitmap_index = 6801, .adv_w = 284, .box_w = 15, .box_h = 22, .ofs_x = 2, .ofs_y = -6},
    {.bitmap_index = 6904, .adv_w = 284, .box_w = 15, .box_h = 22, .ofs_x = 1, .ofs_y = -6},
    {.bitmap_index = 7009, .adv_w = 184, .box_w = 10, .box_h = 16, .ofs_x = 2, .ofs_y = 0},
    {.bitmap_index = 7043, .adv_w = 233, .box_w = 13, .box_h = 16, .ofs_x = 1, .ofs_y = 0},
    {.bitmap_index = 7135, .adv_w = 176, .box_w = 11, .box_h = 20, .ofs_x = 0, .ofs_y = 0},
    {.bitmap_index = 7180, .adv_w = 284, .box_w = 14, .box_h = 16, .ofs_x = 2, .ofs_y = 0},
    {.bitmap_index = 7230, .adv_w = 265, .box_w = 16, .box_h = 16, .ofs_x = 0, .ofs_y = 0},
    {.bitmap_index = 7331, .adv_w = 366, .box_w = 21, .box_h = 16, .ofs_x = 1, .ofs_y = 0},
    {.bitmap_index = 7483, .adv_w = 265, .box_w = 16, .box_h = 16, .ofs_x = 0, .ofs_y = 0},
    {.bitmap_index = 7587, .adv_w = 265, .box_w = 16, .box_h = 22, .ofs_x = 0, .ofs_y = -6},
    {.bitmap_index = 7716, .adv_w = 235, .box_w = 13, .box_h = 16, .ofs_x = 1, .ofs_y = 0},
    {.bitmap_index = 7785, .adv_w = 285, .box_w = 12, .box_h = 26, .ofs_x = 3, .ofs_y = -4},
    {.bitmap_index = 7874, .adv_w = 151, .box_w = 3, .box_h = 29, .ofs_x = 3, .ofs_y = -7},
    {.bitmap_index = 7882, .adv_w = 285, .box_w = 12, .box_h = 26, .ofs_x = 3, .ofs_y = -4},
    {.bitmap_index = 7968, .adv_w = 375, .box_w = 19, .box_h = 6, .ofs_x = 2, .ofs_y = 6},
    {.bitmap_index = 8019, .adv_w = 142, .box_w = 0, .box_h = 0, .ofs_x = 0, .ofs_y = 0},
    {.bitmap_index = 8019, .adv_w = 180, .box_w = 3, .box_h = 21, .ofs_x = 4, .ofs_y = -5},
    {.bitmap_index = 8039, .adv_w = 285, .box_w = 13, .box_h = 25, .ofs_x = 2, .ofs_y = -5},
    {.bitmap_index = 8142, .adv_w = 285, .box_w = 15, .box_h = 21, .ofs_x = 1, .ofs_y = 0},
    {.bitmap_index = 8216, .adv_w = 285, .box_w = 16, .box_h = 16, .ofs_x = 1, .ofs_y = 1},
    {.bitmap_index = 8327, .adv_w = 285, .box_w = 16, .box_h = 21, .ofs_x = 1, .ofs_y = 0},
    {.bitmap_index = 8437, .adv_w = 151, .box_w = 3, .box_h = 25, .ofs_x = 3, .ofs_y = -5},
    {.bitmap_index = 8453, .adv_w = 224, .box_w = 12, .box_h = 24, .ofs_x = 1, .ofs_y = -3},
    {.bitmap_index = 8581, .adv_w = 224, .box_w = 10, .box_h = 3, .ofs_x = 2, .ofs_y = 19},
    {.bitmap_index = 8594, .adv_w = 448, .box_w = 22, .box_h = 22, .ofs_x = 3, .ofs_y = -1},
    {.bitmap_index = 8789, .adv_w = 211, .box_w = 11, .box_h = 15, .ofs_x = 1, .ofs_y = 6},
    {.bitmap_index = 8864, .adv_w = 274, .box_w = 13, .box_h = 14, .ofs_x = 2, .ofs_y = 1},
    {.bitmap_index = 8949, .adv_w = 375, .box_w = 19, .box_h = 9, .ofs_x = 2, .ofs_y = 4},
    {.bitmap_index = 8972, .adv_w = 162, .box_w = 8, .box_h = 3, .ofs_x = 1, .ofs_y = 7},
    {.bitmap_index = 8980, .adv_w = 448, .box_w = 22, .box_h = 22, .ofs_x = 3, .ofs_y = -1},
    {.bitmap_index = 9175, .adv_w = 224, .box_w = 10, .box_h = 3, .ofs_x = 2, .ofs_y = 19},
    {.bitmap_index = 9183, .adv_w = 224, .box_w = 10, .box_h = 9, .ofs_x = 2, .ofs_y = 12},
    {.bitmap_index = 9228, .adv_w = 375, .box_w = 19, .box_h = 18, .ofs_x = 2, .ofs_y = 0},
    {.bitmap_index = 9282, .adv_w = 180, .box_w = 9, .box_h = 12, .ofs_x = 1, .ofs_y = 9},
    {.bitmap_index = 9330, .adv_w = 180, .box_w = 9, .box_h = 12, .ofs_x = 1, .ofs_y = 9},
    {.bitmap_index = 9380, .adv_w = 224, .box_w = 7, .box_h = 6, .ofs_x = 5, .ofs_y = 18},
    {.bitmap_index = 9401, .adv_w = 285, .box_w = 16, .box_h = 22, .ofs_x = 2, .ofs_y = -6},
    {.bitmap_index = 9461, .adv_w = 285, .box_w = 13, .box_h = 24, .ofs_x = 2, .ofs_y = -3},
    {.bitmap_index = 9520, .adv_w = 142, .box_w = 3, .box_h = 4, .ofs_x = 3, .ofs_y = 8},
    {.bitmap_index = 9525, .adv_w = 224, .box_w = 7, .box_h = 6, .ofs_x = 3, .ofs_y = -6},
    {.bitmap_index = 9544, .adv_w = 180, .box_w = 9, .box_h = 12, .ofs_x = 1, .ofs_y = 9},
    {.bitmap_index = 9568, .adv_w = 211, .box_w = 11, .box_h = 15, .ofs_x = 1, .ofs_y = 6},
    {.bitmap_index = 9639, .adv_w = 274, .box_w = 13, .box_h = 14, .ofs_x = 2, .ofs_y = 1},
    {.bitmap_index = 9724, .adv_w = 434, .box_w = 26, .box_h = 22, .ofs_x = 1, .ofs_y = 0},
    {.bitmap_index = 9896, .adv_w = 434, .box_w = 25, .box_h = 22, .ofs_x = 1, .ofs_y = -1},
    {.bitmap_index = 10067, .adv_w = 434, .box_w = 26, .box_h = 22, .ofs_x = 1, .ofs_y = 0},
    {.bitmap_index = 10268, .adv_w = 238, .box_w = 12, .box_h = 22, .ofs_x = 1, .ofs_y = -6},
    {.bitmap_index = 10355, .adv_w = 306, .box_w = 19, .box_h = 27, .ofs_x = 0, .ofs_y = 0},
    {.bitmap_index = 10521, .adv_w = 306, .box_w = 19, .box_h = 27, .ofs_x = 0, .ofs_y = 0},
    {.bitmap_index = 10688, .adv_w = 306, .box_w = 19, .box_h = 27, .ofs_x = 0, .ofs_y = 0},
    {.bitmap_index = 10858, .adv_w = 306, .box_w = 19, .box_h = 26, .ofs_x = 0, .ofs_y = 0},
    {.bitmap_index = 11025, .adv_w = 306, .box_w = 19, .box_h = 26, .ofs_x = 0, .ofs_y = 0},
    {.bitmap_index = 11187, .adv_w = 306, .box_w = 19, .box_h = 27, .ofs_x = 0, .ofs_y = 0},
    {.bitmap_index = 11364, .adv_w = 436, .box_w = 26, .box_h = 21, .ofs_x = 0, .ofs_y = 0},
    {.bitmap_index = 11500, .adv_w = 313, .box_w = 18, .box_h = 27, .ofs_x = 1, .ofs_y = -6},
    {.bitmap_index = 11671, .adv_w = 283, .box_w = 14, .box_h = 27, .ofs_x = 2, .ofs_y = 0},
    {.bitmap_index = 11741, .adv_w = 283, .box_w = 14, .box_h = 27, .ofs_x = 2, .ofs_y = 0},
    {.bitmap_index = 11812, .adv_w = 283, .box_w = 14, .box_h = 27, .ofs_x = 2, .ofs_y = 0},
    {.bitmap_index = 11889, .adv_w = 283, .box_w = 14, .box_h = 26, .ofs_x = 2, .ofs_y = 0},
    {.bitmap_index = 11960, .adv_w = 132, .box_w = 7, .box_h = 27, .ofs_x = 0, .ofs_y = 0},
    {.bitmap_index = 11986, .adv_w = 132, .box_w = 6, .box_h = 27, .ofs_x = 2, .ofs_y = 0},
    {.bitmap_index = 12011, .adv_w = 132, .box_w = 10, .box_h = 27, .ofs_x = -1, .ofs_y = 0},
    {.bitmap_index = 12049, .adv_w = 132, .box_w = 9, .box_h = 26, .ofs_x = 0, .ofs_y = 0},
    {.bitmap_index = 12080, .adv_w = 347, .box_w = 21, .box_h = 21, .ofs_x = 0, .ofs_y = 0},
    {.bitmap_index = 12212, .adv_w = 335, .box_w = 17, .box_h = 26, .ofs_x = 2, .ofs_y = 0},
    {.bitmap_index = 12345, .adv_w = 353, .box_w = 20, .box_h = 27, .ofs_x = 1, .ofs_y = 0},
    {.bitmap_index = 12539, .adv_w = 353, .box_w = 20, .box_h = 27, .ofs_x = 1, .ofs_y = 0},
    {.bitmap_index = 12733, .adv_w = 353, .box_w = 20, .box_h = 27, .ofs_x = 1, .ofs_y = 0},
    {.bitmap_index = 12935, .adv_w = 353, .box_w = 20, .box_h = 27, .ofs_x = 1, .ofs_y = 0},
    {.bitmap_index = 13132, .adv_w = 353, .box_w = 20, .box_h = 27, .ofs_x = 1, .ofs_y = 0},
    {.bitmap_index = 13323, .adv_w = 375, .box_w = 17, .box_h = 18, .ofs_x = 3, .ofs_y = 0},
    {.bitmap_index = 13441, .adv_w = 353, .box_w = 20, .box_h = 23, .ofs_x = 1, .ofs_y = -1},
    {.bitmap_index = 13644, .adv_w = 328, .box_w = 17, .box_h = 27, .ofs_x = 2, .ofs_y = 0},
    {.bitmap_index = 13747, .adv_w = 328, .box_w = 17, .box_h = 27, .ofs_x = 2, .ofs_y = 0},
    {.bitmap_index = 13852, .adv_w = 328, .box_w = 17, .box_h = 27, .ofs_x = 2, .ofs_y = 0},
    {.bitmap_index = 13961, .adv_w = 328, .box_w = 17, .box_h = 27, .ofs_x = 2, .ofs_y = 0},
    {.bitmap_index = 14062, .adv_w = 274, .box_w = 19, .box_h = 27, .ofs_x = -1, .ofs_y = 0},
    {.bitmap_index = 14182, .adv_w = 271, .box_w = 14, .box_h = 21, .ofs_x = 2, .ofs_y = 0},
    {.bitmap_index = 14258, .adv_w = 282, .box_w = 15, .box_h = 22, .ofs_x = 2, .ofs_y = 0},
    {.bitmap_index = 14384, .adv_w = 275, .box_w = 14, .box_h = 24, .ofs_x = 1, .ofs_y = 0},
    {.bitmap_index = 14510, .adv_w = 275, .box_w = 14, .box_h = 24, .ofs_x = 1, .ofs_y = 0},
    {.bitmap_index = 14636, .adv_w = 275, .box_w = 14, .box_h = 24, .ofs_x = 1, .ofs_y = 0},
    {.bitmap_index = 14769, .adv_w = 275, .box_w = 14, .box_h = 22, .ofs_x = 1, .ofs_y = 0},
    {.bitmap_index = 14891, .adv_w = 275, .box_w = 14, .box_h = 22, .ofs_x = 1, .ofs_y = 0},
    {.bitmap_index = 15009, .adv_w = 275, .box_w = 14, .box_h = 26, .ofs_x = 1, .ofs_y = 0},
    {.bitmap_index = 15153, .adv_w = 440, .box_w = 26, .box_h = 16, .ofs_x = 1, .ofs_y = 0},
    {.bitmap_index = 15319, .adv_w = 246, .box_w = 13, .box_h = 22, .ofs_x = 1, .ofs_y = -6},
    {.bitmap_index = 15429, .adv_w = 276, .box_w = 15, .box_h = 24, .ofs_x = 1, .ofs_y = 0},
    {.bitmap_index = 15556, .adv_w = 276, .box_w = 15, .box_h = 24, .ofs_x = 1, .ofs_y = 0},
    {.bitmap_index = 15681, .adv_w = 276, .box_w = 15, .box_h = 24, .ofs_x = 1, .ofs_y = 0},
    {.bitmap_index = 15813, .adv_w = 276, .box_w = 15, .box_h = 22, .ofs_x = 1, .ofs_y = 0},
    {.bitmap_index = 15928, .adv_w = 124, .box_w = 7, .box_h = 23, .ofs_x = -1, .ofs_y = 0},
    {.bitmap_index = 15961, .adv_w = 124, .box_w = 8, .box_h = 23, .ofs_x = 1, .ofs_y = 0},
    {.bitmap_index = 15994, .adv_w = 124, .box_w = 10, .box_h = 23, .ofs_x = -1, .ofs_y = 0},
    {.bitmap_index = 16037, .adv_w = 124, .box_w = 9, .box_h = 22, .ofs_x = -1, .ofs_y = 0},
    {.bitmap_index = 16065, .adv_w = 274, .box_w = 15, .box_h = 22, .ofs_x = 1, .ofs_y = 0},
    {.bitmap_index = 16206, .adv_w = 284, .box_w = 14, .box_h = 22, .ofs_x = 2, .ofs_y = 0},
    {.bitmap_index = 16290, .adv_w = 274, .box_w = 15, .box_h = 24, .ofs_x = 1, .ofs_y = 0},
    {.bitmap_index = 16425, .adv_w = 274, .box_w = 15, .box_h = 24, .ofs_x = 1, .ofs_y = 0},
    {.bitmap_index = 16558, .adv_w = 274, .box_w = 15, .box_h = 24, .ofs_x = 1, .ofs_y = 0},
    {.bitmap_index = 16698, .adv_w = 274, .box_w = 15, .box_h = 22, .ofs_x = 1, .ofs_y = 0},
    {.bitmap_index = 16827, .adv_w = 274, .box_w = 15, .box_h = 22, .ofs_x = 1, .ofs_y = 0},
    {.bitmap_index = 16951, .adv_w = 375, .box_w = 19, .box_h = 14, .ofs_x = 2, .ofs_y = 2},
    {.bitmap_index = 16995, .adv_w = 274, .box_w = 17, .box_h = 18, .ofs_x = 0, .ofs_y = -1},
    {.bitmap_index = 17134, .adv_w = 284, .box_w = 14, .box_h = 24, .ofs_x = 2, .ofs_y = 0},
    {.bitmap_index = 17216, .adv_w = 284, .box_w = 14, .box_h = 24, .ofs_x = 2, .ofs_y = 0},
    {.bitmap_index = 17296, .adv_w = 284, .box_w = 14, .box_h = 24, .ofs_x = 2, .ofs_y = 0},
    {.bitmap_index = 17384, .adv_w = 284, .box_w = 14, .box_h = 22, .ofs_x = 2, .ofs_y = 0},
    {.bitmap_index = 17457, .adv_w = 265, .box_w = 16, .box_h = 29, .ofs_x = 0, .ofs_y = -6},
    {.bitmap_index = 17619, .adv_w = 284, .box_w = 15, .box_h = 28, .ofs_x = 2, .ofs_y = -6},
    {.bitmap_index = 17727, .adv_w = 265, .box_w = 16, .box_h = 28, .ofs_x = 0, .ofs_y = -6},
    {.bitmap_index = 17879, .adv_w = 224, .box_w = 12, .box_h = 3, .ofs_x = 1, .ofs_y = 7},
    {.bitmap_index = 17889, .adv_w = 448, .box_w = 26, .box_h = 3, .ofs_x = 1, .ofs_y = 7},
    {.bitmap_index = 17900, .adv_w = 142, .box_w = 5, .box_h = 7, .ofs_x = 2, .ofs_y = 14},
    {.bitmap_index = 17917, .adv_w = 142, .box_w = 5, .box_h = 7, .ofs_x = 2, .ofs_y = 14},
    {.bitmap_index = 17934, .adv_w = 142, .box_w = 5, .box_h = 7, .ofs_x = 2, .ofs_y = -3},
    {.bitmap_index = 17952, .adv_w = 232, .box_w = 10, .box_h = 7, .ofs_x = 2, .ofs_y = 14},
    {.bitmap_index = 17986, .adv_w = 232, .box_w = 10, .box_h = 7, .ofs_x = 2, .ofs_y = 14},
    {.bitmap_index = 18017, .adv_w = 232, .box_w = 10, .box_h = 7, .ofs_x = 2, .ofs_y = -3},
    {.bitmap_index = 18052, .adv_w = 264, .box_w = 9, .box_h = 9, .ofs_x = 4, .ofs_y = 6},
    {.bitmap_index = 18085, .adv_w = 448, .box_w = 22, .box_h = 4, .ofs_x = 3, .ofs_y = 0},
    {.bitmap_index = 18107, .adv_w = 375, .box_w = 21, .box_h = 13, .ofs_x = 1, .ofs_y = 2},
    {.bitmap_index = 18181, .adv_w = 375, .box_w = 13, .box_h = 21, .ofs_x = 5, .ofs_y = 0},
    {.bitmap_index = 18238, .adv_w = 375, .box_w = 22, .box_h = 13, .ofs_x = 1, .ofs_y = 2},
    {.bitmap_index = 18313, .adv_w = 375, .box_w = 13, .box_h = 22, .ofs_x = 5, .ofs_y = -1},
    {.bitmap_index = 18373, .adv_w = 345, .box_w = 22, .box_h = 22, .ofs_x = 0, .ofs_y = -4},
    {.bitmap_index = 18484, .adv_w = 402, .box_w = 23, .box_h = 22, .ofs_x = 1, .ofs_y = -1},
    {.bitmap_index = 18642, .adv_w = 375, .box_w = 15, .box_h = 16, .ofs_x = 4, .ofs_y = 2},
    {.bitmap_index = 18723, .adv_w = 375, .box_w = 17, .box_h = 22, .ofs_x = 3, .ofs_y = -1},
    {.bitmap_index = 18861, .adv_w = 392, .box_w = 26, .box_h = 24, .ofs_x = -1, .ofs_y = -2},
    {.bitmap_index = 19025, .adv_w = 448, .box_w = 29, .box_h = 29, .ofs_x = 0, .ofs_y = -4},
    {.bitmap_index = 19196, .adv_w = 392, .box_w = 25, .box_h = 27, .ofs_x = 0, .ofs_y = -2},
    {.bitmap_index = 19356, .adv_w = 448, .box_w = 28, .box_h = 29, .ofs_x = 0, .ofs_y = -4},
    {.bitmap_index = 19588, .adv_w = 392, .box_w = 25, .box_h = 25, .ofs_x = 0, .ofs_y = -2},
    {.bitmap_index = 19717, .adv_w = 392, .box_w = 25, .box_h = 29, .ofs_x = 0, .ofs_y = -4},
    {.bitmap_index = 19922, .adv_w = 448, .box_w = 28, .box_h = 27, .ofs_x = 0, .ofs_y = -3},
    {.bitmap_index = 20119, .adv_w = 504, .box_w = 32, .box_h = 25, .ofs_x = 0, .ofs_y = -2}
};

/*---------------------
 *  CHARACTER MAPPING
 *--------------------*/

static const uint16_t unicode_list_2[] = {
    0x0, 0x1, 0x5, 0x6, 0x7, 0x9, 0xa, 0xb,
    0xf, 0x13, 0x17d, 0x17e, 0x17f, 0x180, 0x5a3, 0x68d,
    0x700, 0x704, 0xcff9, 0xd002, 0xd006, 0xd047, 0xd08d, 0xd10b,
    0xd1cb, 0xd6ec
};

/*Collect the unicode lists and glyph_id offsets*/
static const lv_font_fmt_txt_cmap_t cmaps[] =
{
    {
        .range_start = 32, .range_length = 95, .glyph_id_start = 1,
        .unicode_list = NULL, .glyph_id_ofs_list = NULL, .list_length = 0, .type = LV_FONT_FMT_TXT_CMAP_FORMAT0_TINY
    },
    {
        .range_start = 160, .range_length = 96, .glyph_id_start = 96,
        .unicode_list = NULL, .glyph_id_ofs_list = NULL, .list_length = 0, .type = LV_FONT_FMT_TXT_CMAP_FORMAT0_TINY
    },
    {
        .range_start = 8211, .range_length = 55021, .glyph_id_start = 192,
        .unicode_list = unicode_list_2, .glyph_id_ofs_list = NULL, .list_length = 26, .type = LV_FONT_FMT_TXT_CMAP_SPARSE_TINY
    }
};



/*--------------------
 *  ALL CUSTOM DATA
 *--------------------*/

#if LVGL_VERSION_MAJOR == 8
/*Store all the custom data of the font*/
static  lv_font_fmt_txt_glyph_cache_t cache;
#endif

#if LVGL_VERSION_MAJOR >= 8
static const lv_font_fmt_txt_dsc_t font_dsc = {
#else
static lv_font_fmt_txt_dsc_t font_dsc = {
#endif
    .glyph_bitmap = glyph_bitmap,
    .glyph_dsc = glyph_dsc,
    .cmaps = cmaps,
    .kern_dsc = NULL,
    .kern_scale = 0,
    .cmap_num = 3,
    .bpp = 4,
    .kern_classes = 0,
    .bitmap_format = 1,
#if LVGL_VERSION_MAJOR == 8
    .cache = &cache
#endif
};



/*-----------------
 *  PUBLIC FONT
 *----------------*/

/*Initialize a public general font descriptor*/
#if LVGL_VERSION_MAJOR >= 8
const lv_font_t wizard_font_28 = {
#else
lv_font_t wizard_font_28 = {
#endif
    .get_glyph_dsc = lv_font_get_glyph_dsc_fmt_txt,    /*Function pointer to get glyph's data*/
    .get_glyph_bitmap = lv_font_get_bitmap_fmt_txt,    /*Function pointer to get glyph's bitmap*/
    .line_height = 34,          /*The maximum line height required by the font*/
    .base_line = 7,             /*Baseline measured from the bottom of the line*/
#if !(LVGL_VERSION_MAJOR == 6 && LVGL_VERSION_MINOR == 0)
    .subpx = LV_FONT_SUBPX_NONE,
#endif
#if LV_VERSION_CHECK(7, 4, 0) || LVGL_VERSION_MAJOR >= 8
    .underline_position = -1,
    .underline_thickness = 1,
#endif
    .dsc = &font_dsc,          /*The custom font data. Will be accessed by `get_glyph_bitmap/dsc` */
#if LV_VERSION_CHECK(8, 2, 0) || LVGL_VERSION_MAJOR >= 9
    .fallback = NULL,
#endif
    .user_data = NULL,
};



#endif /*#if WIZARD_FONT_28*/
