/* Generated by tools/mkfonts.sh, do not edit. Rendered from DejaVu Sans 2.37
 * (Bitstream Vera and Arev licenses, tools/fonts/DejaVuSans-LICENSE.txt) and icons of
 * Font Awesome 7.3.1 Free Solid (SIL OFL 1.1, tools/fonts/fontawesome/LICENSE.txt). */
/*******************************************************************************
 * Size: 24 px
 * Bpp: 4
 * Opts: --bpp 4 --size 24 --format lvgl --font tools/fonts/DejaVuSans.ttf -r 0x20-0x7E,0xA0-0xFF,0x2013-0x2014,0x2018-0x201A,0x201C-0x201E,0x2022,0x2026,0x2190-0x2193,0x2713,0x2717,0x26A0,0x25B6 --font tools/fonts/fontawesome/fa-solid-900.ttf -r 0xF015,0xF1DE,0xF0A0,0xF6FF,0xF019,0xF11E,0xF00C,0xF05A --lv-include lvgl.h --lv-font-name wizard_font_24 -o src/fonts/wizard_font_24.c.tmp
 ******************************************************************************/

#ifdef LV_LVGL_H_INCLUDE_SIMPLE
#include "lvgl.h"
#else
#include "lvgl.h"
#endif

#ifndef WIZARD_FONT_24
#define WIZARD_FONT_24 1
#endif

#if WIZARD_FONT_24

/*-----------------
 *    BITMAPS
 *----------------*/

/*Store the image of the glyphs*/
static LV_ATTRIBUTE_LARGE_CONST const uint8_t glyph_bitmap[] = {
    /* U+0020 " " */

    /* U+0021 "!" */
    0x6f, 0xf0, 0x7, 0xff, 0x24, 0xc0, 0x2, 0x2,
    0xe0, 0x62, 0x2, 0x55, 0x0, 0xa8, 0x2, 0x26,
    0xee, 0x0, 0x78,

    /* U+0022 "\"" */
    0xbf, 0x40, 0x4f, 0xb0, 0xf, 0xfe, 0xb9, 0x99,
    0xc1, 0xcc, 0x80,

    /* U+0023 "#" */
    0x0, 0xfa, 0x3d, 0x80, 0x5, 0xf6, 0x1, 0xfe,
    0x30, 0x40, 0x2, 0x6, 0x0, 0x7f, 0x90, 0x48,
    0x1, 0x80, 0x80, 0x1f, 0xc6, 0x8, 0x1, 0x20,
    0x18, 0x7, 0xf2, 0x86, 0x80, 0x8, 0x4c, 0x3,
    0xd7, 0xdd, 0x48, 0x4f, 0x73, 0x0, 0xfb, 0xa3,
    0x0, 0x30, 0x8c, 0x0, 0x11, 0xc0, 0x1, 0x19,
    0xc0, 0x1b, 0xfe, 0xd0, 0x4f, 0xf8, 0x83, 0xff,
    0x20, 0x7, 0x20, 0x18, 0x0, 0x48, 0xc0, 0x3f,
    0xd8, 0x18, 0x0, 0x50, 0x50, 0xf, 0xf3, 0x82,
    0x0, 0x30, 0x30, 0x3, 0x87, 0x77, 0x10, 0x6e,
    0xce, 0x17, 0xba, 0xc0, 0x1, 0x91, 0x60, 0x1,
    0x14, 0x0, 0x12, 0x28, 0x0, 0x5f, 0xf3, 0x5,
    0xff, 0xac, 0x1b, 0xfe, 0xe0, 0xf, 0x20, 0x28,
    0x3, 0x3, 0x0, 0x3f, 0x84, 0x88, 0x20, 0x4,
    0x4, 0x0, 0xfe, 0x50, 0x40, 0x8, 0xc4, 0x40,
    0x1f, 0xd8, 0x18, 0x0, 0x30, 0x40, 0xf, 0x80,

    /* U+0024 "$" */
    0x0, 0xc3, 0xe2, 0x1, 0xff, 0xd2, 0x19, 0xde,
    0xe, 0xe6, 0x40, 0x80, 0xfb, 0x11, 0x82, 0x19,
    0x9c, 0x82, 0xc4, 0xfb, 0x42, 0xb7, 0xa0, 0x41,
    0x2, 0x4, 0x3, 0xb, 0x90, 0x8, 0x38, 0x7,
    0xf1, 0x5, 0x0, 0x7f, 0x58, 0x36, 0xc8, 0x18,
    0x7, 0x34, 0x1, 0x38, 0x6e, 0x9c, 0x3, 0x3f,
    0x4a, 0x80, 0xa, 0x38, 0x80, 0x21, 0x6b, 0xc,
    0x91, 0x17, 0x80, 0x7c, 0x4d, 0xa0, 0x44, 0x0,
    0xfc, 0x60, 0x6, 0x10, 0xf, 0x84, 0x0, 0xde,
    0xe2, 0x1, 0x8b, 0x40, 0x88, 0x31, 0xdb, 0xa0,
    0xfd, 0x30, 0xe0, 0xe8, 0x43, 0x30, 0x9, 0x36,
    0x98, 0xb, 0xdf, 0x70, 0x3b, 0x64, 0x80, 0x3f,
    0xfa, 0x42, 0xe2, 0x1, 0xc0,

    /* U+0025 "%" */
    0x0, 0x4f, 0x7e, 0xb0, 0x7, 0xcb, 0xf0, 0x1,
    0xd8, 0xc4, 0xc7, 0x2e, 0x1, 0xc3, 0x65, 0x0,
    0x19, 0x4d, 0x32, 0x7c, 0x20, 0x40, 0x34, 0xc,
    0x80, 0x76, 0x7, 0x0, 0x5, 0x81, 0x40, 0x23,
    0x65, 0x40, 0xe, 0x30, 0x60, 0xb, 0x80, 0x80,
    0x2f, 0xb, 0x0, 0xf1, 0x83, 0x0, 0x5c, 0x6,
    0x0, 0x63, 0x81, 0x0, 0xf6, 0x7, 0x0, 0x5,
    0xc1, 0x0, 0x60, 0x9c, 0x3, 0xe5, 0x34, 0xc9,
    0xf1, 0x71, 0x8, 0x19, 0x0, 0xfe, 0xc6, 0x26,
    0x39, 0x80, 0x36, 0x54, 0x7, 0xdf, 0xd6, 0x0,
    0xd3, 0xdf, 0xac, 0x0, 0xe0, 0xb0, 0x98, 0x5,
    0x39, 0x70, 0xf, 0xe7, 0x29, 0x12, 0x62, 0xda,
    0xf1, 0x81, 0x0, 0xf8, 0x60, 0xd8, 0x14, 0x28,
    0x0, 0x2e, 0x8, 0x1, 0xf5, 0x87, 0x80, 0x38,
    0x8, 0x2, 0xe0, 0x20, 0xf, 0x22, 0xb1, 0x80,
    0x7f, 0xf1, 0x64, 0x60, 0x2, 0xe0, 0x20, 0xb,
    0x80, 0x80, 0x39, 0xca, 0x4, 0x2, 0x50, 0xa0,
    0x0, 0xb8, 0x20, 0x6, 0x28, 0x36, 0x0, 0xc4,
    0xc5, 0xb3, 0xe3, 0x2, 0x1, 0xa4, 0x3c, 0x3,
    0xd3, 0x6, 0xc7, 0x2e, 0x0,

    /* U+0026 "&" */
    0x0, 0xcb, 0x7f, 0xed, 0xa5, 0x0, 0xfe, 0x8a,
    0x40, 0x1, 0x2d, 0x10, 0x7, 0xc4, 0xe0, 0xbd,
    0xfe, 0xa4, 0x0, 0xfc, 0xa0, 0x34, 0x20, 0x5,
    0xb2, 0x0, 0xfe, 0x20, 0xf, 0xfe, 0x12, 0x1,
    0x98, 0x3, 0xff, 0x82, 0x6a, 0x1a, 0x20, 0x1f,
    0xfc, 0x1, 0x70, 0x1c, 0x10, 0xf, 0xf0, 0xf9,
    0x5b, 0x16, 0x8, 0x7, 0x66, 0x4, 0x28, 0x5d,
    0x25, 0x4b, 0x4, 0x2, 0x23, 0x21, 0x24, 0x9,
    0x0, 0x52, 0x16, 0x8, 0x1, 0x1, 0x1, 0x0,
    0x84, 0x2, 0xb3, 0x2c, 0x10, 0xa0, 0xe0, 0x10,
    0xf, 0xb0, 0xcb, 0x18, 0xcc, 0x80, 0x40, 0x42,
    0x1, 0xda, 0x44, 0x90, 0xf0, 0x2, 0x0, 0x28,
    0x3, 0x87, 0x80, 0x2, 0x40, 0x1, 0x80, 0x4c,
    0x40, 0x1, 0x3e, 0x0, 0x7, 0x40, 0x27, 0x70,
    0x1d, 0xff, 0xb6, 0x2, 0x30, 0xe, 0x80, 0x28,
    0xc6, 0x20, 0x1, 0x3e, 0xb9, 0xd0, 0x2c, 0x0,

    /* U+0027 "'" */
    0xbf, 0x40, 0xf, 0xfe, 0x19, 0x99, 0xc0,

    /* U+0028 "(" */
    0x0, 0xaf, 0xcc, 0x0, 0x68, 0x83, 0x0, 0x78,
    0x40, 0x0, 0xcc, 0x46, 0x0, 0xa0, 0xa0, 0x9,
    0x81, 0x40, 0x8, 0x2, 0x40, 0x3, 0x5, 0x0,
    0xb0, 0xc, 0x2, 0x70, 0xf0, 0x8, 0x80, 0x40,
    0x38, 0xc0, 0x23, 0x3, 0x0, 0x84, 0x4, 0x2,
    0x50, 0xe0, 0xb, 0x1, 0x0, 0x27, 0x2, 0x0,
    0x88, 0xc1, 0x40, 0x2a, 0xf, 0x0, 0x98, 0x14,
    0x3, 0x38, 0x38, 0x5, 0x3, 0x20, 0x1a, 0x98,
    0x80,

    /* U+0029 ")" */
    0xd, 0xf1, 0x0, 0xd0, 0x10, 0x1, 0x94, 0x98,
    0x80, 0x35, 0x5, 0x80, 0x65, 0x7, 0x0, 0xc4,
    0x62, 0xa0, 0x19, 0x43, 0x0, 0x36, 0x2, 0x0,
    0x67, 0x2, 0x10, 0x8, 0xc0, 0x6, 0x1, 0x8,
    0x0, 0x40, 0x3c, 0xe0, 0x10, 0x80, 0x1c, 0x2,
    0x30, 0x1, 0x0, 0x4c, 0x0, 0x10, 0x8, 0xc1,
    0x0, 0x36, 0x86, 0x0, 0x65, 0x5, 0x0, 0x94,
    0xc, 0x80, 0x2f, 0x9, 0x0, 0x89, 0x49, 0x40,
    0x2b, 0x8, 0x0, 0xdd, 0xa, 0x1, 0x0,

    /* U+002A "*" */
    0x0, 0xea, 0xa0, 0x7, 0xff, 0x1a, 0x4c, 0x3,
    0xc7, 0x20, 0x2b, 0x90, 0x1, 0xa3, 0x14, 0x45,
    0x94, 0xba, 0xee, 0xd5, 0xac, 0x10, 0x2, 0xea,
    0x11, 0x13, 0x54, 0x3, 0x9d, 0x80, 0xc, 0xe0,
    0x19, 0x7a, 0x69, 0x55, 0x53, 0xca, 0x3, 0x4f,
    0xca, 0x0, 0x5e, 0x7a, 0x11, 0x74, 0x80, 0x7a,
    0x78, 0x40, 0x40, 0x3f, 0x8, 0x7, 0xbb, 0x80,
    0x1c,

    /* U+002B "+" */
    0x0, 0xfa, 0x68, 0x3, 0xff, 0x84, 0xea, 0x1,
    0xff, 0xff, 0x0, 0xff, 0xe0, 0x3f, 0xff, 0x84,
    0x3f, 0xfd, 0x20, 0x1f, 0xfc, 0x47, 0xee, 0xf0,
    0x87, 0x77, 0xa4, 0x4, 0x7c, 0x0, 0x11, 0xf0,
    0x7, 0xff, 0xfc, 0x3, 0xc0,

    /* U+002C "," */
    0x3, 0xff, 0x20, 0x7, 0x9c, 0x0, 0xa1, 0x80,
    0xc2, 0x8, 0x10, 0x0, 0x36, 0x10,

    /* U+002D "-" */
    0xdf, 0xfe, 0x70, 0xf, 0x80,

    /* U+002E "." */
    0x1, 0x10, 0x3f, 0x70, 0x3, 0xf8,

    /* U+002F "/" */
    0x0, 0xe1, 0xfe, 0x0, 0xf2, 0x2, 0x0, 0x7b,
    0xc3, 0xc0, 0x3c, 0x80, 0x80, 0x1c, 0x62, 0x62,
    0x1, 0xd6, 0x16, 0x1, 0xe5, 0x5, 0x0, 0xe2,
    0x2c, 0x1, 0xc8, 0x8, 0x1, 0xed, 0xd, 0x0,
    0xf2, 0x2, 0x0, 0x72, 0x82, 0x80, 0x7b, 0xc3,
    0x0, 0x3c, 0x80, 0xe0, 0x1c, 0x62, 0x62, 0x1,
    0xd6, 0x16, 0x1, 0xe5, 0x4, 0x0, 0xe1, 0x21,
    0x30, 0xe, 0x70, 0x70, 0xf, 0x68, 0x68, 0x7,
    0xb1, 0xd0, 0x3, 0xc0,

    /* U+0030 "0" */
    0x0, 0x86, 0x77, 0xfa, 0x8c, 0x3, 0x8f, 0xd8,
    0x80, 0x57, 0x18, 0x3, 0x68, 0x9e, 0x7f, 0x28,
    0x49, 0x80, 0x1c, 0x45, 0xa6, 0x3, 0x46, 0x10,
    0x0, 0xa0, 0x71, 0x0, 0xd0, 0x8, 0x22, 0x20,
    0xd0, 0xe, 0x40, 0x2, 0x28, 0x1, 0x40, 0x3c,
    0x41, 0xa2, 0x0, 0x10, 0xf, 0x30, 0x9, 0x80,
    0x7f, 0xc6, 0x1, 0xff, 0xc1, 0x30, 0xf, 0xf8,
    0xc4, 0x0, 0x20, 0x1e, 0x60, 0x15, 0x0, 0x28,
    0x7, 0x88, 0x34, 0x48, 0x30, 0x3, 0x90, 0x0,
    0x81, 0x40, 0xc2, 0x1, 0xa0, 0x10, 0x41, 0xc4,
    0x5a, 0x60, 0x34, 0x61, 0x0, 0x16, 0x81, 0xe7,
    0xf2, 0x84, 0x98, 0x4, 0x7c, 0xc2, 0x2, 0xb8,
    0xc0, 0x0,

    /* U+0031 "1" */
    0x15, 0x8b, 0xef, 0xf1, 0x80, 0x64, 0xa7, 0x41,
    0x0, 0xfc, 0x29, 0x12, 0x1, 0xf2, 0xf5, 0xba,
    0x0, 0x7f, 0xff, 0xc0, 0x3f, 0xfe, 0xa2, 0x38,
    0x0, 0xe2, 0x30, 0x3, 0xba, 0xc0, 0x5, 0xf7,
    0x42, 0x1, 0xff, 0xc0,

    /* U+0032 "2" */
    0x1, 0x6a, 0xef, 0xf6, 0xc0, 0x80, 0x7, 0xa5,
    0x44, 0x0, 0x4f, 0xc8, 0x6, 0x5, 0x19, 0xdb,
    0x2, 0x16, 0x47, 0x5a, 0xe6, 0x24, 0xfa, 0x0,
    0xa1, 0x50, 0xf, 0x19, 0x80, 0xc0, 0x3f, 0x98,
    0x3, 0xfe, 0x70, 0x30, 0xf, 0xcc, 0x41, 0x40,
    0x1f, 0x14, 0x83, 0x90, 0x7, 0x87, 0xc0, 0xe0,
    0x3, 0xc3, 0x84, 0x78, 0x1, 0xe1, 0xc2, 0x26,
    0x80, 0x78, 0x74, 0x89, 0x82, 0x1, 0xc3, 0xa6,
    0x58, 0x20, 0x1e, 0xd3, 0x1c, 0x10, 0xf, 0x61,
    0x8e, 0x80, 0x8f, 0x8c, 0xc0, 0x39, 0xdd, 0xef,
    0x0, 0xff, 0xe0, 0x0,

    /* U+0033 "3" */
    0x2, 0x7b, 0xdf, 0xf7, 0x52, 0x0, 0x68, 0x82,
    0x10, 0x0, 0x56, 0xe4, 0x2, 0x26, 0xac, 0xed,
    0xb4, 0x6, 0x60, 0x2, 0x25, 0x4c, 0x49, 0x2d,
    0x2, 0x80, 0x3f, 0xd8, 0x4, 0x1, 0xfe, 0xd0,
    0x20, 0xf, 0x84, 0xe5, 0x42, 0x40, 0x31, 0x7f,
    0xbb, 0x18, 0x21, 0x40, 0x3f, 0xd0, 0xe0, 0x1c,
    0x5f, 0xee, 0xc4, 0x8d, 0x20, 0xf, 0x84, 0xed,
    0x8b, 0x80, 0x3f, 0xd6, 0x6, 0x40, 0x1f, 0xc4,
    0x0, 0x60, 0xf, 0xe2, 0x0, 0xff, 0xe0, 0x40,
    0x1, 0xb, 0xa1, 0x8, 0x49, 0x71, 0x41, 0xc0,
    0x2, 0xf7, 0xbd, 0xb4, 0x60, 0xd0, 0x5, 0x6c,
    0x62, 0x0, 0x26, 0xc9, 0x0, 0x0,

    /* U+0034 "4" */
    0x0, 0xfb, 0x7f, 0xcc, 0x1, 0xf9, 0xc8, 0x3,
    0xfc, 0x50, 0x40, 0x1f, 0xe9, 0x9, 0x10, 0xf,
    0xca, 0x8a, 0x80, 0x1f, 0x86, 0xc2, 0xc0, 0x3f,
    0xa0, 0x64, 0x40, 0x3f, 0x1b, 0x1b, 0x0, 0x7f,
    0x70, 0x78, 0x7, 0xf4, 0x13, 0x18, 0x7, 0xe2,
    0x71, 0x80, 0xf, 0xe9, 0x8, 0x10, 0xf, 0x8,
    0x1, 0x82, 0x7f, 0xf8, 0x42, 0x3f, 0x80, 0x3f,
    0xf8, 0x3b, 0xff, 0xf0, 0x84, 0xff, 0x0, 0x7f,
    0xf6, 0xc0,

    /* U+0035 "5" */
    0x6, 0xff, 0xfd, 0xc0, 0x1f, 0xfc, 0x63, 0xee,
    0xf7, 0x80, 0x78, 0x47, 0xe0, 0xf, 0xfe, 0x99,
    0xf7, 0xfb, 0xa4, 0x80, 0x3e, 0x10, 0x0, 0xb6,
    0xa8, 0x4, 0x6f, 0x7d, 0xfd, 0x22, 0x14, 0x60,
    0x5, 0x84, 0x10, 0x16, 0xf1, 0x8, 0x0, 0xfe,
    0x19, 0x4, 0x0, 0xff, 0x20, 0x0, 0x80, 0x3f,
    0xf8, 0x6, 0x1, 0xfc, 0x80, 0x1, 0x0, 0xfc,
    0x52, 0x8, 0x5, 0xd0, 0x84, 0x24, 0xf8, 0x21,
    0x0, 0x1, 0x7b, 0xde, 0xd8, 0x10, 0xb3, 0x2,
    0x95, 0x21, 0x1, 0x37, 0xe4, 0x0, 0x0,

    /* U+0036 "6" */
    0x0, 0xc5, 0x3b, 0xfe, 0xd9, 0x30, 0xc, 0xda,
    0xc4, 0x0, 0x26, 0x90, 0x9, 0x64, 0x12, 0xf7,
    0x58, 0xfa, 0x0, 0x1a, 0x6, 0xb4, 0x22, 0x1c,
    0x38, 0x2, 0x40, 0xa4, 0x3, 0xf9, 0x42, 0x80,
    0x3f, 0x84, 0x81, 0xe, 0xfb, 0xf6, 0x4, 0x0,
    0x40, 0x4, 0xc4, 0x10, 0x27, 0xf2, 0x7, 0x0,
    0x41, 0x5f, 0xfa, 0x84, 0x5e, 0x1, 0xde, 0x80,
    0x5, 0xa0, 0x25, 0x0, 0x90, 0x80, 0x32, 0x10,
    0x63, 0x0, 0xc, 0x3, 0xcc, 0x4, 0x40, 0xf,
    0xfe, 0xa, 0x1, 0x80, 0x79, 0x80, 0x83, 0x81,
    0x8, 0x3, 0x21, 0x6, 0x2, 0x98, 0x7a, 0x0,
    0x16, 0x80, 0xd4, 0x1, 0xa4, 0x4b, 0xff, 0x50,
    0x96, 0x80, 0x43, 0xae, 0x40, 0x3, 0x8d, 0x10,

    /* U+0037 "7" */
    0xf, 0xff, 0xf8, 0xc0, 0x3f, 0xf8, 0x4, 0x1d,
    0xdf, 0x88, 0x14, 0x40, 0x47, 0xe3, 0x20, 0xe0,
    0xf, 0xea, 0x1, 0x40, 0xf, 0xe6, 0x6, 0x0,
    0xfe, 0x41, 0xa, 0x0, 0xfe, 0xe0, 0x32, 0x0,
    0xfc, 0x2a, 0x14, 0x1, 0xfc, 0xe0, 0x7, 0x0,
    0xfe, 0xa0, 0x51, 0x0, 0xfc, 0x46, 0x1c, 0x1,
    0xfd, 0x40, 0x28, 0x1, 0xfc, 0xc0, 0xc0, 0x1f,
    0xc8, 0x21, 0x40, 0x1f, 0xdc, 0x6, 0x40, 0x1f,
    0x85, 0x42, 0x80, 0x3f, 0x9c, 0x0, 0xe0, 0x1e,

    /* U+0038 "8" */
    0x0, 0x96, 0xfb, 0xfd, 0x90, 0x20, 0x1a, 0xe9,
    0x4, 0x0, 0x6f, 0xe4, 0x0, 0x74, 0x7, 0xef,
    0xe9, 0x1, 0xf0, 0x5, 0x2, 0xc0, 0x80, 0xb4,
    0x81, 0x10, 0xc, 0x34, 0x3, 0x90, 0x3, 0x10,
    0x68, 0x7, 0x20, 0x0, 0x82, 0x81, 0x5c, 0x40,
    0xb, 0x1, 0x20, 0x6, 0x70, 0x8e, 0xff, 0x51,
    0x5b, 0x0, 0x51, 0x20, 0x1c, 0x24, 0x1, 0xe,
    0x4b, 0x6f, 0xec, 0x14, 0xc0, 0x2, 0x8d, 0xa4,
    0x80, 0x9e, 0x81, 0xc8, 0x88, 0x16, 0x1, 0xca,
    0x20, 0xae, 0x0, 0x20, 0xf, 0x10, 0x70, 0x4,
    0x40, 0x1e, 0x20, 0x17, 0x0, 0x58, 0x7, 0x28,
    0x86, 0x92, 0x3, 0x49, 0x0, 0xb5, 0x1, 0x28,
    0x51, 0x3, 0x6f, 0xf4, 0x80, 0xf0, 0x0, 0x76,
    0x4c, 0x40, 0x6, 0xfe, 0x60,

    /* U+0039 "9" */
    0x0, 0x96, 0xfb, 0xfa, 0x48, 0x3, 0xaa, 0x88,
    0x20, 0x2d, 0xa8, 0x1, 0x42, 0x84, 0x77, 0xea,
    0x5, 0x88, 0xb, 0x83, 0xb8, 0x40, 0xac, 0x82,
    0x1, 0x0, 0x12, 0x1, 0xd6, 0xc, 0x4, 0x0,
    0x10, 0xe, 0x20, 0x1, 0x80, 0x7f, 0xf0, 0x14,
    0x80, 0x2, 0x1, 0xc4, 0x0, 0xe4, 0x0, 0x40,
    0x7, 0x58, 0x4, 0x2c, 0xd, 0x2, 0x7, 0x64,
    0x1, 0xa5, 0x1, 0xfb, 0xf1, 0x18, 0x83, 0xc0,
    0x17, 0x48, 0x22, 0x4a, 0x92, 0x2, 0x0, 0x96,
    0xfb, 0x96, 0xa6, 0x0, 0x40, 0xf, 0xe9, 0x3,
    0x10, 0xf, 0xca, 0xa0, 0x80, 0x2, 0x4a, 0x10,
    0x9c, 0xd0, 0x32, 0x0, 0x5, 0xaf, 0x7b, 0x18,
    0x1a, 0x40, 0x24, 0x73, 0x10, 0x15, 0xb9, 0x0,
    0x80,

    /* U+003A ":" */
    0x3f, 0xf2, 0x0, 0x7e, 0x3e, 0xe2, 0x0, 0x88,
    0x3, 0xff, 0x8c, 0x22, 0x3, 0xee, 0x20, 0x7,
    0xe0,

    /* U+003B ";" */
    0x3, 0xff, 0x20, 0x7, 0xfc, 0x7d, 0xc4, 0x0,
    0x8, 0x80, 0x3f, 0xf9, 0xe7, 0xfe, 0x40, 0xf,
    0x38, 0x1, 0x43, 0x1, 0x84, 0x10, 0x20, 0x0,
    0x6c, 0x20,

    /* U+003C "<" */
    0x0, 0xff, 0xe1, 0x11, 0x80, 0x7f, 0xf0, 0x17,
    0x36, 0x80, 0x3f, 0x8e, 0x7e, 0x8c, 0x38, 0x3,
    0xc2, 0xfb, 0x8c, 0x5, 0x1c, 0xe0, 0x19, 0x6f,
    0xa0, 0x85, 0xb3, 0x5c, 0x40, 0x7, 0x3f, 0x48,
    0xb, 0x7d, 0x26, 0x1, 0x9b, 0x18, 0xe, 0x7a,
    0x90, 0x3, 0xe1, 0x0, 0xd, 0xb8, 0x80, 0x7f,
    0x33, 0x88, 0xa3, 0xad, 0x40, 0x3f, 0xc, 0x75,
    0xa8, 0x25, 0x7c, 0x98, 0x7, 0xe4, 0xae, 0x93,
    0x6, 0xcd, 0x82, 0x0, 0xf8, 0x5b, 0x35, 0x84,
    0x9f, 0x71, 0x0, 0x3f, 0x14, 0xf5, 0x20, 0x1e,
    0x80, 0x7f, 0xcb, 0x7d, 0x1e,

    /* U+003D "=" */
    0x1, 0x1f, 0xfe, 0x10, 0x3f, 0x77, 0xff, 0xa,
    0x40, 0x3f, 0xf8, 0x8f, 0xff, 0xff, 0xc2, 0x90,
    0xf, 0xfe, 0x28, 0x8f, 0xff, 0x8, 0x1f, 0xbb,
    0xff, 0x85, 0x20, 0x1f, 0xfc, 0x40,

    /* U+003E ">" */
    0x32, 0x0, 0xff, 0xe1, 0x26, 0xe3, 0x8, 0x7,
    0xfc, 0x40, 0x73, 0xd4, 0x80, 0x1f, 0xcb, 0xd2,
    0x60, 0xb7, 0xd0, 0x40, 0x1f, 0xb, 0x66, 0xb8,
    0x89, 0xf7, 0x18, 0x3, 0xf1, 0x47, 0x5a, 0x81,
    0xcf, 0xd2, 0x0, 0x7e, 0x4a, 0xf9, 0x30, 0x5b,
    0x80, 0xf, 0xf3, 0xd1, 0x0, 0x4, 0x3, 0xf2,
    0x57, 0x49, 0xb, 0x58, 0x7, 0x1c, 0xf5, 0xa8,
    0x25, 0x74, 0x90, 0x0, 0x5f, 0x71, 0x84, 0xa3,
    0xad, 0x40, 0x23, 0xbe, 0x82, 0x6, 0xcd, 0x71,
    0x0, 0xe4, 0x40, 0x25, 0x7c, 0x98, 0x7, 0xe2,
    0x7d, 0xb5, 0x0, 0xff, 0x80,

    /* U+003F "?" */
    0x1, 0x7c, 0xff, 0x6c, 0x88, 0x0, 0xfa, 0xc,
    0x0, 0x4d, 0xe4, 0xe, 0xd, 0x9f, 0xd2, 0x3,
    0x20, 0xdb, 0x26, 0x2, 0xce, 0x8, 0x4, 0x40,
    0xe, 0xd0, 0xf, 0xf7, 0x81, 0x80, 0x7c, 0xea,
    0x1e, 0x1, 0xe7, 0x80, 0xa3, 0x0, 0xe6, 0x80,
    0xa5, 0x0, 0xf4, 0x84, 0xa8, 0x7, 0x90, 0x0,
    0xc0, 0x1f, 0x8, 0x8, 0x7, 0xff, 0x1d, 0x33,
    0x0, 0x1f, 0x84, 0x8c, 0x3, 0xf3, 0x77, 0x0,
    0x3f, 0xf9, 0xe0,

    /* U+0040 "@" */
    0x0, 0xf9, 0x27, 0x7b, 0xfb, 0x1c, 0x80, 0x3f,
    0xe4, 0xdb, 0x62, 0x33, 0x1, 0xc6, 0xc0, 0x7,
    0xf4, 0x59, 0x36, 0x7e, 0xe7, 0x72, 0x49, 0xf4,
    0x40, 0x3d, 0x2e, 0x5b, 0x26, 0x1, 0x85, 0xb6,
    0xb, 0x4, 0x3, 0x2b, 0x1e, 0x10, 0x7, 0xf3,
    0xc9, 0x50, 0x6, 0xb1, 0xd1, 0x0, 0x1c, 0xdd,
    0x28, 0x6, 0x66, 0x22, 0x80, 0x1c, 0x6c, 0x40,
    0xb, 0x8c, 0x8b, 0x57, 0x6f, 0x0, 0x40, 0x70,
    0x2, 0x85, 0x40, 0x3, 0x41, 0x1d, 0xf2, 0x88,
    0x0, 0x85, 0x10, 0x4, 0x47, 0x0, 0xa4, 0x1d,
    0xc2, 0xd, 0x0, 0x1d, 0x80, 0x6c, 0x18, 0x1,
    0x20, 0x50, 0x6, 0x60, 0xe, 0x10, 0x72, 0x1,
    0x0, 0x88, 0x8, 0x3, 0x8, 0x80, 0x30, 0x80,
    0x7f, 0xf2, 0x78, 0x18, 0x80, 0x40, 0x22, 0x2,
    0x0, 0xc2, 0x20, 0xc, 0xe2, 0x4c, 0x18, 0x1,
    0x20, 0x50, 0x6, 0x60, 0xc, 0xe3, 0x20, 0x44,
    0x40, 0xa, 0x81, 0xdc, 0x20, 0xd0, 0x0, 0x29,
    0x84, 0x70, 0x2, 0x92, 0x80, 0xa, 0x82, 0x3b,
    0xe5, 0x10, 0x1a, 0xcc, 0xb0, 0xa, 0x42, 0x4,
    0x0, 0xb8, 0xc8, 0xb5, 0x78, 0xb1, 0xb2, 0x1,
    0x86, 0x4a, 0x80, 0x23, 0x9b, 0xa5, 0x7, 0xa7,
    0x20, 0xf, 0x32, 0xa6, 0x8, 0x7, 0xf3, 0x88,
    0x7, 0xd4, 0xc7, 0xd0, 0x40, 0x18, 0x5b, 0x62,
    0x0, 0x1f, 0xa6, 0x89, 0xf7, 0xb3, 0x1b, 0xd2,
    0x4f, 0x20, 0x1f, 0xcb, 0xb4, 0xa6, 0x79, 0x27,
    0xa0, 0x3, 0x80,

    /* U+0041 "A" */
    0x0, 0xf2, 0xff, 0xac, 0x3, 0xff, 0x83, 0xe0,
    0x4, 0x10, 0xf, 0xf8, 0x54, 0x14, 0x18, 0x3,
    0xfe, 0x70, 0x59, 0xa, 0x0, 0xff, 0xa8, 0x38,
    0xc4, 0x8c, 0x3, 0xf8, 0x8c, 0x50, 0x18, 0x28,
    0x3, 0xfa, 0x81, 0xc0, 0x14, 0xe, 0x1, 0xfc,
    0xc1, 0x40, 0x2, 0x20, 0xa8, 0x7, 0xc8, 0x22,
    0x30, 0xa, 0x83, 0x80, 0x3e, 0xe0, 0x60, 0xc,
    0xc0, 0x82, 0x1, 0xe5, 0xa, 0x0, 0xc2, 0x60,
    0xe0, 0x1c, 0xc0, 0xd, 0xff, 0xe3, 0xa, 0x0,
    0xea, 0x0, 0xff, 0x19, 0x0, 0x44, 0x61, 0xbd,
    0xdf, 0x20, 0x50, 0x5, 0x40, 0x44, 0x11, 0xfb,
    0x81, 0x80, 0x26, 0xa, 0x0, 0xfc, 0x80, 0x28,
    0x8, 0x20, 0xa0, 0x1f, 0x85, 0x3, 0x83, 0x80,
    0x88, 0x1, 0xfd, 0xa0, 0xa2,

    /* U+0042 "B" */
    0xaf, 0xff, 0x76, 0x38, 0x7, 0xf8, 0x4e, 0x34,
    0x40, 0x24, 0xff, 0xbb, 0x5c, 0xa, 0xc0, 0x3e,
    0x12, 0x86, 0x5, 0x0, 0xff, 0x78, 0x7, 0xff,
    0x3, 0xc0, 0x80, 0x3f, 0x13, 0xb0, 0x58, 0x4,
    0x9f, 0xfb, 0x60, 0xe9, 0x80, 0x3f, 0xc5, 0xa0,
    0x19, 0x3f, 0xf7, 0x50, 0x3d, 0x0, 0x7e, 0x15,
    0xa0, 0x54, 0x0, 0xfe, 0x41, 0xd, 0x0, 0xff,
    0x10, 0x10, 0x7, 0xf8, 0x80, 0x3f, 0xe4, 0x10,
    0x30, 0xf, 0x85, 0xa8, 0x1, 0x20, 0x4, 0xff,
    0xdd, 0x22, 0x16, 0x20, 0x1f, 0x89, 0xf5, 0x0,

    /* U+0043 "C" */
    0x0, 0xe6, 0xbe, 0xff, 0x6d, 0x20, 0x7, 0x2f,
    0x4a, 0x8, 0x0, 0x96, 0xf4, 0x80, 0xd, 0x42,
    0x28, 0xce, 0xe6, 0x41, 0x11, 0x40, 0xe4, 0xf,
    0x9c, 0xc4, 0x46, 0xfb, 0x0, 0x8, 0x1, 0xd0,
    0xf, 0xce, 0xe2, 0x40, 0x91, 0x0, 0xff, 0x20,
    0x1, 0x40, 0x3f, 0xee, 0x0, 0x10, 0x7, 0xfc,
    0x20, 0x40, 0x1f, 0xfc, 0xf1, 0x2, 0x0, 0xff,
    0xe0, 0x70, 0x0, 0x80, 0x3f, 0xe4, 0x0, 0x28,
    0x7, 0xfc, 0x48, 0x12, 0x20, 0x1f, 0xf4, 0x0,
    0xe8, 0x7, 0xe7, 0x70, 0x1c, 0x81, 0xf3, 0x90,
    0x88, 0xdf, 0x60, 0x2, 0x6a, 0x11, 0x46, 0xf7,
    0x32, 0x8, 0xd4, 0x2, 0x5e, 0x94, 0x10, 0x1,
    0x2d, 0xe1, 0x0,

    /* U+0044 "D" */
    0xaf, 0xfe, 0xed, 0xa7, 0x10, 0xf, 0xf8, 0x49,
    0x63, 0xa8, 0x40, 0x39, 0x3f, 0xee, 0xc9, 0x30,
    0x5c, 0x10, 0xf, 0xc2, 0x6d, 0x92, 0x5, 0x40,
    0x1f, 0xfc, 0x6, 0x70, 0x43, 0x0, 0xff, 0xe0,
    0x48, 0x2, 0x80, 0x3f, 0xf8, 0x2, 0x80, 0x80,
    0x1f, 0xfc, 0x13, 0x2, 0x0, 0xff, 0xe0, 0xf8,
    0x7, 0xff, 0x4f, 0xc0, 0x3f, 0xf8, 0x66, 0x4,
    0x1, 0xff, 0xc0, 0x14, 0x4, 0x0, 0xff, 0xe0,
    0x48, 0x2, 0x80, 0x3f, 0xe6, 0x70, 0x43, 0x0,
    0xf8, 0x4d, 0xb2, 0x40, 0xa8, 0x3, 0x27, 0xfd,
    0xd9, 0x26, 0xb, 0x82, 0x1, 0xf8, 0x49, 0x63,
    0xa8, 0x40, 0x20,

    /* U+0045 "E" */
    0xaf, 0xff, 0xf3, 0x0, 0x7f, 0xf0, 0x93, 0xbb,
    0xf3, 0x0, 0x42, 0x3f, 0x80, 0x3f, 0xfb, 0x69,
    0xff, 0xf8, 0x40, 0x3f, 0xf8, 0x49, 0xdd, 0xf8,
    0x40, 0x21, 0x1f, 0xc0, 0x1f, 0xfe, 0x81, 0x1f,
    0xc0, 0x12, 0x77, 0x7e, 0xa0, 0xf, 0xfe, 0x0,

    /* U+0046 "F" */
    0xaf, 0xff, 0xe6, 0x0, 0xff, 0xe0, 0xa7, 0x77,
    0xcc, 0x1, 0x8, 0xfc, 0x1, 0xff, 0xd8, 0x4f,
    0xff, 0x50, 0x7, 0xff, 0x9, 0x3b, 0xbd, 0x40,
    0x18, 0x47, 0xc0, 0x1f, 0xff, 0xf0, 0xc,

    /* U+0047 "G" */
    0x0, 0xe6, 0xae, 0xff, 0x75, 0xb9, 0x0, 0x72,
    0xf4, 0xa8, 0x80, 0x5, 0x23, 0x68, 0x2, 0x6a,
    0x11, 0x46, 0x77, 0xed, 0x30, 0x29, 0x1, 0xc8,
    0x27, 0x39, 0x88, 0x12, 0xcf, 0x30, 0x2, 0x0,
    0x6c, 0x3, 0xf0, 0xc9, 0x11, 0x2, 0x0, 0x3f,
    0xf8, 0x8, 0x0, 0x40, 0xf, 0xfe, 0x7, 0x0,
    0x8, 0x3, 0xff, 0x80, 0x20, 0x40, 0x1e, 0x9f,
    0xfe, 0xa0, 0xf, 0xfe, 0x20, 0x81, 0x0, 0x7a,
    0x7f, 0xe4, 0x0, 0x70, 0x0, 0x80, 0x3f, 0xf8,
    0x8, 0x0, 0x40, 0xf, 0xfe, 0x1, 0x20, 0x40,
    0x7, 0xff, 0x6, 0x0, 0x6c, 0x3, 0xff, 0x80,
    0x72, 0x9, 0xce, 0x62, 0x2, 0x94, 0x80, 0x60,
    0x6, 0xa1, 0x14, 0x67, 0x7f, 0x5a, 0x82, 0xc0,
    0x4, 0xbd, 0x28, 0x20, 0x1, 0x48, 0xda, 0x10,

    /* U+0048 "H" */
    0xaf, 0xb0, 0xf, 0xd5, 0xf6, 0x1, 0xff, 0xff,
    0x0, 0xff, 0x93, 0xff, 0xf2, 0x80, 0x7f, 0xf1,
    0x93, 0xbb, 0xf2, 0x0, 0x70, 0x8f, 0xf0, 0x7,
    0xff, 0xfc, 0x3, 0xff, 0x9a,

    /* U+0049 "I" */
    0xaf, 0xb0, 0xf, 0xff, 0x38,

    /* U+004A "J" */
    0x0, 0xd5, 0xf6, 0x1, 0xff, 0xff, 0x0, 0xff,
    0xef, 0x88, 0x6, 0x60, 0x30, 0x8, 0x4c, 0x3c,
    0x4, 0xf4, 0x0, 0xe9, 0xd8, 0x61, 0x2, 0x1,
    0x1d, 0x38, 0x0,

    /* U+004B "K" */
    0xaf, 0xb0, 0xf, 0xe, 0xff, 0x18, 0x7, 0xf0,
    0xe1, 0xe, 0x18, 0x7, 0xe2, 0xc2, 0x1c, 0x20,
    0xf, 0xc5, 0x84, 0x4c, 0x20, 0xf, 0xc5, 0x82,
    0x58, 0x40, 0x1f, 0x8b, 0x4, 0xb0, 0x40, 0x3f,
    0x1e, 0x9, 0x60, 0x80, 0x7e, 0x6c, 0x13, 0xc1,
    0x0, 0xfe, 0x20, 0x7, 0x88, 0x7, 0xf8, 0x84,
    0x34, 0x80, 0x3f, 0xcd, 0xa0, 0x3e, 0x20, 0x1f,
    0xe3, 0xc0, 0x2c, 0x10, 0xf, 0xf1, 0xe0, 0x16,
    0x8, 0x7, 0xf8, 0xec, 0xb, 0x4, 0x3, 0xfc,
    0x96, 0x5, 0xa0, 0x1f, 0xf2, 0x50, 0x1e, 0x0,
    0x7f, 0xcb, 0x40, 0x78, 0x1, 0xff, 0x2d, 0x1,
    0xd8, 0x0,

    /* U+004C "L" */
    0xaf, 0xb0, 0xf, 0xff, 0xf8, 0x7, 0xff, 0xfc,
    0x3, 0xff, 0xa4, 0x23, 0xf8, 0x2, 0x4e, 0xef,
    0xc8, 0x1, 0xff, 0xc0,

    /* U+004D "M" */
    0xaf, 0xf8, 0x40, 0x3e, 0x5f, 0xf9, 0x40, 0x33,
    0x80, 0x7d, 0xc0, 0x1e, 0x10, 0xa0, 0xf, 0xa,
    0x8, 0x7, 0x21, 0x19, 0x0, 0x73, 0x3, 0x80,
    0x79, 0x42, 0x80, 0x3a, 0x82, 0x80, 0x3d, 0x40,
    0xc0, 0x18, 0x8a, 0x30, 0xf, 0x11, 0x8a, 0x0,
    0x54, 0x14, 0x1, 0xfa, 0x83, 0x40, 0x26, 0x5,
    0x0, 0xfc, 0xe0, 0xc0, 0x4, 0x13, 0x20, 0xf,
    0xc2, 0xa0, 0xa1, 0xc1, 0x40, 0x1f, 0xee, 0xe,
    0x5, 0x6, 0x0, 0xff, 0x20, 0xa3, 0x82, 0x80,
    0x7f, 0xf0, 0x1c, 0x20, 0x38, 0x3, 0xff, 0x81,
    0x40, 0x1, 0x40, 0xf, 0xfe, 0x1, 0xbb, 0xac,
    0x3, 0xff, 0x85, 0x10, 0x50, 0xf, 0xfe, 0xe8,

    /* U+004E "N" */
    0xaf, 0xf6, 0x0, 0x7d, 0x7f, 0x20, 0x11, 0xa8,
    0x7, 0xff, 0x6, 0x0, 0x3f, 0xe3, 0x2, 0x50,
    0xf, 0xf3, 0x38, 0x40, 0x7, 0xfd, 0x20, 0x4c,
    0x1, 0xfe, 0x17, 0xb, 0x0, 0xff, 0xa4, 0x49,
    0x80, 0x3f, 0xc3, 0x21, 0x0, 0x1f, 0xf3, 0x88,
    0x98, 0x3, 0xfe, 0x90, 0x80, 0xf, 0xf9, 0xc4,
    0x4e, 0x1, 0xff, 0x40, 0x48, 0x7, 0xfc, 0xc2,
    0x27, 0x0, 0xff, 0xa0, 0x21, 0xc0, 0x3f, 0xcc,
    0x40, 0x60, 0x1f, 0xf4, 0x0, 0x7f, 0xf0, 0x54,
    0x80, 0x20,

    /* U+004F "O" */
    0x0, 0xc2, 0xf9, 0xdf, 0xd8, 0xe0, 0x1f, 0x9b,
    0xa0, 0xc4, 0x4, 0xe3, 0x90, 0x3, 0x9e, 0x40,
    0xab, 0xbf, 0xa4, 0x45, 0x6a, 0x1, 0x1c, 0x2,
    0x6a, 0x88, 0xb, 0x79, 0x85, 0x10, 0x2, 0x0,
    0x68, 0x3, 0xc3, 0xa0, 0x8, 0x2, 0x40, 0x91,
    0x0, 0xf8, 0x58, 0x14, 0x10, 0x0, 0xa0, 0x1f,
    0xda, 0x0, 0x4e, 0x0, 0x10, 0x7, 0xf2, 0x80,
    0x8, 0x40, 0x80, 0x3f, 0xc2, 0x0, 0xe3, 0x0,
    0xff, 0xe2, 0x10, 0x10, 0x7, 0xf8, 0x40, 0x1f,
    0xc0, 0x2, 0x0, 0xfe, 0x50, 0x1, 0xa0, 0x1,
    0x40, 0x3f, 0xb4, 0x0, 0x84, 0x81, 0x20, 0x1f,
    0x85, 0x81, 0x40, 0x10, 0x3, 0x60, 0x1f, 0x68,
    0x2, 0x0, 0x7, 0x0, 0x9a, 0xa2, 0x2, 0xdc,
    0x61, 0x44, 0x1, 0x3c, 0x81, 0x57, 0x7f, 0x48,
    0x8a, 0x94, 0x3, 0x9b, 0xa0, 0xc4, 0x4, 0xe3,
    0xd4, 0x2,

    /* U+0050 "P" */
    0xaf, 0xff, 0x6c, 0x8, 0x7, 0xf1, 0x3f, 0x98,
    0x4, 0x9f, 0xf6, 0xc0, 0xe, 0x80, 0x7c, 0x4f,
    0x20, 0x2a, 0x1, 0xf9, 0x80, 0x18, 0x1, 0xfc,
    0x20, 0x60, 0x1f, 0xc2, 0x6, 0x1, 0xf9, 0x80,
    0x18, 0x1, 0xe2, 0x79, 0x1, 0x50, 0x2, 0x7f,
    0xdb, 0x0, 0xa, 0x0, 0xfc, 0x4f, 0xc8, 0x1,
    0x27, 0xfe, 0xd8, 0x10, 0xf, 0xff, 0xf0,

    /* U+0051 "Q" */
    0x0, 0xc2, 0xf9, 0xdf, 0xd8, 0xe0, 0x1f, 0x9b,
    0xa0, 0xc4, 0x4, 0xe3, 0x90, 0x3, 0x9e, 0x40,
    0xab, 0xbf, 0xa4, 0x45, 0x6a, 0x1, 0x1c, 0x2,
    0x6a, 0x88, 0xb, 0x79, 0x85, 0x8, 0x2, 0x0,
    0x68, 0x3, 0xc3, 0xc0, 0x8, 0x2, 0x40, 0x91,
    0x0, 0xf8, 0x98, 0x18, 0x10, 0x0, 0xa0, 0x1f,
    0xda, 0x0, 0x4e, 0x0, 0x10, 0x7, 0xf2, 0x80,
    0x8, 0x40, 0x80, 0x3f, 0xc2, 0x0, 0xe3, 0x0,
    0xff, 0xe2, 0x10, 0x10, 0x7, 0xf8, 0x40, 0x1f,
    0xc0, 0x2, 0x0, 0xfe, 0x20, 0x1, 0x20, 0x1,
    0x40, 0x3f, 0xa8, 0x0, 0x84, 0x81, 0x20, 0x1f,
    0x85, 0x81, 0x4, 0x20, 0x6, 0xc0, 0x3e, 0xd0,
    0x4, 0x0, 0xe, 0x1, 0x35, 0x44, 0x5, 0x74,
    0xc1, 0xcc, 0x2, 0x79, 0x2, 0xae, 0xfe, 0xa2,
    0x7, 0x80, 0xe, 0x6e, 0x83, 0x10, 0xd, 0x90,
    0x1, 0xf0, 0xbe, 0x77, 0xe8, 0x2, 0x80, 0x3f,
    0xf8, 0x25, 0x60, 0xd0, 0x1, 0xff, 0xc1, 0x49,
    0x7, 0x60, 0x0,

    /* U+0052 "R" */
    0xaf, 0xff, 0x6c, 0x90, 0x7, 0xfc, 0x4d, 0xaa,
    0x1, 0xc9, 0xff, 0x6c, 0x88, 0x50, 0x80, 0x7e,
    0x26, 0xd0, 0x3, 0x80, 0x7f, 0x8c, 0x43, 0xc0,
    0x3f, 0xf9, 0x86, 0x21, 0xc0, 0x1f, 0x85, 0x74,
    0x0, 0xa0, 0x19, 0x3f, 0xee, 0xa1, 0x9, 0x20,
    0xf, 0xfb, 0x18, 0x3, 0x93, 0xfd, 0xd8, 0x81,
    0xc2, 0x1, 0xf8, 0x4e, 0xd0, 0xa8, 0x3, 0xfe,
    0x90, 0x44, 0x0, 0x7f, 0x89, 0x42, 0x0, 0x3f,
    0xe8, 0x3, 0x40, 0xf, 0xf1, 0x20, 0x40, 0x7,
    0xfd, 0xe0, 0x66, 0x0, 0xff, 0x21, 0x84, 0x0,

    /* U+0053 "S" */
    0x0, 0x9a, 0xfb, 0xfb, 0x6d, 0x88, 0x0, 0x3b,
    0x28, 0x20, 0x24, 0x93, 0xe0, 0xd, 0x20, 0x7d,
    0xff, 0x6c, 0xa0, 0x0, 0xcc, 0x15, 0x4, 0x0,
    0x26, 0xbc, 0x5, 0x0, 0x28, 0x7, 0xc2, 0x1,
    0x84, 0x3, 0xf9, 0x0, 0x16, 0x1, 0xfc, 0x4a,
    0xb, 0xd4, 0xe6, 0x1, 0xea, 0x70, 0x15, 0x8c,
    0xfb, 0x40, 0xd, 0x1f, 0x4c, 0x60, 0x4, 0xb8,
    0x0, 0xe5, 0x9c, 0xfa, 0x20, 0x75, 0x0, 0xfc,
    0xb8, 0x21, 0xc0, 0x1f, 0xc2, 0x80, 0xc0, 0x1f,
    0xfc, 0x12, 0x20, 0x7, 0xc2, 0x80, 0xee, 0xdb,
    0x62, 0x0, 0x13, 0x78, 0x84, 0x88, 0x24, 0xef,
    0xfb, 0x64, 0x42, 0x4d, 0x36, 0x10, 0x80, 0x2,
    0x6f, 0xac, 0x0,

    /* U+0054 "T" */
    0x1f, 0xff, 0xfe, 0x15, 0x80, 0x7f, 0xf1, 0x7,
    0xbb, 0xc4, 0xf, 0xdd, 0xd6, 0x2, 0x3e, 0x0,
    0x84, 0x78, 0x3, 0xff, 0xfe, 0x1, 0xff, 0xff,
    0x0, 0xff, 0xff, 0x80,

    /* U+0055 "U" */
    0xef, 0x70, 0xf, 0xdd, 0xee, 0x1, 0xff, 0xff,
    0x0, 0xff, 0xfb, 0xf8, 0x7, 0xfc, 0x40, 0x20,
    0x1f, 0x84, 0x9, 0x41, 0x0, 0x3e, 0x40, 0x3,
    0xe8, 0x12, 0x80, 0x7a, 0x0, 0x88, 0x86, 0x14,
    0xe4, 0x0, 0x4b, 0x30, 0x80, 0x6, 0x98, 0x46,
    0xff, 0xad, 0x2, 0x14, 0x0, 0x39, 0x28, 0x20,
    0x2, 0x6d, 0x70, 0x0,

    /* U+0056 "V" */
    0xaf, 0xd0, 0xf, 0xf3, 0x7f, 0x87, 0x80, 0x8c,
    0x3, 0xfa, 0x81, 0x45, 0x4, 0x28, 0x3, 0xf1,
    0x18, 0x70, 0x1, 0x81, 0xc0, 0x3f, 0x50, 0xa,
    0x0, 0x28, 0x5, 0x0, 0x3e, 0x60, 0x60, 0x8,
    0x8c, 0x38, 0x3, 0xc8, 0x21, 0x40, 0x1a, 0x81,
    0x44, 0x3, 0xb4, 0xc, 0x80, 0x33, 0x0, 0x1c,
    0x3, 0x98, 0x28, 0x3, 0xca, 0x14, 0x1, 0x94,
    0x0, 0xe0, 0x1e, 0xe0, 0x32, 0x0, 0xb8, 0x10,
    0x40, 0x3c, 0x82, 0xa, 0x0, 0x14, 0xe, 0x0,
    0xfc, 0xc1, 0x40, 0x6, 0x1, 0x50, 0xf, 0xd4,
    0x4, 0x61, 0x40, 0xe0, 0x1f, 0xc4, 0x61, 0x46,
    0x41, 0x40, 0x1f, 0xea, 0x7, 0xa0, 0x23, 0x0,
    0xff, 0x38, 0xb, 0x5, 0x0, 0x7f, 0xc2, 0xa0,
    0x13, 0x0, 0x7f, 0xf0, 0x3c, 0x0, 0x82, 0x1,
    0xe0,

    /* U+0057 "W" */
    0x1f, 0xf2, 0x0, 0x7a, 0x7f, 0xca, 0x1, 0xe9,
    0xfd, 0x12, 0xc, 0x0, 0xf2, 0x0, 0x30, 0x3,
    0xc8, 0x8, 0x8, 0x8, 0x1, 0xc2, 0x42, 0xa,
    0x1, 0xc2, 0x41, 0x81, 0x80, 0x60, 0x1c, 0x80,
    0xe4, 0x60, 0x1c, 0xa0, 0x4, 0x4, 0x0, 0x20,
    0x6, 0xd0, 0xf4, 0x4, 0x0, 0xd8, 0x4, 0x20,
    0x24, 0x18, 0x1, 0x90, 0x13, 0x3, 0x0, 0x32,
    0x2, 0x0, 0x48, 0x8, 0x1, 0x8c, 0x49, 0xc1,
    0x0, 0x31, 0x86, 0x0, 0x5e, 0x6, 0x1, 0x20,
    0x20, 0x10, 0x98, 0x4, 0x80, 0x4, 0x0, 0x90,
    0x0, 0x60, 0xc, 0xc, 0x0, 0x20, 0x20, 0x3,
    0x0, 0x84, 0x2, 0x21, 0x4, 0x0, 0x20, 0x20,
    0x3, 0x0, 0xc0, 0x6, 0xe, 0x1, 0xc8, 0x18,
    0x0, 0x30, 0x20, 0x2, 0x86, 0x0, 0x10, 0x30,
    0x3, 0xb0, 0x10, 0xc, 0x10, 0x2, 0x30, 0x40,
    0x30, 0x2, 0x0, 0x72, 0x0, 0xd, 0x3, 0x0,
    0x32, 0x1, 0xa0, 0x9, 0x0, 0x71, 0x8, 0x26,
    0x2, 0x0, 0x6c, 0x4, 0xc0, 0x40, 0xf, 0x90,
    0x31, 0x0, 0xc0, 0x31, 0x86, 0x20, 0x60, 0x7,
    0xd8, 0x8, 0x6, 0x1, 0xc8, 0x8, 0x0, 0x40,
    0xf, 0x90, 0x2, 0x40, 0xf, 0x18, 0x0, 0x48,
    0x3, 0xe2, 0x10, 0x6, 0x0, 0x79, 0x0, 0x8,
    0x1, 0x80,

    /* U+0058 "X" */
    0x2, 0xff, 0x30, 0x7, 0xd1, 0xfc, 0x20, 0x4e,
    0x10, 0x20, 0x1c, 0x6e, 0x16, 0x20, 0x8, 0x21,
    0xb0, 0xe, 0xe0, 0x55, 0x0, 0x6e, 0x5, 0x50,
    0x5, 0x4, 0x36, 0x1, 0xc6, 0xc1, 0x62, 0x4,
    0xe1, 0x2, 0x1, 0xe9, 0x21, 0xb0, 0xe0, 0x46,
    0x0, 0xfd, 0x20, 0xb6, 0x61, 0x20, 0x1f, 0xc8,
    0xc0, 0x81, 0x24, 0x1, 0xfe, 0xa0, 0x1, 0x30,
    0x7, 0xfd, 0x0, 0x2, 0x30, 0xf, 0xf3, 0x20,
    0x18, 0x70, 0x7, 0xf0, 0xc8, 0x46, 0x89, 0x40,
    0x7, 0xea, 0x2, 0x71, 0x80, 0x72, 0x0, 0xf2,
    0xa0, 0x70, 0x1, 0x90, 0x38, 0x3, 0x86, 0xc1,
    0xcc, 0x2, 0x90, 0x37, 0x0, 0xd6, 0x25, 0x0,
    0x18, 0xa0, 0x20, 0x80, 0x8, 0xa1, 0xc0, 0x1e,
    0x73, 0x9, 0x0, 0x50, 0x31, 0x80, 0x7d, 0xc0,
    0x8a,

    /* U+0059 "Y" */
    0xb, 0xfc, 0x0, 0xfc, 0x5f, 0xe5, 0xa, 0x3,
    0x70, 0xf, 0xb8, 0x11, 0x40, 0x64, 0x20, 0x80,
    0x39, 0xcc, 0x28, 0x2, 0x64, 0xe, 0x0, 0xc5,
    0x1, 0x22, 0x1, 0xa4, 0xd, 0xc0, 0x2e, 0x4,
    0x60, 0xe, 0x28, 0x8, 0x20, 0x63, 0x9, 0x0,
    0xf9, 0xcc, 0x24, 0x64, 0x24, 0x80, 0x3f, 0x70,
    0x27, 0x81, 0xb0, 0x7, 0xf1, 0x40, 0x8, 0x70,
    0x7, 0xfc, 0xe2, 0xc, 0x40, 0x1f, 0xfc, 0x3,
    0x1, 0x0, 0xff, 0xff, 0x80, 0x7f, 0xf7, 0xc0,

    /* U+005A "Z" */
    0xaf, 0xff, 0xfe, 0x8, 0x80, 0x7f, 0xf0, 0xeb,
    0xbb, 0xfa, 0xc0, 0xc, 0x20, 0x23, 0xf8, 0x28,
    0xe, 0x40, 0x3f, 0xda, 0x22, 0xd0, 0xf, 0xf4,
    0x18, 0x50, 0x80, 0x7f, 0x2b, 0x84, 0x20, 0x7,
    0xf1, 0x50, 0x2b, 0x80, 0x7f, 0xbc, 0xa, 0x80,
    0x3f, 0xd6, 0x41, 0xe0, 0x1f, 0xe7, 0x40, 0xb2,
    0x0, 0xfe, 0x48, 0x7, 0x40, 0xf, 0xe2, 0xa0,
    0x48, 0x0, 0xff, 0x78, 0x95, 0x0, 0x7f, 0xa8,
    0x83, 0x84, 0x3, 0xf9, 0x94, 0x20, 0x84, 0x7f,
    0x82, 0x0, 0x11, 0xdd, 0xfe, 0x50, 0xf, 0xfe,
    0x18,

    /* U+005B "[" */
    0xff, 0xe0, 0x8, 0xce, 0x0, 0xbf, 0x30, 0x1,
    0xff, 0xff, 0x0, 0xff, 0xe9, 0x7e, 0x60, 0x2,
    0x33, 0x80,

    /* U+005C "\\" */
    0xdf, 0x20, 0xf, 0x28, 0x28, 0x7, 0xb0, 0x30,
    0x3, 0xc8, 0x8, 0x1, 0xf2, 0x82, 0x80, 0x7b,
    0xc3, 0xc0, 0x3c, 0x80, 0x80, 0x1e, 0x13, 0x13,
    0x0, 0xf5, 0x85, 0x80, 0x79, 0x41, 0x40, 0x3c,
    0x42, 0x42, 0x1, 0xe7, 0x7, 0x0, 0xf6, 0x86,
    0x80, 0x79, 0x1, 0x0, 0x3e, 0x40, 0x40, 0xf,
    0x68, 0x68, 0x7, 0x9c, 0x1c, 0x3, 0xc2, 0x62,
    0x60, 0x1e, 0x40, 0x40, 0xf, 0x58, 0x58, 0x7,
    0x8e, 0x2c, 0x0,

    /* U+005D "]" */
    0xaf, 0xfc, 0x84, 0x66, 0x0, 0xa3, 0x30, 0x40,
    0x1f, 0xff, 0xf0, 0xf, 0xfe, 0x8c, 0x66, 0x8,
    0x0, 0x46, 0x60, 0x8,

    /* U+005E "^" */
    0x0, 0xf4, 0x7f, 0xa8, 0x3, 0xfe, 0x77, 0x0,
    0x16, 0x40, 0x3f, 0x96, 0x1, 0xa0, 0x19, 0xc0,
    0x3e, 0x4a, 0x7, 0x97, 0x90, 0x86, 0x0, 0xe3,
    0xb0, 0x78, 0x0, 0x34, 0x84, 0xa0, 0x4, 0x5a,
    0x11, 0x0, 0xc, 0xd4, 0x16, 0x60, 0x38, 0x32,
    0xe0, 0x1e, 0x5a, 0xd, 0x20,

    /* U+005F "_" */
    0x2b, 0xbf, 0xfe, 0x1, 0xa, 0x27, 0xff, 0x0,
    0x40,

    /* U+0060 "`" */
    0x68, 0x30, 0x9, 0x5f, 0x44, 0x0, 0x74, 0x3a,
    0x1, 0x2c, 0x1c, 0x0, 0x4e, 0xce, 0x80,

    /* U+0061 "a" */
    0x1, 0x6b, 0xdf, 0xf6, 0xc0, 0x80, 0x51, 0x28,
    0x40, 0x2, 0x7f, 0x20, 0x7, 0x3e, 0xff, 0xd8,
    0x63, 0x20, 0x7, 0x82, 0x0, 0x8f, 0x45, 0x8,
    0x3, 0xf0, 0xa8, 0x20, 0x0, 0xe7, 0x7f, 0xf2,
    0x0, 0x83, 0x63, 0x11, 0xc, 0xe1, 0xf, 0x19,
    0x7, 0xfd, 0xcc, 0x90, 0x0, 0xe0, 0x70, 0x1,
    0xc2, 0x0, 0xe0, 0x60, 0xf, 0x20, 0x3, 0xc1,
    0x80, 0x3a, 0x0, 0x24, 0x3, 0x80, 0x0, 0xc3,
    0x88, 0x0, 0xd4, 0x1f, 0xfb, 0x8e, 0xc8, 0x1,
    0x54, 0x10, 0x0, 0xe6, 0x40, 0x10,

    /* U+0062 "b" */
    0xdf, 0x50, 0xf, 0xff, 0x80, 0xcf, 0x7f, 0x48,
    0x80, 0x62, 0xf6, 0x1, 0x13, 0x78, 0x80, 0x50,
    0x17, 0xdc, 0xc1, 0x16, 0x80, 0x6d, 0x40, 0x1,
    0xe0, 0x1a, 0x0, 0x10, 0xc0, 0x31, 0x20, 0x68,
    0x3, 0x0, 0x3d, 0x80, 0xa0, 0x2, 0x0, 0xf1,
    0x1, 0x0, 0x7f, 0xf0, 0x88, 0x3, 0xc4, 0x4,
    0x0, 0xc0, 0xf, 0x60, 0x28, 0x1, 0xc, 0x3,
    0x12, 0x6, 0x80, 0x5a, 0x80, 0x3, 0xc0, 0x34,
    0x0, 0x48, 0x5f, 0xfb, 0x4, 0x5a, 0x1, 0x1f,
    0xb0, 0x80, 0xb7, 0x88, 0x0,

    /* U+0063 "c" */
    0x0, 0x8a, 0x77, 0xfb, 0x60, 0x80, 0xf, 0xac,
    0x40, 0x24, 0xf2, 0xd, 0x0, 0xbb, 0xfe, 0xe9,
    0x30, 0x80, 0x6a, 0x20, 0x0, 0xb4, 0x28, 0x84,
    0x0, 0x7d, 0xa0, 0x82, 0x1, 0xf1, 0x1, 0x0,
    0x7f, 0xf1, 0xc8, 0x8, 0x3, 0xf6, 0x82, 0x8,
    0x7, 0xca, 0x21, 0x0, 0x1f, 0xa0, 0x1a, 0x88,
    0x0, 0x2d, 0x0, 0xd0, 0xb, 0xbf, 0xee, 0x93,
    0x0, 0x3e, 0x28, 0x80, 0x93, 0xc8,

    /* U+0064 "d" */
    0x0, 0xfe, 0x1f, 0xf0, 0x80, 0x7f, 0xfa, 0xdf,
    0x7f, 0xa8, 0x80, 0x3d, 0x70, 0x40, 0x5, 0xd4,
    0x0, 0xd0, 0x81, 0x5f, 0xda, 0x74, 0x1, 0xb,
    0x84, 0xa8, 0x0, 0xb0, 0x40, 0x24, 0x1, 0x60,
    0xe, 0x90, 0xb, 0x1, 0x0, 0x3c, 0x80, 0x11,
    0x81, 0x80, 0x78, 0x80, 0x3f, 0xf8, 0x6, 0x1,
    0x18, 0x18, 0x7, 0x84, 0x2, 0xc0, 0x40, 0xf,
    0x20, 0x4, 0x80, 0x2c, 0x1, 0xd2, 0x1, 0xb,
    0x84, 0xb0, 0x0, 0xb0, 0x40, 0x34, 0x20, 0x4f,
    0xf6, 0x9d, 0x0, 0x75, 0xc1, 0x0, 0x17, 0x50,
    0x2,

    /* U+0065 "e" */
    0x0, 0x8e, 0xbb, 0xfd, 0x8c, 0x1, 0xcf, 0x8a,
    0x20, 0x3, 0x9b, 0x0, 0x96, 0x2, 0x3b, 0xfd,
    0x42, 0x92, 0x0, 0xb0, 0xa7, 0x10, 0x2, 0xe8,
    0x30, 0xa0, 0x92, 0x80, 0x71, 0x90, 0x26, 0x1,
    0xe6, 0x7c, 0x60, 0x44, 0x1, 0x33, 0xf8, 0x40,
    0x32, 0xff, 0xff, 0x39, 0x3, 0x0, 0x7f, 0xb4,
    0xc, 0x80, 0x3f, 0x94, 0x42, 0x40, 0x3e, 0x10,
    0x5, 0x82, 0x59, 0x80, 0x47, 0x1e, 0x0, 0x59,
    0x4, 0xcf, 0xef, 0xc7, 0x10, 0x9, 0xb5, 0x88,
    0x4, 0x49, 0x1c, 0x0,

    /* U+0066 "f" */
    0x0, 0xd1, 0xbf, 0xee, 0x0, 0xad, 0xc8, 0x44,
    0x40, 0x2, 0x40, 0xce, 0xe6, 0x0, 0x1c, 0x8,
    0xc0, 0x38, 0xc0, 0x40, 0x33, 0xfc, 0x81, 0xff,
    0xca, 0x46, 0x40, 0x3, 0x39, 0x97, 0x2c, 0xf,
    0x32, 0x30, 0xf, 0xff, 0xf8, 0x7, 0xff, 0x30,

    /* U+0067 "g" */
    0x0, 0x9f, 0x7f, 0xa8, 0xc7, 0xfc, 0x20, 0xc,
    0x82, 0x0, 0x2e, 0x20, 0x6, 0x93, 0xa, 0xfe,
    0xd4, 0xa0, 0x8, 0x58, 0x29, 0x40, 0x5, 0x64,
    0x1, 0x38, 0xa, 0x80, 0x75, 0x0, 0x5e, 0x8,
    0x1, 0xe4, 0x0, 0x8c, 0xc, 0x3, 0xc4, 0x1,
    0xff, 0xc4, 0x30, 0x30, 0xf, 0x10, 0x5, 0xe0,
    0x80, 0x1e, 0x40, 0x9, 0xc0, 0x54, 0x3, 0xa8,
    0x2, 0x16, 0xa, 0x50, 0x1, 0x59, 0x0, 0x69,
    0x30, 0xaf, 0xed, 0x4a, 0x0, 0x8, 0x3, 0x20,
    0x80, 0xb, 0xae, 0x1, 0xe7, 0xdf, 0xea, 0x27,
    0x3, 0x0, 0xff, 0x48, 0x20, 0x0, 0x64, 0xc0,
    0x22, 0xb3, 0xa, 0x0, 0x9b, 0x3f, 0xb9, 0xa8,
    0x14, 0x40, 0x1, 0x84, 0x11, 0x89, 0xb5, 0x40,
    0x0,

    /* U+0068 "h" */
    0xdf, 0x50, 0xf, 0xff, 0x8c, 0x6f, 0xf5, 0x8,
    0x6, 0x3d, 0x72, 0x1, 0x5f, 0x10, 0xa, 0x2,
    0xff, 0xd4, 0x3, 0x0, 0x10, 0xfa, 0x0, 0x16,
    0x1, 0xc0, 0x25, 0x20, 0xc, 0xa0, 0x22, 0x0,
    0x68, 0x7, 0x10, 0x0, 0xc0, 0x4, 0x1, 0xff,
    0xff, 0x0, 0xff, 0xe3, 0x0,

    /* U+0069 "i" */
    0xbf, 0x60, 0x8, 0x88, 0x73, 0xaa, 0x1, 0x5f,
    0xb0, 0x7, 0xff, 0x6c,

    /* U+006A "j" */
    0x0, 0xaf, 0xd8, 0x3, 0xf8, 0x88, 0x60, 0x14,
    0xea, 0x80, 0x7f, 0x5f, 0xb0, 0x7, 0xff, 0xfc,
    0x3, 0xce, 0x1, 0xc2, 0x4, 0x0, 0x42, 0x5,
    0x6f, 0xb0, 0x51, 0x10, 0xb, 0xd0, 0x0,

    /* U+006B "k" */
    0xdf, 0x50, 0xf, 0xff, 0xad, 0xfe, 0x90, 0x7,
    0xd8, 0x85, 0x84, 0x1, 0xc3, 0x86, 0x6c, 0x10,
    0xe, 0x1c, 0x33, 0x60, 0x80, 0x71, 0x79, 0x26,
    0x0, 0x7b, 0x70, 0x56, 0xc0, 0x3e, 0x71, 0x2a,
    0x0, 0xfc, 0xa0, 0x50, 0x1, 0xfb, 0xe8, 0x1d,
    0xc0, 0x1f, 0x96, 0x42, 0x1c, 0x3, 0xf3, 0x48,
    0x43, 0x0, 0x7e, 0x69, 0x9, 0x60, 0xf, 0xcd,
    0x1, 0x2a, 0x1, 0xf9, 0xe0, 0x29, 0x40,

    /* U+006C "l" */
    0xbf, 0x60, 0xf, 0xff, 0x50,

    /* U+006D "m" */
    0xdf, 0x50, 0x8d, 0xfd, 0x70, 0x9, 0x2f, 0xbe,
    0xcc, 0x3, 0x1e, 0xb9, 0x1, 0x45, 0x3, 0xda,
    0x8, 0x26, 0x18, 0x5, 0x1, 0x7f, 0xd0, 0xa,
    0xf0, 0xfd, 0xf8, 0x41, 0xe0, 0x10, 0xfa, 0x0,
    0xba, 0x4, 0x34, 0x8, 0x1c, 0x81, 0x88, 0x1,
    0x48, 0x3, 0x68, 0x2, 0xc0, 0x32, 0x0, 0x14,
    0x1, 0xa0, 0x1c, 0x60, 0x2, 0x0, 0xe2, 0x1,
    0x0, 0x10, 0x7, 0xc4, 0x1, 0xff, 0xff, 0x0,
    0xff, 0xff, 0x0,

    /* U+006E "n" */
    0xdf, 0x50, 0x8d, 0xfe, 0xa1, 0x0, 0xc7, 0xae,
    0x40, 0x2b, 0xe2, 0x1, 0x40, 0x5f, 0xfa, 0x80,
    0x60, 0x2, 0x1f, 0x40, 0x2, 0xc0, 0x38, 0x4,
    0xa4, 0x1, 0x94, 0x4, 0x40, 0xd, 0x0, 0xe2,
    0x0, 0x18, 0x0, 0x80, 0x3f, 0xff, 0xe0, 0x1f,
    0xfc, 0x60,

    /* U+006F "o" */
    0x0, 0x96, 0xfb, 0xfa, 0x88, 0x3, 0xaa, 0x88,
    0x23, 0x2e, 0xb0, 0x5, 0xa, 0x11, 0xfd, 0xc4,
    0x9, 0x30, 0x17, 0x8, 0x70, 0x0, 0xd9, 0x84,
    0x2, 0x0, 0x1c, 0x3, 0xa0, 0x10, 0x74, 0x10,
    0x3, 0xc8, 0x0, 0x52, 0x2, 0x0, 0xfe, 0x10,
    0x1, 0x80, 0x7f, 0x88, 0x18, 0x3, 0xf8, 0x74,
    0xc, 0x40, 0x39, 0x0, 0xa, 0x80, 0x9, 0x0,
    0xe8, 0x4, 0x11, 0x38, 0x3b, 0x80, 0x3, 0x66,
    0x10, 0x0, 0x85, 0x8, 0xfe, 0xe2, 0x4, 0x98,
    0x5, 0x54, 0x41, 0x19, 0x75, 0x80, 0x0,

    /* U+0070 "p" */
    0xdf, 0x51, 0x9e, 0xfe, 0x91, 0x0, 0xc5, 0xec,
    0x2, 0x26, 0xf1, 0x0, 0xa0, 0x2f, 0xb9, 0x82,
    0x2d, 0x0, 0xda, 0x80, 0x3, 0xc0, 0x34, 0x0,
    0x21, 0x80, 0x62, 0x40, 0xd0, 0x6, 0x0, 0x7b,
    0x1, 0x40, 0x4, 0x1, 0xe2, 0x2, 0x0, 0xff,
    0xe1, 0x10, 0x7, 0x88, 0x8, 0x1, 0x80, 0x1e,
    0xc0, 0x50, 0x2, 0x18, 0x6, 0x24, 0xd, 0x0,
    0xb5, 0x0, 0x7, 0x80, 0x68, 0x0, 0x90, 0xbf,
    0xf6, 0x8, 0xb4, 0x2, 0x3f, 0x61, 0x1, 0x6f,
    0x10, 0xc, 0x33, 0xdf, 0xd2, 0x20, 0x1f, 0xfe,
    0x60,

    /* U+0071 "q" */
    0x0, 0x9f, 0x7f, 0xa8, 0x87, 0xfc, 0x20, 0xb,
    0x82, 0x0, 0x2e, 0xa0, 0x6, 0x84, 0xa, 0xfe,
    0xd3, 0xa0, 0x8, 0x5c, 0x25, 0x40, 0x5, 0x82,
    0x1, 0x20, 0xb, 0x0, 0x74, 0x80, 0x58, 0x8,
    0x1, 0xe4, 0x0, 0x8c, 0xc, 0x3, 0xc4, 0x1,
    0xff, 0xc0, 0x30, 0x8, 0xc0, 0xc0, 0x3c, 0x20,
    0x16, 0x2, 0x0, 0x79, 0x0, 0x24, 0x1, 0x60,
    0xe, 0x90, 0x8, 0x5c, 0x25, 0x80, 0x5, 0x82,
    0x1, 0xa1, 0x2, 0x7f, 0xb4, 0xe8, 0x3, 0xae,
    0x8, 0x0, 0xba, 0x80, 0x1e, 0x7d, 0xfe, 0xa2,
    0x0, 0xff, 0xf6, 0x0,

    /* U+0072 "r" */
    0xdf, 0x50, 0x8d, 0xfd, 0x0, 0x1e, 0xb9, 0x0,
    0x68, 0x3a, 0xef, 0xe0, 0x0, 0xea, 0x88, 0x18,
    0x1, 0xc, 0x3, 0xd8, 0x1, 0xf1, 0x0, 0x7f,
    0xfc, 0x40,

    /* U+0073 "s" */
    0x0, 0x36, 0x7f, 0xbb, 0x64, 0xc0, 0x17, 0x26,
    0x2, 0x22, 0x69, 0x5, 0x40, 0xaf, 0xef, 0xe9,
    0xc0, 0xc0, 0x65, 0x0, 0x85, 0x98, 0x2, 0x6,
    0x1, 0xfa, 0xc1, 0x6d, 0x44, 0x3, 0x8e, 0x1,
    0x2b, 0xb6, 0x8, 0x2, 0x7e, 0x84, 0x2, 0x7d,
    0x50, 0x8, 0x5e, 0xff, 0x10, 0x28, 0x3, 0xe3,
    0xb0, 0x1, 0x80, 0x7f, 0x9e, 0xa5, 0x0, 0x21,
    0xa0, 0x2, 0xb, 0x5f, 0xf7, 0xf2, 0x85, 0x4,
    0xc2, 0x10, 0x81, 0x36, 0xa8, 0x0,

    /* U+0074 "t" */
    0x0, 0x34, 0x18, 0x7, 0xa9, 0xd4, 0x3, 0xff,
    0x94, 0xbe, 0x61, 0x3f, 0xf6, 0x89, 0x80, 0x8,
    0xce, 0x74, 0xc3, 0xb, 0xcc, 0xa8, 0x3, 0xff,
    0xea, 0xe0, 0x20, 0x1e, 0x30, 0xb1, 0x0, 0xea,
    0x3, 0xee, 0xac, 0x0, 0x56, 0x82, 0x33, 0x0,

    /* U+0075 "u" */
    0xff, 0x18, 0x7, 0x17, 0xf8, 0x3, 0xff, 0xfe,
    0x1, 0xff, 0xc6, 0x10, 0x8, 0x41, 0x80, 0x39,
    0x40, 0x25, 0xf, 0x0, 0xeb, 0x0, 0xb8, 0x15,
    0xc4, 0xf, 0xc, 0x2, 0x54, 0x8, 0xef, 0xc2,
    0xa0, 0xd, 0x6e, 0x40, 0x2d, 0xec, 0x1, 0x0,

    /* U+0076 "v" */
    0x1f, 0xf1, 0x0, 0x7d, 0xfe, 0x41, 0x30, 0xa0,
    0xf, 0x28, 0xa, 0x5, 0x2, 0x80, 0x7b, 0xc1,
    0xc0, 0xe, 0x4, 0x60, 0x1c, 0xa1, 0xa0, 0x1,
    0x40, 0xa0, 0xc, 0xa0, 0x28, 0x1, 0x70, 0x38,
    0x6, 0xe0, 0x60, 0xc, 0xa0, 0x28, 0x0, 0x14,
    0xb, 0x0, 0xe5, 0xd, 0x0, 0x38, 0x11, 0x80,
    0x77, 0x3, 0x0, 0x28, 0x28, 0x3, 0xc8, 0x20,
    0xa2, 0x60, 0xa0, 0x1f, 0x38, 0x7b, 0x1, 0x90,
    0x7, 0xd4, 0xb, 0x41, 0x60, 0x1f, 0x8c, 0x40,
    0x81, 0x80, 0x3f, 0x98, 0x0, 0x82, 0x1, 0x80,

    /* U+0077 "w" */
    0xdf, 0x40, 0xd, 0x3f, 0xe3, 0x0, 0xd5, 0xf0,
    0x81, 0x80, 0x19, 0x0, 0x8, 0x1, 0x90, 0x33,
    0xc1, 0x0, 0x21, 0x20, 0x6, 0x0, 0x44, 0x20,
    0x88, 0x3, 0x0, 0x90, 0x18, 0x50, 0x2, 0x40,
    0x30, 0x21, 0x4, 0x0, 0x68, 0x62, 0x81, 0x80,
    0x30, 0x10, 0x0, 0x81, 0x80, 0x4, 0x4, 0xc0,
    0x40, 0x2, 0x6, 0x0, 0x30, 0x10, 0x0, 0x64,
    0x28, 0x18, 0x4, 0x20, 0x80, 0x4, 0x3, 0x4,
    0x4, 0x3, 0x5, 0x4, 0x3, 0x0, 0x88, 0x41,
    0x30, 0x30, 0x0, 0x82, 0x5e, 0x8, 0x1, 0x90,
    0x31, 0x1, 0x0, 0x18, 0x8, 0x80, 0xc0, 0xd,
    0x80, 0x86, 0x42, 0x0, 0x40, 0xa2, 0x4, 0x0,
    0xc8, 0x6, 0x8, 0x1, 0x18, 0x18, 0x18, 0x7,
    0x10, 0x80, 0x30, 0x3, 0x20, 0x1, 0x0, 0x3c,
    0x80, 0x4, 0x0, 0xd8, 0x0, 0xc0, 0x8,

    /* U+0078 "x" */
    0x8, 0xfe, 0x10, 0xe, 0xbf, 0xc0, 0x4, 0x18,
    0xd0, 0x6, 0x64, 0xe, 0x0, 0xb8, 0x11, 0x80,
    0x5, 0x21, 0x24, 0x1, 0x14, 0x84, 0x90, 0x70,
    0x23, 0x0, 0x73, 0x20, 0x74, 0x18, 0xd0, 0x7,
    0xd4, 0x26, 0xe1, 0x62, 0x1, 0xf0, 0xc0, 0x1,
    0x54, 0x1, 0xfd, 0x40, 0x7, 0x0, 0xfe, 0x73,
    0x1, 0x29, 0x0, 0xf8, 0xe0, 0x2a, 0x80, 0xc8,
    0x1, 0xee, 0x5, 0x52, 0x38, 0x50, 0x80, 0x69,
    0x21, 0xb0, 0x4, 0x10, 0xd8, 0x4, 0x8c, 0x14,
    0x20, 0x17, 0x2, 0xb0, 0xd, 0x3, 0x20, 0x6,
    0x38, 0x9, 0x20,

    /* U+0079 "y" */
    0x1f, 0xf1, 0x80, 0x7d, 0xfe, 0x41, 0x40, 0xa0,
    0xf, 0x28, 0xa, 0x7, 0x83, 0x80, 0x7b, 0x81,
    0x80, 0x8, 0x22, 0x50, 0xc, 0x48, 0x14, 0x1,
    0x30, 0x70, 0x6, 0xa0, 0x32, 0x0, 0xa8, 0x10,
    0x40, 0x26, 0x9, 0x0, 0xc4, 0x80, 0xc0, 0x4,
    0x10, 0x50, 0xe, 0xe0, 0xa0, 0x7, 0x3, 0x0,
    0x79, 0x44, 0x8c, 0x14, 0x28, 0x3, 0xe7, 0xa,
    0x60, 0x23, 0x0, 0xfa, 0xc1, 0xac, 0x28, 0x3,
    0xf1, 0x18, 0x10, 0x30, 0x7, 0xf5, 0x0, 0x10,
    0x40, 0x3f, 0x9c, 0x1, 0xe0, 0x1f, 0xe4, 0x1,
    0x40, 0xf, 0xf7, 0x3, 0x0, 0x7f, 0x95, 0x2,
    0x40, 0x3e, 0x1e, 0xe5, 0x3, 0x88, 0x7, 0xe1,
    0x11, 0x44, 0x0, 0x3e,

    /* U+007A "z" */
    0xaf, 0xff, 0xe9, 0x23, 0x3f, 0x80, 0x28, 0xcc,
    0xf5, 0x0, 0x28, 0x3, 0xc7, 0x21, 0x26, 0x1,
    0xc3, 0xa0, 0xcc, 0x0, 0xf6, 0x89, 0xc8, 0x7,
    0xa4, 0xc7, 0x40, 0x3c, 0xcc, 0xd, 0x10, 0xe,
    0x39, 0x9, 0x30, 0xe, 0x1d, 0x6, 0x60, 0x7,
    0xb4, 0x4e, 0x40, 0x3d, 0x26, 0x3a, 0x1, 0xf3,
    0x0, 0x37, 0x33, 0xce, 0x0, 0x13, 0x3f, 0xb8,

    /* U+007B "{" */
    0x0, 0xc3, 0x1b, 0xfe, 0x40, 0xd, 0xae, 0x44,
    0x37, 0x0, 0x88, 0xc2, 0xf7, 0xc, 0x2, 0x60,
    0x14, 0x0, 0xf0, 0x81, 0x80, 0x7f, 0xf4, 0x44,
    0x3, 0xe3, 0x0, 0xfe, 0xf0, 0x60, 0xe, 0x15,
    0x60, 0xf0, 0xd, 0xfd, 0x43, 0x4a, 0x1, 0x90,
    0xc0, 0x7c, 0x3, 0xaf, 0x38, 0x55, 0xc0, 0x3c,
    0x2c, 0x18, 0x1, 0xf7, 0x3, 0x80, 0x7c, 0x60,
    0x20, 0x1f, 0xfd, 0x13, 0x0, 0xf9, 0xc0, 0x4c,
    0x3, 0xc4, 0x40, 0xcd, 0xc3, 0x0, 0xd8, 0xc4,
    0x43, 0x70,

    /* U+007C "|" */
    0xff, 0x0, 0x7f, 0xff, 0x40,

    /* U+007D "}" */
    0xff, 0x6d, 0x10, 0x7, 0x19, 0x89, 0x70, 0x40,
    0x36, 0x63, 0x84, 0x4e, 0x1, 0xe1, 0x40, 0xe0,
    0xf, 0x88, 0x4, 0x3, 0xff, 0xb6, 0x60, 0x1f,
    0x70, 0x38, 0x7, 0xce, 0x5, 0x2, 0x1, 0xc3,
    0x86, 0xfd, 0xe8, 0x1, 0x90, 0xc0, 0x91, 0xc0,
    0x23, 0x80, 0xbd, 0xb3, 0x0, 0x90, 0xd, 0x0,
    0x3d, 0xe0, 0xc0, 0x1f, 0xc6, 0x1, 0xff, 0xcf,
    0x10, 0xf, 0xc2, 0xe1, 0xe0, 0x1b, 0x31, 0xc2,
    0xe, 0x1, 0x8c, 0xc2, 0xb8, 0x20, 0x18,

    /* U+007E "~" */
    0x0, 0xff, 0xe3, 0x2d, 0xff, 0x5a, 0x80, 0x79,
    0x60, 0x6e, 0x90, 0x5, 0x2b, 0x9c, 0x80, 0xea,
    0x82, 0xc8, 0x8b, 0xed, 0x82, 0x18, 0xdf, 0xc5,
    0x3b, 0x9, 0xb4, 0x12, 0x7d, 0xb5, 0x10, 0x39,
    0xc2, 0x76, 0x0, 0xf2, 0x57, 0x7e, 0x30, 0x0,

    /* U+00A0 " " */

    /* U+00A1 "¡" */
    0x6f, 0xf0, 0x7, 0x9b, 0xb8, 0x2, 0x20, 0x8,
    0xbf, 0x4, 0x5, 0xc0, 0xc4, 0x4, 0x2, 0x30,
    0xf, 0xfe, 0x42, 0x55, 0x0,

    /* U+00A2 "¢" */
    0x0, 0xf5, 0x8, 0x7, 0xf2, 0x98, 0x7, 0xff,
    0x41, 0x6f, 0xc3, 0x75, 0x2, 0x0, 0xba, 0x40,
    0x0, 0x93, 0xb8, 0x29, 0x2, 0x78, 0x33, 0xa0,
    0xd1, 0x42, 0xd8, 0x40, 0x2, 0xeb, 0xc0, 0x68,
    0x1, 0xf3, 0x85, 0x80, 0x7e, 0x20, 0x20, 0xf,
    0xfe, 0x38, 0x81, 0x0, 0x7e, 0x50, 0xd0, 0xf,
    0xda, 0xa, 0x40, 0x1f, 0x31, 0x7, 0x8, 0x6,
    0x33, 0x7, 0x9, 0xf5, 0x84, 0x66, 0x14, 0xf,
    0x14, 0x10, 0x14, 0xc9, 0x40, 0x5, 0x5d, 0x61,
    0x3b, 0xa3, 0x0, 0xc2, 0x80, 0x84, 0x1, 0xff,
    0xc7, 0x13, 0x0, 0x80,

    /* U+00A3 "£" */
    0x0, 0xe5, 0xbe, 0xfe, 0xb5, 0x0, 0xe8, 0xa4,
    0x10, 0x14, 0xb0, 0xc, 0x4e, 0xb, 0xdf, 0xd6,
    0xe0, 0x19, 0x40, 0x68, 0x40, 0x52, 0x40, 0x36,
    0x82, 0x80, 0x7f, 0x84, 0x4, 0x3, 0xff, 0xad,
    0x98, 0x50, 0x4c, 0xcc, 0x40, 0x11, 0x98, 0x40,
    0x4c, 0xf0, 0x80, 0x5f, 0xe4, 0x5, 0xff, 0xc6,
    0x1, 0xff, 0xeb, 0x11, 0x0, 0x42, 0x3e, 0x7,
    0xee, 0x20, 0x2f, 0x77, 0x88, 0x3, 0xff, 0x82,

    /* U+00A4 "¤" */
    0x5, 0x0, 0xfe, 0x41, 0x8, 0xa8, 0x0, 0xf9,
    0x2f, 0x2, 0xc1, 0xdc, 0xd9, 0xfb, 0x9, 0x61,
    0x40, 0x76, 0x11, 0x26, 0x4, 0xf6, 0xe, 0xe0,
    0x2, 0x28, 0x1e, 0x7f, 0x30, 0xc, 0x0, 0x42,
    0xa3, 0x86, 0x3, 0x2a, 0x2a, 0x1, 0x28, 0x38,
    0x7, 0x70, 0x68, 0x7, 0xff, 0x15, 0x41, 0xc0,
    0x3b, 0x83, 0x40, 0x21, 0x51, 0xc2, 0x1, 0x85,
    0x15, 0x0, 0x91, 0x40, 0xf7, 0xf9, 0xc0, 0x60,
    0x0, 0x76, 0x11, 0x26, 0x4, 0xf6, 0xe, 0xe0,
    0xa0, 0x77, 0x36, 0x7e, 0xc2, 0x60, 0x50, 0x4d,
    0x40, 0x7, 0xc7, 0x98, 0x0,

    /* U+00A5 "¥" */
    0xc, 0xf7, 0x0, 0xf8, 0xff, 0xc2, 0x1e, 0x12,
    0x1, 0xf4, 0x4, 0x8, 0x1a, 0xc, 0x0, 0x72,
    0x20, 0x5c, 0x2, 0x90, 0x71, 0x0, 0xd0, 0x10,
    0x1, 0x89, 0x42, 0x0, 0x25, 0x32, 0x60, 0xe,
    0x80, 0x61, 0x0, 0x40, 0x40, 0x7, 0x89, 0x82,
    0x1, 0x88, 0x8a, 0x1, 0x9b, 0xfc, 0xc0, 0xc7,
    0x0, 0x5f, 0xea, 0x0, 0x2b, 0xbc, 0x81, 0xa2,
    0x4e, 0xf7, 0x80, 0xe, 0x22, 0xa0, 0x10, 0x98,
    0x89, 0x40, 0x3c, 0x2c, 0x4, 0x80, 0x1e, 0x6f,
    0xfc, 0xc0, 0x5f, 0xfa, 0x80, 0xa, 0xef, 0x8c,
    0x5, 0xdf, 0x78, 0x0, 0xe2, 0x32, 0x1, 0xc4,
    0x65, 0x0, 0xff, 0xf8, 0x80,

    /* U+00A6 "¦" */
    0xff, 0x0, 0x7f, 0xf3, 0x72, 0xc0, 0xd0, 0x3,
    0x1a, 0x6, 0x58, 0x7, 0xff, 0x34,

    /* U+00A7 "§" */
    0x0, 0x25, 0xf7, 0xed, 0x20, 0x1, 0xad, 0x0,
    0xcc, 0xbe, 0x0, 0x90, 0x8e, 0xce, 0xcd, 0x1,
    0x0, 0x30, 0x4, 0x6c, 0x2, 0x0, 0x70, 0xf,
    0x9c, 0x25, 0xc0, 0x3d, 0x60, 0x8, 0xd3, 0x0,
    0x8b, 0x6, 0x8c, 0xb2, 0x40, 0x10, 0x14, 0xb9,
    0x20, 0xd8, 0x8, 0x8, 0x0, 0x6d, 0x13, 0x82,
    0x5, 0x0, 0x8a, 0x81, 0x68, 0x29, 0x0, 0x24,
    0x0, 0x33, 0x2, 0xe4, 0x41, 0x81, 0x42, 0x68,
    0x5b, 0xe6, 0x45, 0x0, 0x5, 0xf6, 0x16, 0xc,
    0x0, 0xc3, 0x36, 0x0, 0x80, 0xf, 0x25, 0x3,
    0x0, 0x7c, 0x80, 0x1, 0x8, 0x20, 0xa, 0x40,
    0x44, 0xf, 0xbd, 0x9c, 0xe1, 0x60, 0x9, 0x40,
    0x31, 0x4b, 0x50,

    /* U+00A8 "¨" */
    0x37, 0x60, 0x3, 0x39, 0xa4, 0x40, 0x1, 0x10,
    0x40, 0xf, 0xc0,

    /* U+00A9 "©" */
    0x0, 0xff, 0xe5, 0x9c, 0xef, 0xfb, 0x64, 0xc0,
    0x3f, 0xd, 0x61, 0x5d, 0xe2, 0xca, 0x0, 0xf0,
    0xe3, 0x6d, 0xb2, 0x21, 0xaf, 0x5b, 0x44, 0x3,
    0x6b, 0x61, 0x0, 0x4, 0x40, 0x2, 0xc6, 0xd0,
    0x9, 0xca, 0x80, 0x11, 0xdd, 0x7e, 0x20, 0x51,
    0x38, 0x2, 0x2c, 0x43, 0x5c, 0xa2, 0xa1, 0xcc,
    0x6, 0xe4, 0x14, 0x54, 0x24, 0x9b, 0x1d, 0x5e,
    0xdc, 0x0, 0xa0, 0x9a, 0x80, 0x6, 0x8, 0x0,
    0xfe, 0x4c, 0x22, 0x1, 0x1, 0x8, 0x7, 0xf1,
    0x90, 0x7, 0x8, 0x7, 0xf8, 0x40, 0xc4, 0x8,
    0xc, 0x3, 0xfc, 0x44, 0xc4, 0x0, 0x28, 0x38,
    0x7, 0xf2, 0x6a, 0x12, 0x4, 0xc, 0x52, 0x11,
    0xbb, 0x0, 0x10, 0x50, 0x5a, 0x0, 0xb1, 0x16,
    0xf7, 0x24, 0xc0, 0x10, 0xc2, 0x10, 0x52, 0x5,
    0x7d, 0x76, 0xde, 0x50, 0x92, 0x80, 0x0, 0xeb,
    0xd0, 0x0, 0x51, 0x4, 0x0, 0xa7, 0xd1, 0x0,
    0x8f, 0x1f, 0x9c, 0xc4, 0x46, 0xfc, 0xf8, 0x60,
    0x1c, 0x5b, 0x17, 0x9d, 0xcc, 0xb8, 0xd2, 0x0,
    0xfc, 0xd9, 0xdb, 0xae, 0xc6, 0x0, 0xe0,

    /* U+00AA "ª" */
    0x7, 0xce, 0xfe, 0xa2, 0x0, 0x62, 0x45, 0x4a,
    0x60, 0x85, 0xc3, 0x2b, 0x50, 0xb0, 0x1d, 0xff,
    0xba, 0xc3, 0x4f, 0x1a, 0x6e, 0xd4, 0x0, 0xa0,
    0xe6, 0x44, 0x30, 0x7, 0xe9, 0x0, 0x68, 0x6b,
    0xb5, 0xa0, 0x1, 0x28, 0xe2, 0x5, 0x86, 0x40,
    0xbb, 0xfd, 0x25, 0x90, 0x4c, 0xdf, 0x22, 0x26,
    0x7e, 0xf0,

    /* U+00AB "«" */
    0x0, 0xe3, 0x40, 0x8, 0x94, 0x3, 0x26, 0x8,
    0x0, 0xf0, 0x80, 0x24, 0xb0, 0x60, 0x3c, 0x13,
    0x0, 0x2d, 0x8e, 0x1a, 0x60, 0x5a, 0x3, 0x50,
    0xe1, 0xad, 0x86, 0x20, 0x14, 0x86, 0x10, 0x50,
    0x61, 0x80, 0x9, 0x2, 0x0, 0xa, 0x10, 0x1,
    0xad, 0x16, 0xc2, 0x99, 0x30, 0x40, 0x2b, 0x54,
    0xc1, 0x97, 0x3c, 0x10, 0xa, 0x98, 0xd0, 0x22,
    0x4, 0xc0, 0x1a, 0x60, 0x2, 0x79, 0x10, 0xe,
    0x75, 0x0, 0x99, 0x80,

    /* U+00AC "¬" */
    0x1, 0x1f, 0xfe, 0x10, 0x3f, 0x77, 0xff, 0xa,
    0x40, 0x3f, 0xf8, 0x8f, 0xff, 0xff, 0xc0, 0x90,
    0xf, 0xff, 0xb0,

    /* U+00AD "­" */
    0xdf, 0xfe, 0x70, 0xf, 0x80,

    /* U+00AE "®" */
    0x0, 0xff, 0xe5, 0x9c, 0xef, 0xfb, 0x64, 0xc0,
    0x3f, 0xd, 0x61, 0x5d, 0xe2, 0xca, 0x0, 0xf0,
    0xe3, 0x6d, 0xb2, 0x21, 0xaf, 0x5b, 0x44, 0x3,
    0x6b, 0x61, 0x0, 0x78, 0xb1, 0xb4, 0x2, 0x72,
    0xa0, 0x9f, 0xfd, 0xae, 0x0, 0xa2, 0x70, 0x4,
    0x58, 0x80, 0x53, 0x96, 0xd0, 0xe0, 0x37, 0x20,
    0xa2, 0xa0, 0x18, 0x8d, 0x28, 0x2c, 0x0, 0xa0,
    0x9a, 0x80, 0x1f, 0x84, 0x3, 0x93, 0x8, 0x80,
    0x1f, 0xc, 0x82, 0x0, 0x46, 0x40, 0x1f, 0x5f,
    0xf3, 0xba, 0x0, 0x21, 0x3, 0x10, 0xe, 0x9b,
    0x21, 0xb0, 0xc, 0x44, 0xc4, 0x0, 0xe2, 0x4f,
    0xd, 0x10, 0x9, 0x35, 0x9, 0x0, 0x3c, 0x52,
    0x30, 0x0, 0x41, 0x41, 0x68, 0x0, 0xf9, 0x8d,
    0x8c, 0x21, 0x84, 0x20, 0xa4, 0x2e, 0xca, 0x1,
    0x6d, 0x8c, 0x94, 0x0, 0x7, 0x5e, 0x89, 0x4,
    0x2, 0x14, 0x87, 0xd1, 0x0, 0x8f, 0x1f, 0x9c,
    0xc4, 0x46, 0xfc, 0xf8, 0x60, 0x1c, 0x5b, 0x17,
    0x9d, 0xcc, 0xb8, 0xd2, 0x0, 0xfc, 0xd9, 0xdb,
    0xae, 0xc6, 0x0, 0xe0,

    /* U+00AF "¯" */
    0x6c, 0xcf, 0x37, 0x19, 0xfb, 0x80,

    /* U+00B0 "°" */
    0x0, 0x1c, 0x40, 0xc0, 0x28, 0xc7, 0x76, 0x40,
    0x23, 0xaf, 0x71, 0x5d, 0x38, 0x68, 0x45, 0x43,
    0xa2, 0x60, 0x18, 0xc8, 0xc8, 0xc0, 0x6, 0x59,
    0x23, 0x95, 0x4c, 0x16, 0x1c, 0x45, 0x5b, 0xc4,

    /* U+00B1 "±" */
    0x0, 0xf9, 0xe0, 0x3, 0xff, 0x85, 0x2e, 0x1,
    0xff, 0xeb, 0x7f, 0xff, 0x8, 0x7f, 0xfa, 0x40,
    0x3f, 0xf8, 0x8f, 0xdd, 0xe1, 0xe, 0xef, 0x48,
    0x8, 0xf8, 0x0, 0x23, 0xe0, 0xf, 0xff, 0x67,
    0x78, 0x7, 0xe1, 0x1f, 0xfe, 0x10, 0x3f, 0x77,
    0xff, 0xa, 0x40, 0x3f, 0xf8, 0x80,

    /* U+00B2 "²" */
    0x6b, 0xef, 0xd8, 0x10, 0xc3, 0xbb, 0x3b, 0xb4,
    0x2a, 0x15, 0x28, 0x8c, 0x3, 0x88, 0x8a, 0x1,
    0x8b, 0xce, 0x80, 0x23, 0xc1, 0xd0, 0x9, 0x71,
    0x30, 0x40, 0x11, 0x49, 0xea, 0xb0, 0x30, 0x25,
    0x56, 0x10,

    /* U+00B3 "³" */
    0x5c, 0xef, 0xea, 0x20, 0x1a, 0xa5, 0xc2, 0x60,
    0x23, 0x22, 0x46, 0x22, 0x0, 0x7f, 0xb4, 0x9c,
    0x40, 0x19, 0x88, 0x3c, 0x0, 0x8c, 0xcf, 0x76,
    0x20, 0xe, 0xf0, 0x79, 0x64, 0x44, 0x38, 0x20,
    0xdd, 0xca, 0xda, 0x20,

    /* U+00B4 "´" */
    0x0, 0x92, 0x18, 0x0, 0x56, 0xe8, 0x0, 0xe0,
    0xb2, 0x9, 0x39, 0x40, 0x46, 0x68, 0x0,

    /* U+00B5 "µ" */
    0xff, 0x18, 0x7, 0x17, 0xf8, 0x3, 0xff, 0xfe,
    0x1, 0xff, 0xce, 0x10, 0xf, 0x30, 0x7, 0x30,
    0x7, 0xbc, 0x3, 0xb8, 0x3, 0xcb, 0x2, 0x3,
    0x28, 0x0, 0x31, 0x0, 0x23, 0xf7, 0xf3, 0x28,
    0x86, 0x58, 0x2, 0x20, 0x40, 0x2f, 0x56, 0x22,
    0xc0, 0x9, 0xf7, 0xfa, 0x1, 0x7b, 0x8c, 0x1,
    0xff, 0xe8,

    /* U+00B6 "¶" */
    0x0, 0x96, 0xfb, 0xff, 0xa8, 0x1, 0x54, 0x41,
    0x1, 0x77, 0x0, 0x4e, 0xa0, 0x18, 0xa2, 0x0,
    0x14, 0x80, 0x7f, 0x84, 0x40, 0x1f, 0xfc, 0xa1,
    0x0, 0xff, 0xe0, 0x30, 0x7, 0xfd, 0x4, 0x1,
    0xfe, 0x1d, 0x61, 0x0, 0xff, 0x4f, 0x68, 0x80,
    0x7f, 0x88, 0x3, 0xff, 0xfe, 0x1, 0xff, 0xd5,
    0x9a, 0x0, 0x47, 0x80,

    /* U+00B7 "·" */
    0x1, 0x10, 0x3f, 0x70, 0x3, 0xf8,

    /* U+00B8 "¸" */
    0x0, 0x17, 0xa8, 0x4, 0x4d, 0x60, 0x1b, 0x84,
    0xde, 0x62, 0x40, 0x81, 0xdc, 0x72, 0x20,

    /* U+00B9 "¹" */
    0x3b, 0xdf, 0xe0, 0xc, 0x70, 0x40, 0x18, 0xe1,
    0x44, 0x3, 0xff, 0xb2, 0x88, 0x10, 0x44, 0x9,
    0x5d, 0x88, 0x6e, 0xc8,

    /* U+00BA "º" */
    0x0, 0x46, 0xff, 0x51, 0x0, 0x5a, 0xee, 0xa9,
    0x5d, 0x30, 0x72, 0x7a, 0x57, 0xc0, 0xf0, 0xb0,
    0x90, 0x8, 0xce, 0x11, 0x0, 0x80, 0x66, 0x3,
    0x10, 0x10, 0xc, 0xc0, 0x76, 0x12, 0x1, 0x19,
    0xc2, 0xe4, 0xf4, 0xd1, 0x81, 0xe0, 0xc, 0x77,
    0x4b, 0x2e, 0x18, 0x0, 0x63, 0x7f, 0xa8, 0xc0,
    0x4, 0xcd, 0xf2, 0x2, 0x4c, 0xfd, 0xe0,

    /* U+00BB "»" */
    0x60, 0xc, 0xc0, 0x1d, 0xb8, 0x1, 0x66, 0x4,
    0x2, 0x33, 0x60, 0x86, 0x9e, 0x8, 0x2, 0x1c,
    0xf0, 0x5e, 0xb, 0xc8, 0x1, 0x10, 0x2f, 0x27,
    0x91, 0xc3, 0x0, 0x3b, 0x86, 0x41, 0xa4, 0x78,
    0x0, 0x4c, 0x1a, 0x5, 0x61, 0x40, 0x78, 0x34,
    0xc5, 0x85, 0x2e, 0x98, 0x36, 0xa7, 0x83, 0x4c,
    0x1e, 0x18, 0x81, 0x23, 0x6a, 0x0, 0x1c, 0x30,
    0x1, 0xe2, 0x0, 0x54, 0x60, 0x14, 0x98, 0x6,

    /* U+00BC "¼" */
    0x16, 0x9b, 0xa0, 0xf, 0xe1, 0xb9, 0x0, 0xe7,
    0x95, 0x52, 0x0, 0x7f, 0x42, 0x68, 0x7, 0x37,
    0xe1, 0x0, 0x7f, 0x13, 0x22, 0x0, 0x3f, 0xf8,
    0xdc, 0x12, 0x1, 0xff, 0xc6, 0x53, 0x72, 0x0,
    0xff, 0xe3, 0x58, 0xc0, 0x7, 0xff, 0x1a, 0x6,
    0xc0, 0x3f, 0xf8, 0xc4, 0xe6, 0xa0, 0x1f, 0xc2,
    0x20, 0x0, 0x88, 0x2, 0x90, 0xe0, 0xc, 0x77,
    0x40, 0x2, 0xee, 0x18, 0xf7, 0x14, 0x11, 0xc,
    0x40, 0x1b, 0x91, 0x0, 0x2, 0xbb, 0xf2, 0x4,
    0x8c, 0x0, 0x69, 0x73, 0x0, 0xc8, 0x9e, 0x17,
    0x28, 0x10, 0x9, 0x5e, 0xc0, 0x3f, 0xe1, 0x83,
    0x60, 0x8, 0x6e, 0x84, 0x3, 0xfe, 0xb0, 0xf0,
    0xd, 0x4e, 0x80, 0x1f, 0xf1, 0xaa, 0x8c, 0x2,
    0x65, 0x81, 0x10, 0x0, 0x40, 0x3e, 0xe0, 0xb0,
    0xd, 0x83, 0xdd, 0x18, 0xf3, 0x80, 0x73, 0x14,
    0x8, 0x6, 0x8b, 0xbc, 0x43, 0x6a, 0x1, 0x86,
    0x9, 0xc0, 0x38, 0x91, 0x30, 0x82, 0x10, 0x6,
    0x72, 0x90, 0xf, 0xfa, 0x60, 0x0,

    /* U+00BD "½" */
    0x0, 0x9, 0x98, 0x3, 0xfc, 0x66, 0x0, 0xc9,
    0xdc, 0xcd, 0x0, 0xfe, 0x4c, 0xa0, 0xe, 0x6a,
    0x20, 0xf, 0xf4, 0x84, 0x0, 0x64, 0x85, 0x10,
    0xf, 0xe6, 0x28, 0x10, 0xf, 0xfe, 0x20, 0xc1,
    0x38, 0x7, 0xff, 0x16, 0x46, 0x0, 0x3f, 0xf8,
    0xa4, 0xe8, 0xa0, 0x1f, 0xfc, 0x59, 0x9, 0x0,
    0xff, 0xe2, 0xa2, 0x18, 0x80, 0x3f, 0x8, 0x80,
    0x2, 0x20, 0xa, 0x46, 0x6, 0x37, 0xfd, 0x88,
    0x5, 0xdc, 0x31, 0xee, 0x28, 0x31, 0x48, 0x92,
    0xd5, 0xc9, 0x5a, 0x15, 0xdf, 0x90, 0x60, 0x9c,
    0xf, 0x5d, 0x1b, 0x43, 0x41, 0x13, 0xc3, 0x3,
    0x20, 0x1f, 0x38, 0x8, 0x7, 0xc4, 0xc8, 0x80,
    0xf, 0xa4, 0x64, 0x3, 0xe9, 0x9, 0x0, 0xfa,
    0xca, 0x84, 0x3, 0xc8, 0x86, 0x20, 0xf, 0x52,
    0x52, 0x0, 0x7d, 0x23, 0x0, 0x1e, 0xb5, 0xa5,
    0x0, 0xf9, 0xca, 0x4, 0x3, 0xad, 0x29, 0x4,
    0x60, 0xc, 0x30, 0x4c, 0x1, 0xc8, 0x80, 0xae,
    0xea, 0x80, 0x33, 0x9c, 0x80, 0x79, 0x6e, 0xfd,
    0x0,

    /* U+00BE "¾" */
    0x0, 0xff, 0xe5, 0x2e, 0xff, 0xd4, 0x20, 0x1f,
    0x17, 0xd8, 0x7, 0xaa, 0xed, 0xb, 0x80, 0x1f,
    0x48, 0x48, 0x7, 0x2b, 0xa2, 0x1d, 0x48, 0x40,
    0x39, 0x51, 0xc8, 0x3, 0xf0, 0xa2, 0x8, 0x40,
    0x3a, 0xc6, 0x0, 0x3f, 0x7f, 0x5a, 0xe0, 0x7,
    0x38, 0xc0, 0x7, 0xf6, 0x5b, 0xa5, 0x80, 0x61,
    0x83, 0x60, 0xf, 0xe3, 0x48, 0x75, 0x40, 0xa,
    0xc3, 0xc0, 0x3f, 0xf8, 0x3e, 0x2, 0x0, 0x35,
    0x51, 0x80, 0x7e, 0x73, 0x11, 0x2c, 0x2, 0x0,
    0x3c, 0x2c, 0x3, 0x2f, 0xe8, 0x3, 0x31, 0xdc,
    0xa3, 0xb1, 0x6, 0x38, 0x10, 0x8, 0x6c, 0x4c,
    0x1, 0x7d, 0x98, 0xec, 0x40, 0x4, 0x13, 0x80,
    0x6a, 0x62, 0x0, 0xc2, 0x66, 0x10, 0xa, 0x6,
    0x0, 0x33, 0x32, 0x0, 0x3f, 0xe2, 0x74, 0x50,
    0x8, 0xa7, 0x80, 0x3f, 0xf8, 0x12, 0x12, 0x1,
    0xb9, 0xcc, 0x3, 0xfe, 0x44, 0x31, 0x0, 0x4c,
    0x52, 0x22, 0x0, 0x8, 0x7, 0xd2, 0x30, 0x1,
    0xb0, 0x7b, 0xa3, 0x1e, 0x70, 0xe, 0x72, 0x81,
    0x0, 0xd1, 0x77, 0x88, 0x6d, 0x40, 0x30, 0xc1,
    0x30, 0x7, 0x12, 0x26, 0x10, 0x42, 0x0, 0xce,
    0x72, 0x1, 0xff, 0x4c, 0x0, 0x0,

    /* U+00BF "¿" */
    0x0, 0xc7, 0xfe, 0x20, 0xf, 0xfe, 0x89, 0xf7,
    0x8, 0x3, 0xf0, 0x88, 0x3, 0xf1, 0x7f, 0x84,
    0x3, 0xff, 0x92, 0x20, 0x1f, 0x28, 0x8, 0x7,
    0xc7, 0x1, 0x20, 0x1e, 0x2d, 0x4, 0x70, 0xe,
    0x1c, 0x13, 0xb0, 0xf, 0x50, 0x96, 0x80, 0x78,
    0x90, 0x24, 0x40, 0x3c, 0xc0, 0x5, 0x0, 0xf9,
    0xc0, 0x8, 0x1, 0xcc, 0x6, 0x21, 0x6a, 0x2,
    0xb9, 0x20, 0xa, 0x1, 0xaf, 0xea, 0x31, 0x0,
    0x26, 0x28, 0x80, 0xa4, 0xf0, 0x0,

    /* U+00C0 "À" */
    0x0, 0xe3, 0xfd, 0x0, 0xff, 0xe1, 0x1d, 0x15,
    0x0, 0x7f, 0xf0, 0x96, 0x55, 0xc0, 0x3f, 0xf8,
    0x4d, 0xee, 0x1, 0xff, 0xd2, 0x5f, 0xf5, 0x80,
    0x7f, 0xf0, 0x7c, 0x0, 0x82, 0x1, 0xff, 0xa,
    0x82, 0x83, 0x0, 0x7f, 0xce, 0xb, 0x21, 0x40,
    0x1f, 0xf5, 0x7, 0x18, 0x91, 0x80, 0x7f, 0x11,
    0x8a, 0x3, 0x5, 0x0, 0x7f, 0x50, 0x38, 0x2,
    0x81, 0xc0, 0x3f, 0x98, 0x28, 0x0, 0x44, 0x15,
    0x0, 0xf9, 0x4, 0x46, 0x1, 0x50, 0x70, 0x7,
    0xdc, 0xc, 0x1, 0x98, 0x10, 0x40, 0x3c, 0xa1,
    0x40, 0x18, 0x4c, 0x1c, 0x3, 0x98, 0x1, 0xbf,
    0xfc, 0x61, 0x40, 0x1d, 0x40, 0x1f, 0xe3, 0x20,
    0x8, 0x8c, 0x37, 0xbb, 0xe4, 0xa, 0x0, 0xa8,
    0x8, 0x82, 0x3f, 0x70, 0x30, 0x4, 0xc1, 0x40,
    0x1f, 0x90, 0x5, 0x1, 0x4, 0x14, 0x3, 0xf0,
    0xa0, 0x70, 0x70, 0x11, 0x0, 0x3f, 0xb4, 0x14,
    0x40,

    /* U+00C1 "Á" */
    0x0, 0xfd, 0x1f, 0x20, 0x1f, 0xfc, 0x14, 0x75,
    0x90, 0xf, 0xfe, 0x1, 0x51, 0xd0, 0x7, 0xff,
    0x4, 0xbb, 0x0, 0x3f, 0xfa, 0x6b, 0xfe, 0xb0,
    0xf, 0xfe, 0xf, 0x80, 0x10, 0x40, 0x3f, 0xe1,
    0x50, 0x50, 0x60, 0xf, 0xf9, 0xc1, 0x64, 0x28,
    0x3, 0xfe, 0xa0, 0xe3, 0x12, 0x30, 0xf, 0xe2,
    0x31, 0x40, 0x60, 0xa0, 0xf, 0xea, 0x7, 0x0,
    0x50, 0x38, 0x7, 0xf3, 0x5, 0x0, 0x8, 0x82,
    0xa0, 0x1f, 0x20, 0x88, 0xc0, 0x2a, 0xe, 0x0,
    0xfb, 0x81, 0x80, 0x33, 0x2, 0x8, 0x7, 0x94,
    0x28, 0x3, 0x9, 0x83, 0x80, 0x73, 0x0, 0x37,
    0xff, 0x8c, 0x28, 0x3, 0xa8, 0x3, 0xfc, 0x64,
    0x1, 0x11, 0x86, 0xf7, 0x7c, 0x81, 0x40, 0x15,
    0x1, 0x10, 0x47, 0xee, 0x6, 0x0, 0x98, 0x28,
    0x3, 0xf2, 0x0, 0xa0, 0x20, 0x82, 0x80, 0x7e,
    0x14, 0xe, 0xe, 0x2, 0x20, 0x7, 0xf6, 0x82,
    0x88,

    /* U+00C2 "Â" */
    0x0, 0xf2, 0xff, 0xac, 0x3, 0xff, 0x80, 0x54,
    0x94, 0x90, 0x1, 0xfe, 0x1c, 0x4b, 0x5a, 0x75,
    0x0, 0xfe, 0x1e, 0xb0, 0x2, 0xfa, 0x80, 0x7f,
    0xf4, 0x17, 0xfd, 0x60, 0x1f, 0xfc, 0x1f, 0x0,
    0x20, 0x80, 0x7f, 0xc2, 0xa0, 0xa0, 0xc0, 0x1f,
    0xf3, 0x82, 0xc8, 0x50, 0x7, 0xfd, 0x41, 0xc6,
    0x24, 0x60, 0x1f, 0xc4, 0x62, 0x80, 0xc1, 0x40,
    0x1f, 0xd4, 0xe, 0x0, 0xa0, 0x70, 0xf, 0xe6,
    0xa, 0x0, 0x11, 0x5, 0x40, 0x3e, 0x41, 0x11,
    0x80, 0x54, 0x1c, 0x1, 0xf7, 0x3, 0x0, 0x66,
    0x4, 0x10, 0xf, 0x28, 0x50, 0x6, 0x13, 0x7,
    0x0, 0xe6, 0x0, 0x6f, 0xff, 0x18, 0x50, 0x7,
    0x50, 0x7, 0xf8, 0xc8, 0x2, 0x23, 0xd, 0xee,
    0xf9, 0x2, 0x80, 0x2a, 0x2, 0x20, 0x8f, 0xdc,
    0xc, 0x1, 0x30, 0x50, 0x7, 0xe4, 0x1, 0x40,
    0x41, 0x5, 0x0, 0xfc, 0x28, 0x1c, 0x1c, 0x4,
    0x40, 0xf, 0xed, 0x5, 0x10,

    /* U+00C3 "Ã" */
    0x0, 0xf0, 0x80, 0x62, 0x0, 0xfe, 0x1d, 0xee,
    0x49, 0xd6, 0x80, 0x7f, 0x49, 0x4b, 0xb6, 0x2c,
    0x0, 0x7f, 0x5d, 0x9a, 0x7e, 0xf5, 0xc0, 0x3f,
    0x8d, 0x0, 0x24, 0x20, 0xf, 0xfe, 0x8a, 0xff,
    0xac, 0x3, 0xff, 0x83, 0xe0, 0x4, 0x10, 0xf,
    0xf8, 0x54, 0x14, 0x18, 0x3, 0xfe, 0x70, 0x59,
    0xa, 0x0, 0xff, 0xa8, 0x38, 0xc4, 0x8c, 0x3,
    0xf8, 0x8c, 0x50, 0x18, 0x28, 0x3, 0xfa, 0x81,
    0xc0, 0x14, 0xe, 0x1, 0xfc, 0xc1, 0x40, 0x2,
    0x20, 0xa8, 0x7, 0xc8, 0x22, 0x30, 0xa, 0x83,
    0x80, 0x3e, 0xe0, 0x60, 0xc, 0xc0, 0x82, 0x1,
    0xe5, 0xa, 0x0, 0xc2, 0x60, 0xe0, 0x1c, 0xc0,
    0xd, 0xff, 0xe3, 0xa, 0x0, 0xea, 0x0, 0xff,
    0x19, 0x0, 0x44, 0x61, 0xbd, 0xdf, 0x20, 0x50,
    0x5, 0x40, 0x44, 0x11, 0xfb, 0x81, 0x80, 0x26,
    0xa, 0x0, 0xfc, 0x80, 0x28, 0x8, 0x20, 0xa0,
    0x1f, 0x85, 0x3, 0x83, 0x80, 0x88, 0x1, 0xfd,
    0xa0, 0xa2,

    /* U+00C4 "Ä" */
    0x0, 0xc9, 0xfe, 0x10, 0xbf, 0xb0, 0xf, 0xfe,
    0x73, 0x44, 0x4, 0x3a, 0x38, 0x3, 0xf8, 0x9d,
    0xc0, 0x5, 0x75, 0x0, 0xff, 0xe8, 0x2f, 0xfa,
    0xc0, 0x3f, 0xf8, 0x3e, 0x0, 0x41, 0x0, 0xff,
    0x85, 0x41, 0x41, 0x80, 0x3f, 0xe7, 0x5, 0x90,
    0xa0, 0xf, 0xfa, 0x83, 0x8c, 0x48, 0xc0, 0x3f,
    0x88, 0xc5, 0x1, 0x82, 0x80, 0x3f, 0xa8, 0x1c,
    0x1, 0x40, 0xe0, 0x1f, 0xcc, 0x14, 0x0, 0x22,
    0xa, 0x80, 0x7c, 0x82, 0x23, 0x0, 0xa8, 0x38,
    0x3, 0xee, 0x6, 0x0, 0xcc, 0x8, 0x20, 0x1e,
    0x50, 0xa0, 0xc, 0x26, 0xe, 0x1, 0xcc, 0x0,
    0xdf, 0xfe, 0x30, 0xa0, 0xe, 0xa0, 0xf, 0xf1,
    0x90, 0x4, 0x46, 0x1b, 0xdd, 0xf2, 0x5, 0x0,
    0x54, 0x4, 0x41, 0x1f, 0xb8, 0x18, 0x2, 0x60,
    0xa0, 0xf, 0xc8, 0x2, 0x80, 0x82, 0xa, 0x1,
    0xf8, 0x50, 0x38, 0x38, 0x8, 0x80, 0x1f, 0xda,
    0xa, 0x20,

    /* U+00C5 "Å" */
    0x0, 0xf3, 0x6f, 0x50, 0x80, 0x7f, 0xcd, 0x2c,
    0xeb, 0x80, 0x1f, 0xf5, 0xad, 0xce, 0x12, 0x0,
    0x7f, 0x8b, 0x40, 0x4, 0x4, 0x1, 0xfe, 0x39,
    0x31, 0x80, 0x50, 0xf, 0xf7, 0x8e, 0x73, 0x30,
    0xc0, 0x3f, 0xc6, 0x80, 0x15, 0x80, 0x7f, 0xc2,
    0x80, 0xa1, 0x40, 0x1f, 0xf3, 0x2, 0xc8, 0x28,
    0x7, 0xfd, 0x41, 0xc6, 0x24, 0x60, 0x1f, 0xc6,
    0x42, 0x80, 0xc1, 0x40, 0x1f, 0xd4, 0xe, 0x0,
    0xa0, 0x60, 0xf, 0xe7, 0xa, 0x0, 0x11, 0x1,
    0x40, 0x3e, 0x41, 0x11, 0x80, 0x54, 0x1c, 0x1,
    0xf7, 0x3, 0x0, 0x65, 0x4, 0x10, 0xe, 0x15,
    0xb, 0x0, 0xc4, 0x60, 0xc0, 0x1c, 0xe0, 0xc,
    0xff, 0xe3, 0xa, 0x0, 0xea, 0x0, 0xff, 0x11,
    0x80, 0x44, 0x61, 0xbd, 0xdf, 0x20, 0x58, 0x5,
    0x40, 0x44, 0x11, 0xfb, 0x81, 0x80, 0x26, 0xa,
    0x0, 0xfc, 0x80, 0x28, 0x8, 0x20, 0xa0, 0x1f,
    0x85, 0x3, 0x83, 0x80, 0x88, 0x1, 0xfd, 0xa0,
    0xa2,

    /* U+00C6 "Æ" */
    0x0, 0xfb, 0x3f, 0xff, 0xf8, 0x34, 0x1, 0xe3,
    0x30, 0x7, 0xff, 0x22, 0x80, 0xba, 0x0, 0x1d,
    0xdf, 0xa8, 0x3, 0xcc, 0x16, 0x20, 0x10, 0x8f,
    0xe0, 0xf, 0x30, 0x1, 0x80, 0x3f, 0xf8, 0xd6,
    0xc, 0x1, 0xff, 0xc6, 0x32, 0xb, 0x0, 0xff,
    0xe3, 0x48, 0x21, 0x0, 0x77, 0xff, 0xe4, 0x0,
    0x85, 0x43, 0xc0, 0x3f, 0xf8, 0xcc, 0x4, 0x80,
    0x1e, 0xee, 0xfc, 0x80, 0x15, 0x5, 0x80, 0x7c,
    0x23, 0xf8, 0x2, 0x42, 0x9, 0xff, 0xd0, 0x1,
    0xff, 0xc1, 0xe0, 0xf, 0xfe, 0x40, 0xa8, 0x67,
    0x77, 0x40, 0x7, 0xff, 0x1, 0x80, 0x8c, 0x47,
    0x80, 0x3f, 0xf8, 0x32, 0x14, 0x1, 0xfc, 0x23,
    0xfc, 0x82, 0xc, 0x1, 0xfd, 0xdd, 0xfb, 0x3c,
    0x10, 0x40, 0x3f, 0xf8, 0xc0,

    /* U+00C7 "Ç" */
    0x0, 0xe6, 0xbe, 0xff, 0x6d, 0x20, 0x7, 0x2f,
    0x4a, 0x8, 0x0, 0x96, 0xf4, 0x80, 0xd, 0x42,
    0x28, 0xce, 0xe6, 0x41, 0x11, 0x40, 0xe4, 0xf,
    0x9c, 0xc4, 0x46, 0xfb, 0x0, 0x8, 0x1, 0xd0,
    0xf, 0xce, 0xe2, 0x40, 0x91, 0x0, 0xff, 0x20,
    0x1, 0x40, 0x3f, 0xee, 0x0, 0x10, 0x7, 0xfc,
    0x20, 0x40, 0x1f, 0xfc, 0xf1, 0x2, 0x0, 0xff,
    0xe0, 0x70, 0x0, 0x80, 0x3f, 0xe4, 0x0, 0x28,
    0x7, 0xfc, 0x48, 0x12, 0x20, 0x1f, 0xf4, 0x0,
    0xe8, 0x7, 0xe7, 0x70, 0x1c, 0x81, 0xf3, 0x90,
    0x88, 0xdf, 0x60, 0x2, 0x6a, 0x11, 0x46, 0xf7,
    0x32, 0x8, 0xd4, 0x2, 0x5e, 0x94, 0x10, 0x1,
    0x2d, 0xe1, 0x0, 0x73, 0x5f, 0x48, 0x7d, 0x20,
    0x7, 0xf9, 0x82, 0xc0, 0x3f, 0xf8, 0x22, 0xa0,
    0x1f, 0xeb, 0x8b, 0x15, 0x0, 0xff, 0x33, 0xa2,
    0x20, 0x3, 0x0,

    /* U+00C8 "È" */
    0x0, 0xa3, 0xe4, 0x3, 0xfa, 0x15, 0x94, 0x3,
    0xfa, 0x92, 0x88, 0x3, 0xfa, 0xfc, 0x80, 0x3f,
    0xf8, 0x95, 0xff, 0xfe, 0x60, 0xf, 0xfe, 0x12,
    0x77, 0x7e, 0x60, 0x8, 0x47, 0xf0, 0x7, 0xff,
    0x6d, 0x3f, 0xff, 0x8, 0x7, 0xff, 0x9, 0x3b,
    0xbf, 0x8, 0x4, 0x23, 0xf8, 0x3, 0xff, 0xd0,
    0x23, 0xf8, 0x2, 0x4e, 0xef, 0xd4, 0x1, 0xff,
    0xc0,

    /* U+00C9 "É" */
    0x0, 0xf6, 0xfa, 0x0, 0x7e, 0xa2, 0xa4, 0x0,
    0xf9, 0x96, 0x14, 0x3, 0xf3, 0x7b, 0x80, 0x7f,
    0xf1, 0x6b, 0xff, 0xfc, 0xc0, 0x1f, 0xfc, 0x24,
    0xee, 0xfc, 0xc0, 0x10, 0x8f, 0xe0, 0xf, 0xfe,
    0xda, 0x7f, 0xfe, 0x10, 0xf, 0xfe, 0x12, 0x77,
    0x7e, 0x10, 0x8, 0x47, 0xf0, 0x7, 0xff, 0xa0,
    0x47, 0xf0, 0x4, 0x9d, 0xdf, 0xa8, 0x3, 0xff,
    0x80,

    /* U+00CA "Ê" */
    0x0, 0xd5, 0xfe, 0x50, 0xf, 0x9d, 0x65, 0x68,
    0xc0, 0x39, 0x62, 0x5a, 0x97, 0x44, 0x3, 0x2f,
    0xb0, 0x2, 0xb8, 0x40, 0x3f, 0xf8, 0x55, 0xff,
    0xfe, 0x60, 0xf, 0xfe, 0x12, 0x77, 0x7e, 0x60,
    0x8, 0x47, 0xf0, 0x7, 0xff, 0x6d, 0x3f, 0xff,
    0x8, 0x7, 0xff, 0x9, 0x3b, 0xbf, 0x8, 0x4,
    0x23, 0xf8, 0x3, 0xff, 0xd0, 0x23, 0xf8, 0x2,
    0x4e, 0xef, 0xd4, 0x1, 0xff, 0xc0,

    /* U+00CB "Ë" */
    0x0, 0x57, 0xe0, 0x3, 0xfc, 0xa0, 0x1f, 0xfc,
    0x4e, 0x89, 0x0, 0x44, 0x1c, 0x3, 0x23, 0xa8,
    0x1, 0xdc, 0x40, 0x1f, 0xfc, 0x2a, 0xff, 0xff,
    0x30, 0x7, 0xff, 0x9, 0x3b, 0xbf, 0x30, 0x4,
    0x23, 0xf8, 0x3, 0xff, 0xb6, 0x9f, 0xff, 0x84,
    0x3, 0xff, 0x84, 0x9d, 0xdf, 0x84, 0x2, 0x11,
    0xfc, 0x1, 0xff, 0xe8, 0x11, 0xfc, 0x1, 0x27,
    0x77, 0xea, 0x0, 0xff, 0xe0, 0x0,

    /* U+00CC "Ì" */
    0xc, 0xf4, 0x0, 0xb4, 0xa8, 0x40, 0x3, 0xe1,
    0xa0, 0x11, 0x76, 0x0, 0x7f, 0x57, 0xd8, 0x7,
    0xff, 0xfc, 0x3, 0xff, 0xa0,

    /* U+00CD "Í" */
    0x0, 0x1f, 0xe8, 0x80, 0xe8, 0xe0, 0x85, 0xe,
    0x8, 0x2, 0xfc, 0x80, 0x3f, 0xab, 0xec, 0x3,
    0xff, 0xfe, 0x1, 0xff, 0xd1,

    /* U+00CE "Î" */
    0x0, 0xf, 0x7f, 0x10, 0x6, 0xd0, 0xb3, 0xf0,
    0xa, 0x4b, 0x13, 0x2, 0xc0, 0x13, 0xc4, 0x3,
    0xb6, 0x1, 0xff, 0xc1, 0xaf, 0xb0, 0xf, 0xff,
    0xf8, 0x7, 0xff, 0xfc, 0x3, 0xc0,

    /* U+00CF "Ï" */
    0xef, 0x70, 0x5f, 0xf0, 0x7, 0xf4, 0x41, 0x1,
    0xe2, 0x0, 0xce, 0x60, 0x4e, 0xe0, 0xf, 0xfa,
    0xbe, 0xc0, 0x3f, 0xff, 0xe0, 0x1f, 0xff, 0x40,

    /* U+00D0 "Ð" */
    0x0, 0x47, 0xff, 0x76, 0xdb, 0x90, 0x7, 0xff,
    0x4, 0x49, 0x23, 0x6c, 0x40, 0x3e, 0x2f, 0xfb,
    0xb6, 0x50, 0x13, 0xc8, 0x3, 0xfc, 0x24, 0xd7,
    0x40, 0x3e, 0x1, 0xff, 0xc2, 0x59, 0x2, 0x50,
    0xf, 0xfe, 0x13, 0x8, 0x70, 0x7, 0xff, 0xd,
    0xc1, 0x0, 0x3f, 0xf8, 0x7e, 0x0, 0x1e, 0xf7,
    0x2, 0xff, 0xb0, 0x3, 0x8c, 0x0, 0x68, 0x62,
    0x0, 0x33, 0x94, 0x3, 0xfa, 0xb1, 0x80, 0xb3,
    0x29, 0x0, 0xe3, 0x0, 0x18, 0x7, 0xff, 0xb,
    0xc0, 0x2, 0x1, 0xff, 0xc2, 0x70, 0x40, 0xf,
    0xfe, 0x13, 0x8, 0x70, 0x7, 0xff, 0x5, 0x64,
    0x9, 0x40, 0x3f, 0x84, 0x9a, 0xe8, 0x7, 0xc0,
    0x3c, 0x5f, 0xf7, 0x6c, 0xa0, 0x27, 0x90, 0x7,
    0xfc, 0x49, 0x1b, 0x62, 0x1, 0x0,

    /* U+00D1 "Ñ" */
    0x0, 0xe1, 0x0, 0x84, 0x40, 0x1e, 0x3e, 0xe9,
    0xcb, 0x28, 0x3, 0xde, 0x14, 0x91, 0xa5, 0xe0,
    0x1e, 0x8d, 0x5a, 0xeb, 0xe4, 0x0, 0xf2, 0x18,
    0x0, 0x50, 0x40, 0x3f, 0xf8, 0xd5, 0xfe, 0xc0,
    0xf, 0xaf, 0xe4, 0x2, 0x35, 0x0, 0xff, 0xe0,
    0xc0, 0x7, 0xfc, 0x60, 0x4a, 0x1, 0xfe, 0x67,
    0x8, 0x0, 0xff, 0xa4, 0x9, 0x80, 0x3f, 0xc2,
    0xe1, 0x60, 0x1f, 0xf4, 0x89, 0x30, 0x7, 0xf8,
    0x64, 0x20, 0x3, 0xfe, 0x71, 0x13, 0x0, 0x7f,
    0xd2, 0x10, 0x1, 0xff, 0x38, 0x89, 0xc0, 0x3f,
    0xe8, 0x9, 0x0, 0xff, 0x98, 0x44, 0xe0, 0x1f,
    0xf4, 0x4, 0x38, 0x7, 0xf9, 0x88, 0xc, 0x3,
    0xfe, 0x80, 0xf, 0xfe, 0xa, 0x90, 0x4,

    /* U+00D2 "Ò" */
    0x0, 0xe1, 0x77, 0x0, 0x7f, 0xf0, 0x87, 0xe2,
    0x0, 0x1f, 0xfc, 0x28, 0x67, 0x50, 0xf, 0xfe,
    0x14, 0xc1, 0x0, 0x7f, 0xf0, 0xdd, 0xc0, 0x1f,
    0xfd, 0x1, 0x7c, 0xef, 0xec, 0x70, 0xf, 0xcd,
    0xd0, 0x62, 0x2, 0x71, 0xc8, 0x1, 0xcf, 0x20,
    0x55, 0xdf, 0xd2, 0x22, 0xb5, 0x0, 0x8e, 0x1,
    0x35, 0x44, 0x5, 0xbc, 0xc2, 0x88, 0x1, 0x0,
    0x34, 0x1, 0xe1, 0xd0, 0x4, 0x1, 0x20, 0x48,
    0x80, 0x7c, 0x2c, 0xa, 0x8, 0x0, 0x50, 0xf,
    0xed, 0x0, 0x27, 0x0, 0x8, 0x3, 0xf9, 0x40,
    0x4, 0x20, 0x40, 0x1f, 0xe1, 0x0, 0x71, 0x80,
    0x7f, 0xf1, 0x8, 0x8, 0x3, 0xfc, 0x20, 0xf,
    0xe0, 0x1, 0x0, 0x7f, 0x28, 0x0, 0xd0, 0x0,
    0xa0, 0x1f, 0xda, 0x0, 0x42, 0x40, 0x90, 0xf,
    0xc2, 0xc0, 0xa0, 0x8, 0x1, 0xb0, 0xf, 0xb4,
    0x1, 0x0, 0x3, 0x80, 0x4d, 0x51, 0x1, 0x6e,
    0x30, 0xa2, 0x0, 0x9e, 0x40, 0xab, 0xbf, 0xa4,
    0x45, 0x4a, 0x1, 0xcd, 0xd0, 0x62, 0x2, 0x71,
    0xea, 0x1, 0x0,

    /* U+00D3 "Ó" */
    0x0, 0xfe, 0x77, 0x0, 0x7f, 0xf0, 0xaa, 0x4,
    0x3, 0xff, 0x82, 0xcb, 0xc, 0x1, 0xff, 0xc1,
    0x19, 0x70, 0xf, 0xfe, 0x13, 0xb0, 0x7, 0xff,
    0x44, 0x5f, 0x3b, 0xfb, 0x1c, 0x3, 0xf3, 0x74,
    0x18, 0x80, 0x9c, 0x72, 0x0, 0x73, 0xc8, 0x15,
    0x77, 0xf4, 0x88, 0xad, 0x40, 0x23, 0x80, 0x4d,
    0x51, 0x1, 0x6f, 0x30, 0xa2, 0x0, 0x40, 0xd,
    0x0, 0x78, 0x74, 0x1, 0x0, 0x48, 0x12, 0x20,
    0x1f, 0xb, 0x2, 0x82, 0x0, 0x14, 0x3, 0xfb,
    0x40, 0x9, 0xc0, 0x2, 0x0, 0xfe, 0x50, 0x1,
    0x8, 0x10, 0x7, 0xf8, 0x40, 0x1c, 0x60, 0x1f,
    0xfc, 0x42, 0x2, 0x0, 0xff, 0x8, 0x3, 0xf8,
    0x0, 0x40, 0x1f, 0xca, 0x0, 0x34, 0x0, 0x28,
    0x7, 0xf6, 0x80, 0x10, 0x90, 0x24, 0x3, 0xf0,
    0xb0, 0x28, 0x2, 0x0, 0x6c, 0x3, 0xed, 0x0,
    0x40, 0x0, 0xe0, 0x13, 0x54, 0x40, 0x5b, 0x8c,
    0x28, 0x80, 0x27, 0x90, 0x2a, 0xef, 0xe9, 0x11,
    0x52, 0x80, 0x73, 0x74, 0x18, 0x80, 0x9c, 0x7a,
    0x80, 0x40,

    /* U+00D4 "Ô" */
    0x0, 0xf9, 0xa1, 0x80, 0x3f, 0xf8, 0x2f, 0x29,
    0x2c, 0x1, 0xff, 0x24, 0x43, 0x1a, 0x4c, 0x3,
    0xfc, 0x72, 0xe1, 0x32, 0x50, 0xf, 0xf3, 0xb0,
    0x4, 0xcc, 0x0, 0xff, 0xe7, 0xb, 0xe7, 0x7f,
    0x63, 0x80, 0x7e, 0x6e, 0x83, 0x10, 0x13, 0x8e,
    0x40, 0xe, 0x79, 0x2, 0xae, 0xfe, 0x91, 0x15,
    0xa8, 0x4, 0x70, 0x9, 0xaa, 0x20, 0x2d, 0xe6,
    0x14, 0x40, 0x8, 0x1, 0xa0, 0xf, 0xe, 0x80,
    0x20, 0x9, 0x2, 0x44, 0x3, 0xe1, 0x60, 0x50,
    0x40, 0x2, 0x80, 0x7f, 0x68, 0x1, 0x38, 0x0,
    0x40, 0x1f, 0xca, 0x0, 0x21, 0x2, 0x0, 0xff,
    0x8, 0x3, 0x8c, 0x3, 0xff, 0x88, 0x40, 0x40,
    0x1f, 0xe1, 0x0, 0x7f, 0x0, 0x8, 0x3, 0xf9,
    0x40, 0x6, 0x80, 0x5, 0x0, 0xfe, 0xd0, 0x2,
    0x12, 0x4, 0x80, 0x7e, 0x16, 0x5, 0x0, 0x40,
    0xd, 0x80, 0x7d, 0xa0, 0x8, 0x0, 0x1c, 0x2,
    0x6a, 0x88, 0xb, 0x71, 0x85, 0x10, 0x4, 0xf2,
    0x5, 0x5d, 0xfd, 0x22, 0x2a, 0x50, 0xe, 0x6e,
    0x83, 0x10, 0x13, 0x8f, 0x50, 0x8,

    /* U+00D5 "Õ" */
    0x0, 0xf0, 0x80, 0x62, 0x0, 0xff, 0x57, 0x7d,
    0x23, 0xe9, 0x80, 0x7e, 0x45, 0x78, 0x4b, 0x84,
    0x30, 0xf, 0xcb, 0x50, 0xfd, 0x98, 0xb0, 0xf,
    0xe1, 0x50, 0x8, 0xcc, 0x1, 0xff, 0xcf, 0x17,
    0xce, 0xfe, 0xc7, 0x0, 0xfc, 0xdd, 0x6, 0x20,
    0x27, 0x1c, 0x80, 0x1c, 0xf2, 0x5, 0x5d, 0xfd,
    0x22, 0x2b, 0x50, 0x8, 0xe0, 0x13, 0x54, 0x40,
    0x5b, 0xcc, 0x28, 0x80, 0x10, 0x3, 0x40, 0x1e,
    0x1d, 0x0, 0x40, 0x12, 0x4, 0x88, 0x7, 0xc2,
    0xc0, 0xa0, 0x80, 0x5, 0x0, 0xfe, 0xd0, 0x2,
    0x70, 0x0, 0x80, 0x3f, 0x94, 0x0, 0x42, 0x4,
    0x1, 0xfe, 0x10, 0x7, 0x18, 0x7, 0xff, 0x10,
    0x80, 0x80, 0x3f, 0xc2, 0x0, 0xfe, 0x0, 0x10,
    0x7, 0xf2, 0x80, 0xd, 0x0, 0xa, 0x1, 0xfd,
    0xa0, 0x4, 0x24, 0x9, 0x0, 0xfc, 0x2c, 0xa,
    0x0, 0x80, 0x1b, 0x0, 0xfb, 0x40, 0x10, 0x0,
    0x38, 0x4, 0xd5, 0x10, 0x16, 0xe3, 0xa, 0x20,
    0x9, 0xe4, 0xa, 0xbb, 0xfa, 0x44, 0x54, 0xa0,
    0x1c, 0xdd, 0x6, 0x20, 0x27, 0x1e, 0xa0, 0x10,

    /* U+00D6 "Ö" */
    0x0, 0xef, 0xf2, 0x83, 0xff, 0x80, 0x3f, 0xf9,
    0xf1, 0x7, 0x4, 0x88, 0x0, 0x7f, 0x9d, 0xc4,
    0x6, 0xee, 0x0, 0xff, 0xe7, 0xb, 0xe7, 0x7f,
    0x63, 0x80, 0x7e, 0x6e, 0x83, 0x10, 0x13, 0x8e,
    0x40, 0xe, 0x79, 0x2, 0xae, 0xfe, 0x91, 0x15,
    0xa8, 0x4, 0x70, 0x9, 0xaa, 0x20, 0x2d, 0xe6,
    0x14, 0x40, 0x8, 0x1, 0xa0, 0xf, 0xe, 0x80,
    0x20, 0x9, 0x2, 0x44, 0x3, 0xe1, 0x60, 0x50,
    0x40, 0x2, 0x80, 0x7f, 0x68, 0x1, 0x38, 0x0,
    0x40, 0x1f, 0xca, 0x0, 0x21, 0x2, 0x0, 0xff,
    0x8, 0x3, 0x8c, 0x3, 0xff, 0x88, 0x40, 0x40,
    0x1f, 0xe1, 0x0, 0x7f, 0x0, 0x8, 0x3, 0xf9,
    0x40, 0x6, 0x80, 0x5, 0x0, 0xfe, 0xd0, 0x2,
    0x12, 0x4, 0x80, 0x7e, 0x16, 0x5, 0x0, 0x40,
    0xd, 0x80, 0x7d, 0xa0, 0x8, 0x0, 0x1c, 0x2,
    0x6a, 0x88, 0xb, 0x71, 0x85, 0x10, 0x4, 0xf2,
    0x5, 0x5d, 0xfd, 0x22, 0x2a, 0x50, 0xe, 0x6e,
    0x83, 0x10, 0x13, 0x8f, 0x50, 0x8,

    /* U+00D7 "×" */
    0x9, 0x20, 0xf, 0xc3, 0x40, 0xed, 0x84, 0x1,
    0xe1, 0xc5, 0x97, 0x31, 0xf1, 0x0, 0xed, 0x22,
    0x40, 0x61, 0x96, 0x8, 0x5, 0x86, 0x58, 0x20,
    0xd, 0x22, 0x60, 0x85, 0x98, 0xf8, 0x80, 0x43,
    0x84, 0x4d, 0xb4, 0x1c, 0x20, 0xe, 0x1c, 0x13,
    0x41, 0xc2, 0x0, 0xf8, 0x54, 0x0, 0x44, 0x0,
    0xfd, 0x48, 0x2, 0x76, 0x1, 0xf4, 0xa8, 0x5e,
    0xa, 0x50, 0x7, 0x43, 0x5, 0xa1, 0x68, 0x2d,
    0x0, 0x50, 0xe1, 0x48, 0x0, 0x3c, 0x5, 0x90,
    0x67, 0xa, 0x50, 0xc, 0x76, 0xd, 0xe, 0x32,
    0xa0, 0x1e, 0x4b, 0x1b, 0x1e, 0x60, 0xf, 0xc9,
    0xc6,

    /* U+00D8 "Ø" */
    0x0, 0xff, 0xe1, 0x98, 0x7, 0xb, 0xe7, 0x7f,
    0x5b, 0x0, 0x13, 0x18, 0x2, 0x6e, 0x83, 0x10,
    0x14, 0x9e, 0x5b, 0x27, 0x0, 0x3c, 0x81, 0x57,
    0x7f, 0x48, 0x8a, 0x87, 0xc4, 0xe, 0x1, 0x35,
    0x44, 0x5, 0xbc, 0x2, 0x30, 0x7, 0x80, 0xd0,
    0x7, 0xac, 0x8c, 0x60, 0x8, 0xc2, 0x44, 0x3,
    0xa1, 0x3e, 0x81, 0x81, 0x0, 0xa, 0x1, 0xcc,
    0xf4, 0x48, 0x0, 0x4e, 0x0, 0x10, 0x6, 0x49,
    0x92, 0x1, 0x0, 0x8, 0x40, 0x80, 0x31, 0xdb,
    0x30, 0x3, 0xb8, 0xc0, 0xc0, 0x21, 0xd3, 0x90,
    0xf, 0x88, 0x4, 0x2, 0xc0, 0xd0, 0xc, 0x20,
    0xf, 0xe0, 0x0, 0x85, 0x96, 0x88, 0x6, 0x50,
    0x1, 0xa0, 0x1, 0xe5, 0x28, 0xc0, 0x3b, 0x80,
    0x8, 0x48, 0x12, 0xce, 0xa0, 0x1c, 0x4a, 0xa,
    0x0, 0x80, 0x0, 0xc0, 0x7, 0xf, 0x80, 0x20,
    0x3, 0x87, 0x54, 0x40, 0x5b, 0xc8, 0x28, 0x80,
    0x74, 0x64, 0x4a, 0xbb, 0xfa, 0x44, 0x54, 0xa0,
    0x9, 0x1d, 0x6e, 0x83, 0x10, 0x13, 0x8f, 0x50,
    0xa, 0x30, 0xc0, 0xf, 0x9d, 0xfd, 0x8e, 0x20,
    0x18,

    /* U+00D9 "Ù" */
    0x0, 0xcd, 0x4, 0x1, 0xff, 0x2b, 0xf8, 0x7,
    0xfc, 0x76, 0x54, 0x1, 0xff, 0x25, 0x90, 0x80,
    0x7f, 0xc9, 0x2, 0x1, 0xff, 0xc7, 0xef, 0x70,
    0xf, 0xdd, 0xee, 0x1, 0xff, 0xff, 0x0, 0xff,
    0xfb, 0xf8, 0x7, 0xfc, 0x40, 0x20, 0x1f, 0x84,
    0x9, 0x41, 0x0, 0x3e, 0x40, 0x3, 0xe8, 0x12,
    0x80, 0x7a, 0x0, 0x88, 0x86, 0x14, 0xe4, 0x0,
    0x4b, 0x30, 0x80, 0x6, 0x98, 0x46, 0xff, 0xad,
    0x2, 0x14, 0x0, 0x39, 0x28, 0x20, 0x2, 0x6d,
    0x70, 0x0,

    /* U+00DA "Ú" */
    0x0, 0xf9, 0xa0, 0xc0, 0x3f, 0xcb, 0x26, 0x60,
    0xf, 0xe2, 0xa3, 0xb0, 0xf, 0xf3, 0xc6, 0x80,
    0x7f, 0xca, 0xe2, 0x1, 0xff, 0xc8, 0xef, 0x70,
    0xf, 0xdd, 0xee, 0x1, 0xff, 0xff, 0x0, 0xff,
    0xfb, 0xf8, 0x7, 0xfc, 0x40, 0x20, 0x1f, 0x84,
    0x9, 0x41, 0x0, 0x3e, 0x40, 0x3, 0xe8, 0x12,
    0x80, 0x7a, 0x0, 0x88, 0x86, 0x14, 0xe4, 0x0,
    0x4b, 0x30, 0x80, 0x6, 0x98, 0x46, 0xff, 0xad,
    0x2, 0x14, 0x0, 0x39, 0x28, 0x20, 0x2, 0x6d,
    0x70, 0x0,

    /* U+00DB "Û" */
    0x0, 0xe4, 0x87, 0x0, 0xff, 0x15, 0xa4, 0x58,
    0x7, 0xe1, 0xc3, 0xcb, 0x48, 0x0, 0xf9, 0x67,
    0x1, 0x2f, 0xc4, 0x3, 0xc8, 0xe0, 0x12, 0x38,
    0x80, 0x7f, 0xf1, 0x7b, 0xdc, 0x3, 0xf7, 0x7b,
    0x80, 0x7f, 0xff, 0xc0, 0x3f, 0xfe, 0xfe, 0x1,
    0xff, 0x10, 0x8, 0x7, 0xe1, 0x2, 0x50, 0x40,
    0xf, 0x90, 0x0, 0xfa, 0x4, 0xa0, 0x1e, 0x80,
    0x22, 0x21, 0x85, 0x39, 0x0, 0x12, 0xcc, 0x20,
    0x1, 0xa6, 0x11, 0xbf, 0xeb, 0x40, 0x85, 0x0,
    0xe, 0x4a, 0x8, 0x0, 0x9b, 0x5c, 0x0,

    /* U+00DC "Ü" */
    0x0, 0xaf, 0xec, 0x7, 0xfc, 0x80, 0x1f, 0xfc,
    0x8e, 0x8e, 0x1, 0x88, 0x28, 0x7, 0x95, 0xd4,
    0x0, 0xee, 0x10, 0xf, 0xfe, 0x2f, 0x7b, 0x80,
    0x7e, 0xef, 0x70, 0xf, 0xff, 0xf8, 0x7, 0xff,
    0xdf, 0xc0, 0x3f, 0xe2, 0x1, 0x0, 0xfc, 0x20,
    0x4a, 0x8, 0x1, 0xf2, 0x0, 0x1f, 0x40, 0x94,
    0x3, 0xd0, 0x4, 0x44, 0x30, 0xa7, 0x20, 0x2,
    0x59, 0x84, 0x0, 0x34, 0xc2, 0x37, 0xfd, 0x68,
    0x10, 0xa0, 0x1, 0xc9, 0x41, 0x0, 0x13, 0x6b,
    0x80, 0x0,

    /* U+00DD "Ý" */
    0x0, 0xfc, 0xdf, 0x60, 0x1f, 0xfc, 0x2, 0x93,
    0xb0, 0xf, 0xfe, 0x7, 0x96, 0x80, 0x7f, 0xf0,
    0x77, 0x42, 0x1, 0xff, 0xcb, 0xbf, 0xc0, 0xf,
    0xc5, 0xfe, 0x50, 0xa0, 0x37, 0x0, 0xfb, 0x81,
    0x14, 0x6, 0x42, 0x8, 0x3, 0x9c, 0xc2, 0x80,
    0x26, 0x40, 0xe0, 0xc, 0x50, 0x12, 0x20, 0x1a,
    0x40, 0xdc, 0x2, 0xe0, 0x46, 0x0, 0xe2, 0x80,
    0x82, 0x6, 0x30, 0x90, 0xf, 0x9c, 0xc2, 0x46,
    0x42, 0x48, 0x3, 0xf7, 0x2, 0x78, 0x1b, 0x0,
    0x7f, 0x14, 0x0, 0x87, 0x0, 0x7f, 0xce, 0x20,
    0xc4, 0x1, 0xff, 0xc0, 0x30, 0x10, 0xf, 0xff,
    0xf8, 0x7, 0xff, 0x7c,

    /* U+00DE "Þ" */
    0xaf, 0xb0, 0xf, 0xfe, 0xba, 0x7f, 0xed, 0x81,
    0x0, 0xfe, 0x27, 0xe4, 0x0, 0x93, 0xfe, 0xd8,
    0x0, 0x50, 0x7, 0xc4, 0xf2, 0x2, 0xc0, 0x1f,
    0x98, 0x1, 0xe0, 0x1f, 0xc2, 0x6, 0x1, 0xfc,
    0x20, 0x60, 0x1f, 0x98, 0x1, 0x80, 0x1e, 0x27,
    0x90, 0x15, 0x0, 0x27, 0xfd, 0xb0, 0x0, 0xd0,
    0xf, 0xc4, 0xfc, 0x60, 0x12, 0x7f, 0xed, 0x81,
    0x0, 0xff, 0xed, 0x0,

    /* U+00DF "ß" */
    0x0, 0x25, 0xf7, 0xf5, 0x18, 0x7, 0x45, 0xa0,
    0x8c, 0xb8, 0x80, 0x11, 0xb8, 0x3f, 0xf7, 0xb0,
    0x50, 0x5, 0x40, 0x90, 0x1, 0x49, 0xa, 0x0,
    0x14, 0x30, 0x3, 0x20, 0x81, 0x80, 0x61, 0x0,
    0xe, 0x59, 0x29, 0x0, 0x4, 0x3, 0x69, 0xb7,
    0x52, 0x80, 0x78, 0x8c, 0x24, 0x3, 0xf8, 0x40,
    0x40, 0x3f, 0xc4, 0x3, 0x0, 0x1f, 0xc2, 0xe0,
    0xf8, 0x40, 0x1f, 0xa2, 0x0, 0x7a, 0xa0, 0x1f,
    0x9f, 0x4c, 0x29, 0x0, 0x3f, 0x16, 0x20, 0x40,
    0x7, 0xfa, 0x0, 0xc0, 0x3f, 0xce, 0x2, 0x1,
    0x89, 0x44, 0x0, 0x52, 0x8, 0x1, 0x9a, 0xbb,
    0xfd, 0xa4, 0x30, 0x1, 0x9c, 0xc4, 0x0, 0x4d,
    0xe4, 0x0,

    /* U+00E0 "à" */
    0x0, 0x34, 0x18, 0x7, 0xf2, 0xbe, 0x88, 0x7,
    0xe3, 0xa1, 0xa0, 0xf, 0xe5, 0x84, 0x70, 0xf,
    0xe7, 0x58, 0x30, 0xf, 0xea, 0xf3, 0x0, 0xff,
    0xe2, 0x8b, 0x5e, 0xff, 0xb6, 0x4, 0x2, 0x89,
    0x42, 0x0, 0x13, 0xf9, 0x0, 0x39, 0xf7, 0xfe,
    0xc3, 0x19, 0x0, 0x3c, 0x10, 0x4, 0x7a, 0x28,
    0x40, 0x1f, 0x85, 0x41, 0x0, 0x7, 0x3b, 0xff,
    0x90, 0x4, 0x1b, 0x18, 0x88, 0x67, 0x8, 0x78,
    0xc8, 0x3f, 0xee, 0x64, 0x80, 0x7, 0x3, 0x80,
    0xe, 0x10, 0x7, 0x3, 0x0, 0x79, 0x0, 0x1e,
    0xc, 0x1, 0xd0, 0x1, 0x20, 0x1c, 0x0, 0x6,
    0x1c, 0x40, 0x6, 0xa0, 0xff, 0xdc, 0x76, 0x40,
    0xa, 0xa0, 0x80, 0x7, 0x32, 0x0, 0x80,

    /* U+00E1 "á" */
    0x0, 0xf9, 0x21, 0x40, 0x3f, 0x15, 0xb3, 0x80,
    0x7e, 0xf0, 0xd2, 0x0, 0xfa, 0x4a, 0x4c, 0x3,
    0xe5, 0x67, 0x60, 0xf, 0xcb, 0xf0, 0x1, 0xff,
    0xc6, 0x16, 0xbd, 0xff, 0x6c, 0x8, 0x5, 0x12,
    0x84, 0x0, 0x27, 0xf2, 0x0, 0x73, 0xef, 0xfd,
    0x86, 0x32, 0x0, 0x78, 0x20, 0x8, 0xf4, 0x50,
    0x80, 0x3f, 0xa, 0x82, 0x0, 0xe, 0x77, 0xff,
    0x20, 0x8, 0x36, 0x31, 0x10, 0xce, 0x10, 0xf1,
    0x90, 0x7f, 0xdc, 0xc9, 0x0, 0xe, 0x7, 0x0,
    0x1c, 0x20, 0xe, 0x6, 0x0, 0xf2, 0x0, 0x3c,
    0x18, 0x3, 0xa0, 0x2, 0x40, 0x38, 0x0, 0xc,
    0x38, 0x80, 0xd, 0x41, 0xff, 0xb8, 0xec, 0x80,
    0x15, 0x41, 0x0, 0xe, 0x64, 0x1, 0x0,

    /* U+00E2 "â" */
    0x0, 0xe7, 0x70, 0x7, 0xf4, 0x44, 0xe0, 0x1f,
    0x1b, 0xaa, 0x41, 0x0, 0x7b, 0xc6, 0xa8, 0x32,
    0x1, 0xce, 0x7a, 0x3, 0x48, 0xc0, 0x19, 0xfc,
    0xc0, 0x9, 0xec, 0x1, 0xff, 0xc3, 0x16, 0xbd,
    0xff, 0x6c, 0x8, 0x5, 0x12, 0x84, 0x0, 0x27,
    0xf2, 0x0, 0x73, 0xef, 0xfd, 0x86, 0x32, 0x0,
    0x78, 0x20, 0x8, 0xf4, 0x50, 0x80, 0x3f, 0xa,
    0x82, 0x0, 0xe, 0x77, 0xff, 0x20, 0x8, 0x36,
    0x31, 0x10, 0xce, 0x10, 0xf1, 0x90, 0x7f, 0xdc,
    0xc9, 0x0, 0xe, 0x7, 0x0, 0x1c, 0x20, 0xe,
    0x6, 0x0, 0xf2, 0x0, 0x3c, 0x18, 0x3, 0xa0,
    0x2, 0x40, 0x38, 0x0, 0xc, 0x38, 0x80, 0xd,
    0x41, 0xff, 0xb8, 0xec, 0x80, 0x15, 0x41, 0x0,
    0xe, 0x64, 0x1, 0x0,

    /* U+00E3 "ã" */
    0x0, 0x16, 0x7e, 0x28, 0xe6, 0x0, 0x34, 0x93,
    0x15, 0x71, 0xd0, 0x6, 0xcb, 0x9e, 0xa7, 0xa6,
    0x0, 0xce, 0xa0, 0x5, 0x85, 0x0, 0xff, 0xe2,
    0xb, 0x5e, 0xff, 0xb6, 0x4, 0x2, 0x89, 0x42,
    0x0, 0x13, 0xf9, 0x0, 0x39, 0xf7, 0xfe, 0xc3,
    0x19, 0x0, 0x3c, 0x10, 0x4, 0x7a, 0x28, 0x40,
    0x1f, 0x85, 0x41, 0x0, 0x7, 0x3b, 0xff, 0x90,
    0x4, 0x1b, 0x18, 0x88, 0x67, 0x8, 0x78, 0xc8,
    0x3f, 0xee, 0x64, 0x80, 0x7, 0x3, 0x80, 0xe,
    0x10, 0x7, 0x3, 0x0, 0x79, 0x0, 0x1e, 0xc,
    0x1, 0xd0, 0x1, 0x20, 0x1c, 0x0, 0x6, 0x1c,
    0x40, 0x6, 0xa0, 0xff, 0xdc, 0x76, 0x40, 0xa,
    0xa0, 0x80, 0x7, 0x32, 0x0, 0x80,

    /* U+00E4 "ä" */
    0x0, 0x47, 0xe8, 0x3, 0xfc, 0xe0, 0x1f, 0xfc,
    0x4b, 0x8b, 0x0, 0x44, 0x10, 0x3, 0x1b, 0xb0,
    0x1, 0xdc, 0x60, 0x1f, 0xfc, 0x31, 0x6b, 0xdf,
    0xf6, 0xc0, 0x80, 0x51, 0x28, 0x40, 0x2, 0x7f,
    0x20, 0x7, 0x3e, 0xff, 0xd8, 0x63, 0x20, 0x7,
    0x82, 0x0, 0x8f, 0x45, 0x8, 0x3, 0xf0, 0xa8,
    0x20, 0x0, 0xe7, 0x7f, 0xf2, 0x0, 0x83, 0x63,
    0x11, 0xc, 0xe1, 0xf, 0x19, 0x7, 0xfd, 0xcc,
    0x90, 0x0, 0xe0, 0x70, 0x1, 0xc2, 0x0, 0xe0,
    0x60, 0xf, 0x20, 0x3, 0xc1, 0x80, 0x3a, 0x0,
    0x24, 0x3, 0x80, 0x0, 0xc3, 0x88, 0x0, 0xd4,
    0x1f, 0xfb, 0x8e, 0xc8, 0x1, 0x54, 0x10, 0x0,
    0xe6, 0x40, 0x10,

    /* U+00E5 "å" */
    0x0, 0xc4, 0xec, 0x20, 0x1f, 0x26, 0xc4, 0xf1,
    0x80, 0x7a, 0x8f, 0xb4, 0xb8, 0x3, 0x88, 0x60,
    0x4a, 0x8, 0x40, 0x3f, 0xf8, 0x84, 0x30, 0x25,
    0x4, 0x20, 0x1d, 0x47, 0xda, 0x5c, 0x1, 0xe4,
    0xd8, 0x9e, 0x30, 0xf, 0x89, 0xd8, 0x40, 0x38,
    0x5a, 0xf7, 0xfd, 0xb0, 0x20, 0x14, 0x4a, 0x10,
    0x0, 0x9f, 0xc8, 0x1, 0xcf, 0xbf, 0xf6, 0x18,
    0xc8, 0x1, 0xe0, 0x80, 0x23, 0xd1, 0x42, 0x0,
    0xfc, 0x2a, 0x8, 0x0, 0x39, 0xdf, 0xfc, 0x80,
    0x20, 0xd8, 0xc4, 0x43, 0x38, 0x43, 0xc6, 0x41,
    0xff, 0x73, 0x24, 0x0, 0x38, 0x1c, 0x0, 0x70,
    0x80, 0x38, 0x18, 0x3, 0xc8, 0x0, 0xf0, 0x60,
    0xe, 0x80, 0x9, 0x0, 0xe0, 0x0, 0x30, 0xe2,
    0x0, 0x35, 0x7, 0xfe, 0xe3, 0xb2, 0x0, 0x55,
    0x4, 0x0, 0x39, 0x90, 0x4,

    /* U+00E6 "æ" */
    0x1, 0x6b, 0xdf, 0xf6, 0x38, 0x4, 0x95, 0xdf,
    0xd6, 0x80, 0x1a, 0x25, 0x8, 0x0, 0x71, 0xc5,
    0x36, 0xa2, 0x2, 0x97, 0x20, 0x17, 0x3e, 0xff,
    0xd8, 0x63, 0xac, 0x35, 0xff, 0x48, 0x33, 0x0,
    0xf, 0x4, 0x1, 0x1e, 0x88, 0x3, 0x14, 0x2,
    0x69, 0x8, 0x0, 0xfe, 0x15, 0x5, 0x20, 0xe,
    0x60, 0x12, 0x0, 0x1c, 0xef, 0xfe, 0x40, 0x7c,
    0xcf, 0x80, 0xc, 0xd, 0x8c, 0x44, 0x33, 0x84,
    0x8, 0xcf, 0xe0, 0x8, 0x64, 0x1f, 0xf7, 0x32,
    0x40, 0x8f, 0xff, 0xe4, 0x70, 0x38, 0x0, 0xe1,
    0xe, 0x0, 0xff, 0x70, 0x30, 0x7, 0x90, 0x1c,
    0x3, 0xfd, 0xe0, 0xc0, 0x1d, 0x0, 0x1, 0x70,
    0xf, 0x84, 0x10, 0xe, 0x0, 0x3, 0xe, 0x72,
    0x11, 0x22, 0x1, 0x25, 0x68, 0x1a, 0x83, 0xff,
    0x71, 0xcb, 0x5a, 0x1, 0xbb, 0xaf, 0xb5, 0x0,
    0xaa, 0x4c, 0x4, 0xa3, 0x44, 0x1f, 0x18, 0x84,
    0x64, 0xad, 0x0,

    /* U+00E7 "ç" */
    0x0, 0x8a, 0x77, 0xfb, 0x60, 0x80, 0xf, 0xac,
    0x40, 0x24, 0xf2, 0xd, 0x0, 0xbb, 0xfe, 0xe9,
    0x30, 0x80, 0x6a, 0x20, 0x0, 0xb4, 0x28, 0x84,
    0x0, 0x7d, 0xa0, 0x82, 0x1, 0xf1, 0x1, 0x0,
    0x7f, 0xf1, 0xc8, 0x8, 0x3, 0xf6, 0x82, 0x8,
    0x7, 0xca, 0x21, 0x0, 0x1f, 0xa0, 0x1a, 0x88,
    0x0, 0x2d, 0x0, 0xd0, 0xb, 0xbf, 0xee, 0x93,
    0x0, 0x3e, 0x28, 0x80, 0x9, 0xe4, 0x2, 0x3a,
    0xeb, 0xe, 0x82, 0x0, 0xf2, 0x14, 0x0, 0x7f,
    0xa, 0x80, 0x7a, 0xe2, 0x8d, 0x40, 0x3e, 0x75,
    0x39, 0x0, 0x0,

    /* U+00E8 "è" */
    0x0, 0xb, 0xb8, 0x3, 0xfc, 0x3f, 0x14, 0x1,
    0xfe, 0x85, 0x53, 0x0, 0x7f, 0xa8, 0xe4, 0x80,
    0x3f, 0xda, 0x3e, 0x1, 0xfe, 0x1e, 0xd0, 0xf,
    0xfe, 0x49, 0xd7, 0x7f, 0xb1, 0x80, 0x39, 0xf1,
    0x44, 0x0, 0x73, 0x60, 0x12, 0xc0, 0x47, 0x7f,
    0xa8, 0x52, 0x40, 0x16, 0x14, 0xe2, 0x0, 0x5d,
    0x6, 0x14, 0x12, 0x50, 0xe, 0x32, 0x4, 0xc0,
    0x3c, 0xcf, 0x8c, 0x8, 0x80, 0x26, 0x7f, 0x8,
    0x6, 0x5f, 0xff, 0xe7, 0x20, 0x60, 0xf, 0xf6,
    0x81, 0x90, 0x7, 0xf2, 0x88, 0x48, 0x7, 0xc2,
    0x0, 0xb0, 0x4b, 0x30, 0x8, 0xe3, 0xc0, 0xb,
    0x20, 0x99, 0xfd, 0xf8, 0xe2, 0x1, 0x36, 0xb1,
    0x0, 0x89, 0x23, 0x80,

    /* U+00E9 "é" */
    0x0, 0xfc, 0xf0, 0x60, 0x1f, 0xcf, 0x6, 0x60,
    0xf, 0xc7, 0x5, 0x60, 0x1f, 0xdc, 0x3e, 0x1,
    0xfd, 0x45, 0xa4, 0x1, 0xfd, 0x5e, 0x60, 0x1f,
    0xfc, 0x93, 0xae, 0xff, 0x63, 0x0, 0x73, 0xe2,
    0x88, 0x0, 0xe6, 0xc0, 0x25, 0x80, 0x8e, 0xff,
    0x50, 0xa4, 0x80, 0x2c, 0x29, 0xc4, 0x0, 0xba,
    0xc, 0x28, 0x24, 0xa0, 0x1c, 0x64, 0x9, 0x80,
    0x79, 0x9f, 0x18, 0x11, 0x0, 0x4c, 0xfe, 0x10,
    0xc, 0xbf, 0xff, 0xce, 0x40, 0xc0, 0x1f, 0xed,
    0x3, 0x20, 0xf, 0xe5, 0x10, 0x90, 0xf, 0x84,
    0x1, 0x60, 0x96, 0x60, 0x11, 0xc7, 0x80, 0x16,
    0x41, 0x33, 0xfb, 0xf1, 0xc4, 0x2, 0x6d, 0x62,
    0x1, 0x12, 0x47, 0x0,

    /* U+00EA "ê" */
    0x0, 0xe3, 0x85, 0x0, 0xff, 0x73, 0xd1, 0x0,
    0x7e, 0x82, 0x90, 0xe0, 0xf, 0x89, 0xd9, 0x94,
    0x6c, 0x1, 0xee, 0x29, 0x5, 0x54, 0x88, 0x7,
    0x66, 0x80, 0x55, 0xe2, 0x1, 0xff, 0xc6, 0x3a,
    0xef, 0xf6, 0x30, 0x7, 0x3e, 0x28, 0x80, 0xe,
    0x6c, 0x2, 0x58, 0x8, 0xef, 0xf5, 0xa, 0x48,
    0x2, 0xc2, 0x9c, 0x40, 0xb, 0xa0, 0xc2, 0x82,
    0x4a, 0x1, 0xc6, 0x40, 0x98, 0x7, 0x99, 0xf1,
    0x81, 0x10, 0x4, 0xcf, 0xe1, 0x0, 0xcb, 0xff,
    0xfc, 0xe4, 0xc, 0x1, 0xfe, 0xd0, 0x32, 0x0,
    0xfe, 0x51, 0x9, 0x0, 0xf8, 0x40, 0x16, 0x9,
    0x66, 0x1, 0x1c, 0x78, 0x1, 0x64, 0x13, 0x3f,
    0xbf, 0x1c, 0x40, 0x26, 0xd6, 0x20, 0x11, 0x24,
    0x70, 0x0,

    /* U+00EB "ë" */
    0x0, 0xb7, 0xe0, 0x13, 0xfc, 0x20, 0x1f, 0xfc,
    0x6b, 0x8b, 0x5, 0x88, 0x8, 0x7, 0x33, 0x98,
    0xb, 0xb8, 0x3, 0xff, 0x8e, 0x75, 0xdf, 0xec,
    0x60, 0xe, 0x7c, 0x51, 0x0, 0x1c, 0xd8, 0x4,
    0xb0, 0x11, 0xdf, 0xea, 0x14, 0x90, 0x5, 0x85,
    0x38, 0x80, 0x17, 0x41, 0x85, 0x4, 0x94, 0x3,
    0x8c, 0x81, 0x30, 0xf, 0x33, 0xe3, 0x2, 0x20,
    0x9, 0x9f, 0xc2, 0x1, 0x97, 0xff, 0xf9, 0xc8,
    0x18, 0x3, 0xfd, 0xa0, 0x64, 0x1, 0xfc, 0xa2,
    0x12, 0x1, 0xf0, 0x80, 0x2c, 0x12, 0xcc, 0x2,
    0x38, 0xf0, 0x2, 0xc8, 0x26, 0x7f, 0x7e, 0x38,
    0x80, 0x4d, 0xac, 0x40, 0x22, 0x48, 0xe0,

    /* U+00EC "ì" */
    0x4f, 0xe1, 0x0, 0x24, 0x8d, 0x0, 0x4c, 0xe8,
    0xe0, 0x14, 0x24, 0x18, 0x5, 0x70, 0xa0, 0x19,
    0xd8, 0x2, 0xbf, 0x60, 0xf, 0xff, 0xf8, 0x4,

    /* U+00ED "í" */
    0x0, 0x9b, 0xf4, 0x2, 0x29, 0x1c, 0x0, 0xbc,
    0x34, 0x40, 0x12, 0x54, 0x60, 0x1, 0xea, 0x50,
    0x8, 0x5d, 0x40, 0x3a, 0xfd, 0x80, 0x3f, 0xff,
    0xe0, 0x1f, 0xfc, 0x70,

    /* U+00EE "î" */
    0x0, 0xb7, 0xe0, 0x3, 0x9c, 0x88, 0xe4, 0x1,
    0x14, 0x2e, 0xf, 0x0, 0x5c, 0x36, 0x34, 0x6e,
    0x2, 0x9a, 0x20, 0x94, 0x0, 0x18, 0x30, 0x9,
    0x5c, 0x3, 0x5f, 0xb0, 0x7, 0xff, 0xfc, 0x3,
    0xff, 0xc2,

    /* U+00EF "ï" */
    0x2f, 0xf1, 0x84, 0xfe, 0x80, 0x7e, 0x38, 0x81,
    0x6, 0xc5, 0x8b, 0xb8, 0x41, 0x1d, 0x80, 0x3f,
    0xeb, 0xf6, 0x0, 0xff, 0xff, 0x80, 0x7f, 0xf4,
    0xc0,

    /* U+00F0 "ð" */
    0x0, 0xe, 0xfd, 0x80, 0x48, 0xc0, 0x18, 0x70,
    0x92, 0xeb, 0xab, 0xc0, 0x30, 0xb8, 0x82, 0x23,
    0x7a, 0x40, 0x25, 0xea, 0xbb, 0x8, 0x90, 0x3,
    0x97, 0xb1, 0xd3, 0x46, 0x14, 0x3, 0x85, 0x6f,
    0xb0, 0x42, 0x88, 0x3, 0x4d, 0x20, 0x90, 0x80,
    0x38, 0x2, 0x76, 0x8, 0xfd, 0xed, 0x3, 0x50,
    0x4, 0x4, 0x38, 0x4, 0x4e, 0x12, 0xa, 0x0,
    0x70, 0xe, 0xb0, 0x30, 0xd0, 0x40, 0xf, 0x18,
    0x0, 0xc8, 0x8, 0x3, 0xe1, 0x6, 0x0, 0xff,
    0x8, 0x0, 0x80, 0x80, 0x3f, 0x87, 0x41, 0x0,
    0x3c, 0xa0, 0x5, 0x50, 0x84, 0x0, 0x74, 0x82,
    0x8, 0x40, 0x3b, 0x80, 0x5, 0x66, 0x12, 0x0,
    0x66, 0x4, 0x7f, 0x6a, 0x5, 0x90, 0x5, 0x36,
    0x82, 0x33, 0x6a, 0x0, 0x0,

    /* U+00F1 "ñ" */
    0x0, 0x1e, 0xfc, 0x80, 0x3a, 0x40, 0x37, 0x9a,
    0xb7, 0x50, 0xe0, 0x6, 0x39, 0xab, 0x25, 0x65,
    0x0, 0xde, 0xe0, 0x99, 0xf2, 0x1, 0xff, 0xc3,
    0xdf, 0x50, 0x8d, 0xfe, 0xa1, 0x0, 0xc7, 0xae,
    0x40, 0x2b, 0xe2, 0x1, 0x40, 0x5f, 0xfa, 0x80,
    0x60, 0x2, 0x1f, 0x40, 0x2, 0xc0, 0x38, 0x4,
    0xa4, 0x1, 0x94, 0x4, 0x40, 0xd, 0x0, 0xe2,
    0x0, 0x18, 0x0, 0x80, 0x3f, 0xff, 0xe0, 0x1f,
    0xfc, 0x60,

    /* U+00F2 "ò" */
    0x0, 0x1c, 0x30, 0x7, 0xf8, 0xd2, 0x58, 0x3,
    0xfd, 0xa5, 0x24, 0x1, 0xfc, 0x3e, 0x1e, 0x1,
    0xfe, 0x2b, 0x29, 0x0, 0xff, 0x27, 0xc8, 0x7,
    0xff, 0x25, 0x6f, 0xbf, 0xa8, 0x80, 0x3a, 0xa8,
    0x82, 0x32, 0xeb, 0x0, 0x50, 0xa1, 0x1f, 0xdc,
    0x40, 0x93, 0x1, 0x70, 0x87, 0x0, 0xd, 0x98,
    0x40, 0x20, 0x1, 0xc0, 0x3a, 0x1, 0x7, 0x41,
    0x0, 0x3c, 0x80, 0x5, 0x20, 0x20, 0xf, 0xe1,
    0x0, 0x18, 0x7, 0xf8, 0x81, 0x80, 0x3f, 0x87,
    0x40, 0xc4, 0x3, 0x90, 0x0, 0xa8, 0x0, 0x90,
    0xe, 0x80, 0x41, 0x13, 0x83, 0xb8, 0x0, 0x36,
    0x61, 0x0, 0x8, 0x50, 0x8f, 0xee, 0x20, 0x49,
    0x80, 0x55, 0x44, 0x11, 0x97, 0x58, 0x0,

    /* U+00F3 "ó" */
    0x0, 0xf8, 0x61, 0xc0, 0x3f, 0xd4, 0xe0, 0x1f,
    0xe7, 0x46, 0x70, 0xf, 0xc7, 0x9, 0x20, 0x1f,
    0xdc, 0x54, 0x1, 0xfe, 0xdd, 0x8, 0x7, 0xff,
    0x25, 0x6f, 0xbf, 0xa8, 0x80, 0x3a, 0xa8, 0x82,
    0x32, 0xeb, 0x0, 0x50, 0xa1, 0x1f, 0xdc, 0x40,
    0x93, 0x1, 0x70, 0x87, 0x0, 0xd, 0x98, 0x40,
    0x20, 0x1, 0xc0, 0x3a, 0x1, 0x7, 0x41, 0x0,
    0x3c, 0x80, 0x5, 0x20, 0x20, 0xf, 0xe1, 0x0,
    0x18, 0x7, 0xf8, 0x81, 0x80, 0x3f, 0x87, 0x40,
    0xc4, 0x3, 0x90, 0x0, 0xa8, 0x0, 0x90, 0xe,
    0x80, 0x41, 0x13, 0x83, 0xb8, 0x0, 0x36, 0x61,
    0x0, 0x8, 0x50, 0x8f, 0xee, 0x20, 0x49, 0x80,
    0x55, 0x44, 0x11, 0x97, 0x58, 0x0,

    /* U+00F4 "ô" */
    0x0, 0xe5, 0x83, 0x0, 0xfe, 0x2a, 0x7e, 0x0,
    0xfe, 0xe1, 0x82, 0x70, 0xf, 0x98, 0xed, 0xd6,
    0x8, 0x3, 0x86, 0x59, 0x42, 0x8b, 0x80, 0x38,
    0x7e, 0x40, 0x2d, 0xc0, 0xf, 0xfe, 0x3a, 0xdf,
    0x7f, 0x51, 0x0, 0x75, 0x51, 0x4, 0x65, 0xd6,
    0x0, 0xa1, 0x42, 0x3f, 0xb8, 0x81, 0x26, 0x2,
    0xe1, 0xe, 0x0, 0x1b, 0x30, 0x80, 0x40, 0x3,
    0x80, 0x74, 0x2, 0xe, 0x82, 0x0, 0x79, 0x0,
    0xa, 0x40, 0x40, 0x1f, 0xc2, 0x0, 0x30, 0xf,
    0xf1, 0x3, 0x0, 0x7f, 0xe, 0x81, 0x88, 0x7,
    0x20, 0x1, 0x50, 0x1, 0x20, 0x1d, 0x0, 0x82,
    0x27, 0x7, 0x70, 0x0, 0x6c, 0xc2, 0x0, 0x10,
    0xa1, 0x1f, 0xdc, 0x40, 0x93, 0x0, 0xaa, 0x88,
    0x23, 0x2e, 0xb0, 0x0,

    /* U+00F5 "õ" */
    0x0, 0xa7, 0xfa, 0x5, 0xfc, 0x80, 0x32, 0xb2,
    0x13, 0xf4, 0x19, 0x0, 0x61, 0x7b, 0xcc, 0x44,
    0x34, 0x3, 0x92, 0x0, 0x6, 0xee, 0x10, 0xf,
    0xfe, 0x3a, 0xdf, 0x7f, 0x51, 0x0, 0x75, 0x51,
    0x4, 0x65, 0xd6, 0x0, 0xa1, 0x42, 0x3f, 0xb8,
    0x81, 0x26, 0x2, 0xe1, 0xe, 0x0, 0x1b, 0x30,
    0x80, 0x40, 0x3, 0x80, 0x74, 0x2, 0xe, 0x82,
    0x0, 0x79, 0x0, 0xa, 0x40, 0x40, 0x1f, 0xc2,
    0x0, 0x30, 0xf, 0xf1, 0x3, 0x0, 0x7f, 0xe,
    0x81, 0x88, 0x7, 0x20, 0x1, 0x50, 0x1, 0x20,
    0x1d, 0x0, 0x82, 0x27, 0x7, 0x70, 0x0, 0x6c,
    0xc2, 0x0, 0x10, 0xa1, 0x1f, 0xdc, 0x40, 0x93,
    0x0, 0xaa, 0x88, 0x23, 0x2e, 0xb0, 0x0,

    /* U+00F6 "ö" */
    0x0, 0x17, 0xf9, 0x2, 0x3f, 0x40, 0x3f, 0xf8,
    0xc5, 0x10, 0x50, 0xc8, 0xb0, 0xf, 0x3b, 0x84,
    0x11, 0xd8, 0x3, 0xff, 0x8e, 0xb7, 0xdf, 0xd4,
    0x40, 0x1d, 0x54, 0x41, 0x19, 0x75, 0x80, 0x28,
    0x50, 0x8f, 0xee, 0x20, 0x49, 0x80, 0xb8, 0x43,
    0x80, 0x6, 0xcc, 0x20, 0x10, 0x0, 0xe0, 0x1d,
    0x0, 0x83, 0xa0, 0x80, 0x1e, 0x40, 0x2, 0x90,
    0x10, 0x7, 0xf0, 0x80, 0xc, 0x3, 0xfc, 0x40,
    0xc0, 0x1f, 0xc3, 0xa0, 0x62, 0x1, 0xc8, 0x0,
    0x54, 0x0, 0x48, 0x7, 0x40, 0x20, 0x89, 0xc1,
    0xdc, 0x0, 0x1b, 0x30, 0x80, 0x4, 0x28, 0x47,
    0xf7, 0x10, 0x24, 0xc0, 0x2a, 0xa2, 0x8, 0xcb,
    0xac, 0x0,

    /* U+00F7 "÷" */
    0x0, 0xf3, 0x7f, 0xa0, 0x3, 0xff, 0xc0, 0xdf,
    0xe8, 0x0, 0xff, 0xe5, 0x3f, 0xff, 0xff, 0xa,
    0x40, 0x3f, 0xf8, 0x8f, 0xdd, 0xff, 0xc2, 0x90,
    0x11, 0xff, 0xe1, 0x0, 0x7c, 0xdf, 0xe8, 0x0,
    0xff, 0xed, 0x0,

    /* U+00F8 "ø" */
    0x0, 0xff, 0xe0, 0x39, 0x0, 0x65, 0xbe, 0xfe,
    0x92, 0x48, 0xa0, 0xa, 0xa8, 0x82, 0x2, 0xdb,
    0x67, 0x0, 0x8, 0x50, 0x8f, 0xf6, 0xa0, 0x2,
    0x0, 0x2, 0xe1, 0xe, 0x0, 0x20, 0xb, 0xc0,
    0x8, 0x0, 0x70, 0xa, 0x12, 0x41, 0x4, 0x30,
    0x10, 0x2, 0x57, 0xa6, 0x0, 0x28, 0x18, 0x8,
    0x0, 0xe9, 0xd4, 0x4, 0x4, 0x2, 0x30, 0x1d,
    0x48, 0x0, 0x8, 0x4, 0x40, 0x41, 0xa1, 0x40,
    0x1, 0x0, 0x8, 0x68, 0x2d, 0x1e, 0x88, 0x1,
    0x0, 0xa, 0xa, 0x2, 0xb2, 0x60, 0x14, 0x82,
    0x8, 0x1, 0x80, 0x38, 0x6c, 0xc2, 0x0, 0x4,
    0xe2, 0x13, 0xfe, 0xe4, 0x9, 0x30, 0x7, 0x87,
    0xd2, 0x8, 0xa, 0xeb, 0x0, 0x57, 0xa2, 0xb7,
    0xdf, 0xd4, 0x40, 0x10,

    /* U+00F9 "ù" */
    0x2, 0x87, 0x0, 0xfe, 0x23, 0x87, 0x0, 0xfe,
    0xb2, 0x83, 0x0, 0xfe, 0xc1, 0xd1, 0x0, 0xfc,
    0x3a, 0x36, 0x1, 0xfc, 0x7f, 0x40, 0x1f, 0xfc,
    0x5f, 0xf1, 0x80, 0x71, 0x7f, 0x80, 0x3f, 0xff,
    0xe0, 0x1f, 0xfc, 0x61, 0x0, 0x84, 0x18, 0x3,
    0x94, 0x2, 0x50, 0xf0, 0xe, 0xb0, 0xb, 0x81,
    0x5c, 0x40, 0xf0, 0xc0, 0x25, 0x40, 0x8e, 0xfc,
    0x2a, 0x0, 0xd6, 0xe4, 0x2, 0xde, 0xc0, 0x10,

    /* U+00FA "ú" */
    0x0, 0xf9, 0xdc, 0x20, 0x1f, 0xaa, 0x3c, 0x40,
    0x3e, 0x65, 0x48, 0x0, 0xf8, 0xa4, 0xec, 0x3,
    0xf7, 0xe, 0x80, 0x7f, 0x67, 0x8, 0x7, 0xff,
    0x17, 0xfc, 0x60, 0x1c, 0x5f, 0xe0, 0xf, 0xff,
    0xf8, 0x7, 0xff, 0x18, 0x40, 0x21, 0x6, 0x0,
    0xe5, 0x0, 0x94, 0x3c, 0x3, 0xac, 0x2, 0xe0,
    0x57, 0x10, 0x3c, 0x30, 0x9, 0x50, 0x23, 0xbf,
    0xa, 0x80, 0x35, 0xb9, 0x0, 0xb7, 0xb0, 0x4,

    /* U+00FB "û" */
    0x0, 0xc9, 0x6, 0x1, 0xf8, 0x6d, 0xf4, 0x3,
    0xf5, 0x4, 0x8c, 0x80, 0x79, 0x52, 0x59, 0xd8,
    0xc0, 0x30, 0xda, 0xb0, 0x41, 0xf0, 0x6, 0x1e,
    0xa0, 0xb, 0x34, 0x3, 0xff, 0x87, 0xfe, 0x30,
    0xe, 0x2f, 0xf0, 0x7, 0xff, 0xfc, 0x3, 0xff,
    0x8c, 0x20, 0x10, 0x83, 0x0, 0x72, 0x80, 0x4a,
    0x1e, 0x1, 0xd6, 0x1, 0x70, 0x2b, 0x88, 0x1e,
    0x18, 0x4, 0xa8, 0x11, 0xdf, 0x85, 0x40, 0x1a,
    0xdc, 0x80, 0x5b, 0xd8, 0x2,

    /* U+00FC "ü" */
    0x0, 0x7f, 0x94, 0x1f, 0xf8, 0x3, 0xff, 0x8b,
    0x10, 0x70, 0x48, 0x80, 0x7, 0x3b, 0x88, 0xd,
    0xd8, 0x3, 0xff, 0x87, 0xfe, 0x30, 0xe, 0x2f,
    0xf0, 0x7, 0xff, 0xfc, 0x3, 0xff, 0x8c, 0x20,
    0x10, 0x83, 0x0, 0x72, 0x80, 0x4a, 0x1e, 0x1,
    0xd6, 0x1, 0x70, 0x2b, 0x88, 0x1e, 0x18, 0x4,
    0xa8, 0x11, 0xdf, 0x85, 0x40, 0x1a, 0xdc, 0x80,
    0x5b, 0xd8, 0x2,

    /* U+00FD "ý" */
    0x0, 0xfd, 0x5f, 0x40, 0x1f, 0xe5, 0x51, 0xd0,
    0x7, 0xf1, 0x51, 0x68, 0x7, 0xfb, 0x87, 0xc4,
    0x3, 0xf8, 0x93, 0x48, 0x3, 0xfc, 0x50, 0x60,
    0x1e, 0x1f, 0xf1, 0x80, 0x7d, 0xfe, 0x41, 0x40,
    0xa0, 0xf, 0x28, 0xa, 0x7, 0x83, 0x80, 0x7b,
    0x81, 0x80, 0x8, 0x22, 0x50, 0xc, 0x48, 0x14,
    0x1, 0x30, 0x70, 0x6, 0xa0, 0x32, 0x0, 0xa8,
    0x10, 0x40, 0x26, 0x9, 0x0, 0xc4, 0x80, 0xc0,
    0x4, 0x10, 0x50, 0xe, 0xe0, 0xa0, 0x7, 0x3,
    0x0, 0x79, 0x44, 0x8c, 0x14, 0x28, 0x3, 0xe7,
    0xa, 0x60, 0x23, 0x0, 0xfa, 0xc1, 0xac, 0x28,
    0x3, 0xf1, 0x18, 0x10, 0x30, 0x7, 0xf5, 0x0,
    0x10, 0x40, 0x3f, 0x9c, 0x1, 0xe0, 0x1f, 0xe4,
    0x1, 0x40, 0xf, 0xf7, 0x3, 0x0, 0x7f, 0x95,
    0x2, 0x40, 0x3e, 0x1e, 0xe5, 0x3, 0x88, 0x7,
    0xe1, 0x11, 0x44, 0x0, 0x3e,

    /* U+00FE "þ" */
    0xdf, 0x50, 0xf, 0xff, 0x80, 0xcf, 0x7f, 0x48,
    0x80, 0x62, 0xf6, 0x1, 0x13, 0x78, 0x80, 0x50,
    0x17, 0xdc, 0xc1, 0x16, 0x80, 0x6d, 0x40, 0x1,
    0xe0, 0x1a, 0x0, 0x10, 0xc0, 0x31, 0x20, 0x68,
    0x3, 0x0, 0x3d, 0x80, 0xa0, 0x2, 0x0, 0xf1,
    0x1, 0x0, 0x7f, 0xf0, 0x88, 0x3, 0xc4, 0x4,
    0x0, 0xc0, 0xf, 0x60, 0x28, 0x1, 0xc, 0x3,
    0x12, 0x6, 0x80, 0x5a, 0x80, 0x3, 0xc0, 0x34,
    0x0, 0x48, 0x5f, 0xfb, 0x4, 0x5a, 0x1, 0x1f,
    0xb0, 0x80, 0xb7, 0x88, 0x6, 0x19, 0xef, 0xe9,
    0x10, 0xf, 0xff, 0x30,

    /* U+00FF "ÿ" */
    0x0, 0x9b, 0xfc, 0x0, 0xcf, 0x90, 0xf, 0xfe,
    0x42, 0x44, 0x0, 0x13, 0x1a, 0x1, 0xe2, 0x77,
    0x0, 0x15, 0xd0, 0x3, 0xff, 0x8a, 0x3f, 0xe3,
    0x0, 0xfb, 0xfc, 0x82, 0x81, 0x40, 0x1e, 0x50,
    0x14, 0xf, 0x7, 0x0, 0xf7, 0x3, 0x0, 0x10,
    0x44, 0xa0, 0x18, 0x90, 0x28, 0x2, 0x60, 0xe0,
    0xd, 0x40, 0x64, 0x1, 0x50, 0x20, 0x80, 0x4c,
    0x12, 0x1, 0x89, 0x1, 0x80, 0x8, 0x20, 0xa0,
    0x1d, 0xc1, 0x40, 0xe, 0x6, 0x0, 0xf2, 0x89,
    0x18, 0x28, 0x50, 0x7, 0xce, 0x14, 0xc0, 0x46,
    0x1, 0xf5, 0x83, 0x58, 0x50, 0x7, 0xe2, 0x30,
    0x20, 0x60, 0xf, 0xea, 0x0, 0x20, 0x80, 0x7f,
    0x38, 0x3, 0xc0, 0x3f, 0xc8, 0x2, 0x80, 0x1f,
    0xee, 0x6, 0x0, 0xff, 0x2a, 0x4, 0x80, 0x7c,
    0x3d, 0xca, 0x7, 0x10, 0xf, 0xc2, 0x22, 0x88,
    0x0, 0x7c,

    /* U+2013 "–" */
    0xac, 0xcf, 0xd4, 0xe6, 0x7f, 0x9c,

    /* U+2014 "—" */
    0xac, 0xcf, 0xfe, 0x45, 0x39, 0x9f, 0xff, 0x21,
    0xc0,

    /* U+2018 "‘" */
    0x4, 0xf5, 0x8, 0x4, 0x41, 0x90, 0xc0, 0x20,
    0x18, 0x8, 0x7, 0x7f, 0xa0, 0x0,

    /* U+2019 "’" */
    0xf, 0xf4, 0x0, 0x61, 0x0, 0x5a, 0x2, 0x1e,
    0x4, 0x0, 0x18, 0xc0,

    /* U+201A "‚" */
    0xf, 0xf3, 0x80, 0x61, 0x0, 0x1a, 0x1, 0xa6,
    0x4, 0x2, 0x1a, 0x0,

    /* U+201C "“" */
    0x4, 0xf5, 0x0, 0x3f, 0x90, 0x40, 0x20, 0x2,
    0x44, 0x90, 0xc8, 0x41, 0xc5, 0x2, 0x1, 0x0,
    0x12, 0x18, 0x6, 0x2, 0x4, 0x20, 0x60, 0x1f,
    0xef, 0xf4, 0x1, 0x7f, 0x94, 0x0,

    /* U+201D "”" */
    0xf, 0xf3, 0x81, 0xff, 0x90, 0x3, 0xf8, 0x40,
    0x6, 0xe, 0x0, 0x54, 0x3, 0x40, 0xc0, 0x61,
    0xc0, 0x80, 0x2, 0x4, 0x2, 0x1a, 0x0, 0xd,
    0x84, 0x37, 0x0, 0x2f, 0x90, 0x0,

    /* U+201E "„" */
    0xf, 0xf3, 0x81, 0xff, 0x90, 0x3, 0xf8, 0x40,
    0x6, 0xe, 0x0, 0x54, 0x3, 0x40, 0xc0, 0x61,
    0xc0, 0x80, 0x2, 0x4, 0x2, 0x1a, 0x0, 0xd,
    0x84, 0x0,

    /* U+2022 "•" */
    0x0, 0x88, 0xc0, 0x31, 0x6e, 0xb3, 0x90, 0x1,
    0xe4, 0x0, 0x1a, 0x14, 0x20, 0xc, 0x2e, 0x20,
    0x1e, 0xe6, 0x0, 0xf7, 0x1a, 0x0, 0x62, 0x60,
    0xb6, 0x10, 0x5c, 0x0,

    /* U+2026 "…" */
    0x1, 0x10, 0x7, 0x84, 0x40, 0x1e, 0x11, 0x1,
    0xf7, 0x10, 0x3, 0x1f, 0x71, 0x0, 0x32, 0x77,
    0xc, 0x3, 0xff, 0xb8,

    /* U+2190 "←" */
    0x0, 0xd2, 0x40, 0x1f, 0xfc, 0x3a, 0x6f, 0x0,
    0xff, 0xe1, 0x52, 0x8f, 0x0, 0x7f, 0xf0, 0x69,
    0x47, 0x4c, 0x3, 0xff, 0x81, 0x4a, 0x7, 0x17,
    0x7f, 0xfc, 0x7, 0x40, 0x1, 0x22, 0x7f, 0xf0,
    0x77, 0x40, 0x3, 0xbb, 0xff, 0xe0, 0xc1, 0xe0,
    0x1e, 0xa2, 0x7f, 0xf0, 0x8, 0xf, 0x1, 0xa4,
    0x3, 0xff, 0x84, 0x78, 0x1, 0xff, 0xc5, 0x3d,
    0x90, 0xf, 0xfe, 0x0,

    /* U+2191 "↑" */
    0x0, 0xe6, 0x70, 0xf, 0xe8, 0x98, 0xa0, 0xf,
    0xa1, 0xc0, 0xb, 0x40, 0x1d, 0xe, 0x1, 0x96,
    0x80, 0x28, 0x70, 0xb0, 0x5, 0x82, 0xd0, 0x0,
    0x42, 0xd0, 0x0, 0x98, 0x1, 0xa7, 0x50, 0x3,
    0x1e, 0xd0, 0x4, 0x40, 0x1e, 0x20, 0xf, 0xff,
    0xf8, 0x7, 0xff, 0x8c,

    /* U+2192 "→" */
    0x0, 0xff, 0xe0, 0x14, 0x80, 0x7f, 0xf1, 0x3d,
    0xa8, 0x3, 0xff, 0x87, 0xc2, 0xb4, 0x1, 0xff,
    0xc2, 0x3d, 0x15, 0xa0, 0x7b, 0xbf, 0xfe, 0x4,
    0x18, 0x2d, 0x6a, 0x27, 0xff, 0x4, 0x80, 0x9,
    0x17, 0x7f, 0xfc, 0x13, 0x0, 0x51, 0x22, 0x7f,
    0xf0, 0x34, 0xc2, 0xd0, 0x3, 0xff, 0x81, 0x2c,
    0x16, 0x80, 0x1f, 0xfc, 0x3b, 0x40, 0xf, 0xfe,
    0x14, 0xea, 0x0, 0x40,

    /* U+2193 "↓" */
    0x0, 0xe7, 0x80, 0xf, 0xf4, 0x38, 0x7, 0xff,
    0xfc, 0x3, 0xff, 0xce, 0x76, 0x1, 0xea, 0x40,
    0x7, 0x26, 0x0, 0x43, 0x4b, 0x40, 0xf, 0x13,
    0xc0, 0x5, 0x28, 0xe0, 0x0, 0xb0, 0x4c, 0x0,
    0x83, 0x84, 0x1, 0x16, 0x8, 0x0, 0x74, 0x80,
    0x38, 0xb0, 0x45, 0xa6, 0x1, 0xf1, 0x77, 0xc,
    0x3, 0x0,

    /* U+25B6 "▶" */
    0x20, 0xf, 0xfe, 0x36, 0x59, 0x80, 0x7f, 0xf1,
    0x53, 0x2c, 0xc0, 0x3f, 0xf8, 0xa9, 0x96, 0x60,
    0x1f, 0xfc, 0x54, 0xcb, 0x30, 0xf, 0xfe, 0x2a,
    0x65, 0x98, 0x7, 0xff, 0x15, 0x32, 0xcc, 0x3,
    0xff, 0x8a, 0x99, 0x46, 0x1, 0xff, 0xc5, 0x5c,
    0xa2, 0x0, 0xff, 0xe2, 0xae, 0xd0, 0x80, 0x7f,
    0xf1, 0x12, 0x44, 0x3, 0xff, 0x84, 0x99, 0x66,
    0x1, 0xff, 0xc1, 0x4c, 0xb3, 0x0, 0xff, 0xe0,
    0xa6, 0x59, 0x80, 0x7f, 0xf0, 0x53, 0x2c, 0xc0,
    0x3f, 0xf8, 0x29, 0x96, 0x60, 0x1f, 0xfc, 0x14,
    0xcb, 0x30, 0xf, 0xfe, 0xa, 0x65, 0x98, 0x7,
    0xff, 0x5, 0x32, 0xcc, 0x3, 0xff, 0x86,

    /* U+26A0 "⚠" */
    0x0, 0xfe, 0x20, 0xf, 0xfe, 0x3c, 0xb8, 0x7,
    0xff, 0x15, 0x52, 0x4, 0x3, 0xff, 0x89, 0x14,
    0x70, 0x1, 0xff, 0xc3, 0x71, 0x5f, 0x62, 0x0,
    0xff, 0xe0, 0x8c, 0xfd, 0x23, 0x40, 0x7, 0xff,
    0x6, 0x50, 0xd7, 0x21, 0x4c, 0x3, 0xfe, 0x27,
    0x80, 0x11, 0x9e, 0x0, 0x3f, 0xe8, 0x62, 0x2,
    0x20, 0x42, 0xa0, 0x7, 0xf1, 0xa4, 0x0, 0x1f,
    0x80, 0x11, 0x0, 0xf, 0xef, 0x91, 0x0, 0x11,
    0x80, 0x18, 0x54, 0x3, 0xe5, 0x27, 0x0, 0xb9,
    0x80, 0x28, 0x80, 0x7, 0xd1, 0x60, 0x18, 0x8c,
    0x2, 0x51, 0x60, 0xe, 0x61, 0x50, 0xc, 0xa0,
    0x1d, 0xf0, 0x1, 0xd1, 0x0, 0xe, 0xc8, 0x0,
    0xc6, 0x90, 0x1, 0x42, 0xa0, 0x7, 0x3f, 0x80,
    0x74, 0x30, 0x80, 0xbc, 0x80, 0x7a, 0xdc, 0x3,
    0x89, 0xe0, 0x20, 0x37, 0xff, 0xff, 0x84, 0xcc,
    0x20,

    /* U+2713 "✓" */
    0x0, 0xff, 0x2e, 0x60, 0x3, 0xfc, 0xd4, 0x7e,
    0x1, 0xfc, 0x72, 0x12, 0x60, 0x1f, 0x87, 0x41,
    0x58, 0x3, 0xfa, 0x84, 0xa8, 0x3, 0xf9, 0x90,
    0x3c, 0x3, 0xf8, 0xa4, 0x28, 0x80, 0x38, 0xd4,
    0x1, 0xc0, 0xca, 0x1, 0xc9, 0x94, 0x2c, 0x63,
    0x20, 0x1f, 0xd7, 0x21, 0x40, 0x1f, 0x20, 0x1,
    0x41, 0x90, 0x3, 0xf3, 0x0, 0xa, 0x40, 0x3f,
    0xac, 0x8f, 0x80, 0x3f, 0x80,

    /* U+2717 "✗" */
    0x0, 0xff, 0xe0, 0x21, 0xa0, 0x6, 0x39, 0x90,
    0x6, 0x4b, 0xcf, 0x0, 0xd6, 0xcc, 0x20, 0x2,
    0x58, 0xd, 0x0, 0x6b, 0x0, 0x50, 0x1d, 0x80,
    0x34, 0x40, 0x31, 0x88, 0x39, 0x68, 0x2, 0xcc,
    0x3, 0xcc, 0x0, 0xd1, 0x7, 0x40, 0xf, 0xa8,
    0x3, 0x24, 0x0, 0x7e, 0x23, 0x0, 0xa8, 0x3,
    0xf8, 0x8c, 0x2, 0x20, 0xf, 0xef, 0x0, 0xd2,
    0x1, 0xfa, 0xc8, 0x8, 0x0, 0xa6, 0x1, 0xe7,
    0x40, 0x7, 0xb0, 0x2, 0x0, 0x38, 0xa0, 0x1,
    0x25, 0x2, 0x8, 0x80, 0xd, 0xe0, 0x4, 0x60,
    0x1a, 0x0, 0x10, 0x5, 0x4, 0x0, 0xa0, 0x9,
    0x1c, 0xd8, 0x0, 0x2e, 0x0, 0x91, 0x0, 0xd1,
    0x80, 0x11, 0x80, 0xd, 0x80, 0x3f, 0xc4, 0x61,
    0xe0, 0x1f, 0xfc, 0xd, 0xe3, 0x0, 0xff, 0x80,

    /* U+F00C "" */
    0x0, 0xff, 0xef, 0x3f, 0x38, 0x7, 0xff, 0x1d,
    0x60, 0x64, 0x3, 0xff, 0x8c, 0x54, 0x0, 0x70,
    0xf, 0xfe, 0x37, 0x0, 0xa, 0x40, 0x3f, 0xf8,
    0xb0, 0x60, 0xe, 0x0, 0xff, 0xe2, 0xa3, 0x80,
    0x20, 0xc0, 0x3f, 0xf8, 0x83, 0x40, 0x4, 0x70,
    0xf, 0xfe, 0x2d, 0x8, 0xd, 0x0, 0x7f, 0xf1,
    0x5d, 0x0, 0x14, 0x20, 0x1f, 0xfc, 0x43, 0x80,
    0x3, 0xa0, 0x7, 0x85, 0x84, 0x3, 0xf7, 0x0,
    0xe, 0x0, 0x3e, 0xd9, 0xe3, 0x0, 0xf5, 0x10,
    0x3, 0x80, 0x3f, 0xed, 0x30, 0xc, 0xaa, 0x0,
    0x51, 0x0, 0x7e, 0xf0, 0x0, 0xe9, 0x80, 0xa,
    0x80, 0xa, 0xa0, 0xf, 0xe3, 0xc0, 0x0, 0xe9,
    0x87, 0x0, 0xa, 0x80, 0x3f, 0xe3, 0xc0, 0x0,
    0xed, 0x18, 0x3, 0x80, 0x3f, 0xf8, 0x27, 0x80,
    0x1, 0x50, 0x4, 0x18, 0x7, 0xff, 0x8, 0xf0,
    0x3, 0x23, 0x80, 0x7f, 0xf1, 0xf, 0x0, 0x3,
    0x40, 0x1f, 0xfc, 0x63, 0xd8, 0xf1, 0x0, 0xff,
    0xe0, 0x0,

    /* U+F015 "" */
    0x0, 0xff, 0xec, 0x9e, 0x60, 0xc0, 0x3f, 0xf9,
    0x27, 0x86, 0x6c, 0x30, 0xf, 0xfe, 0x3a, 0x60,
    0x6, 0xc4, 0x0, 0xff, 0xe2, 0xad, 0x80, 0x7a,
    0xd4, 0x3, 0xff, 0x86, 0xd4, 0x1, 0xfa, 0x98,
    0x3, 0xff, 0x82, 0xf2, 0x1, 0xfe, 0x97, 0x0,
    0xff, 0xa6, 0x0, 0x3f, 0xf8, 0x11, 0x20, 0x1f,
    0xd4, 0xc0, 0x1f, 0xfc, 0x26, 0xa0, 0xf, 0xad,
    0x40, 0x3f, 0xf8, 0x8b, 0x60, 0x1d, 0x88, 0x1,
    0xff, 0xc6, 0x4c, 0x0, 0xac, 0xc0, 0x3f, 0xf9,
    0x7, 0x60, 0x5, 0x0, 0xff, 0xe5, 0x28, 0x2,
    0x90, 0x40, 0x3f, 0xf8, 0xc2, 0x94, 0x0, 0x4b,
    0x50, 0xf, 0xfe, 0x32, 0xda, 0x0, 0x7f, 0xf6,
    0x4b, 0x3f, 0xd8, 0x60, 0x1f, 0xfc, 0x8e, 0x30,
    0x1, 0xf8, 0x7, 0xff, 0x20, 0xc0, 0x31, 0x80,
    0x7f, 0xff, 0xc0, 0x3f, 0xf8, 0x82, 0x1, 0xe3,
    0x3f, 0x0, 0x78, 0x40, 0x3d, 0xc0, 0x1e, 0xcc,
    0xf0, 0x7, 0xb8, 0x3, 0xc9, 0x44, 0x1, 0xff,
    0xc2, 0x2a, 0x40, 0x8,

    /* U+F019 "" */
    0x0, 0xfe, 0x6d, 0x60, 0xf, 0xfe, 0x34, 0x14,
    0x0, 0x7f, 0xf1, 0x84, 0x4, 0x3, 0xff, 0xfe,
    0x1, 0xff, 0xf4, 0x1b, 0xb1, 0x0, 0x71, 0x5d,
    0x84, 0x3, 0xf3, 0xa2, 0x30, 0x80, 0x22, 0xc4,
    0x43, 0x80, 0x7e, 0x40, 0x0, 0xe0, 0x5, 0x82,
    0x0, 0x40, 0xf, 0xc5, 0x80, 0x1, 0x0, 0x84,
    0x1, 0x84, 0x1, 0xfc, 0x78, 0x1, 0xf6, 0x18,
    0x7, 0xfc, 0x78, 0x1, 0xd8, 0x60, 0x1f, 0x47,
    0x7f, 0xa8, 0xf, 0x0, 0x2c, 0x30, 0xaf, 0xf7,
    0x40, 0x43, 0x88, 0x1, 0x68, 0xf, 0xa7, 0x8c,
    0x29, 0x40, 0x2, 0xf0, 0xc0, 0x1c, 0xb2, 0x2,
    0xc2, 0x12, 0xa0, 0x26, 0x0, 0x61, 0x0, 0xf3,
    0x62, 0x9a, 0xeb, 0x0, 0x2b, 0xc, 0x4, 0x3,
    0xf1, 0xd6, 0x51, 0x0, 0x58, 0x44, 0x0, 0x18,
    0x7, 0xff, 0xd, 0xf4, 0x40, 0xfc, 0x3, 0xff,
    0x8f, 0xe7, 0xb0, 0xcd, 0xff, 0xc3, 0x8d, 0x30,

    /* U+F05A "" */
    0x0, 0xf8, 0x5a, 0xf7, 0xfd, 0xb6, 0xc2, 0x1,
    0xff, 0xc0, 0x19, 0xe9, 0x42, 0x0, 0x12, 0x4f,
    0x48, 0x80, 0x7f, 0x27, 0x30, 0x7, 0xf9, 0xb9,
    0x0, 0x3e, 0x6b, 0x0, 0xff, 0xe1, 0x5b, 0x0,
    0x72, 0x48, 0x7, 0xff, 0x12, 0x50, 0x2, 0x1b,
    0x0, 0xff, 0xe3, 0x58, 0x80, 0x20, 0x3, 0xf0,
    0xe6, 0x4, 0x3, 0xf4, 0x0, 0xb0, 0x7, 0xe7,
    0x33, 0x38, 0x7, 0xe6, 0x17, 0x0, 0xfe, 0x73,
    0x33, 0x80, 0x7f, 0x3e, 0x80, 0x7f, 0xe, 0x60,
    0x40, 0x3f, 0xb5, 0x80, 0x3f, 0x1b, 0xc3, 0x0,
    0x7f, 0x98, 0x80, 0x3f, 0x6c, 0x3c, 0xb0, 0x7,
    0xf1, 0x0, 0x7f, 0x49, 0x0, 0x38, 0x3, 0xfc,
    0x40, 0x1f, 0x9f, 0x4c, 0x3, 0xfe, 0x26, 0x0,
    0xff, 0xe5, 0x36, 0x80, 0x7f, 0x10, 0x0, 0x40,
    0x3f, 0xb5, 0xc0, 0x3f, 0x66, 0x98, 0x36, 0x0,
    0x7e, 0x71, 0x60, 0xf, 0x98, 0x3, 0x30, 0x7,
    0xcc, 0x21, 0x0, 0x1f, 0x57, 0xfe, 0xa0, 0xf,
    0xa0, 0x0, 0x36, 0x1, 0xff, 0xc6, 0xb1, 0x0,
    0x92, 0x40, 0x3f, 0xf8, 0x92, 0x80, 0x1c, 0xd6,
    0x1, 0xff, 0xc2, 0xb6, 0x0, 0xf9, 0x39, 0x80,
    0x3f, 0xcd, 0xc8, 0x1, 0xfc, 0x33, 0xd2, 0x84,
    0x0, 0x24, 0x9e, 0x91, 0x0, 0xe0,

    /* U+F0A0 "" */
    0x3, 0x9b, 0xbf, 0xfe, 0x1c, 0x98, 0x2e, 0x32,
    0x27, 0xff, 0xd, 0xb1, 0x20, 0x3, 0xff, 0x8f,
    0x24, 0x1, 0xff, 0xc7, 0x20, 0xf, 0xff, 0xf8,
    0x7, 0xff, 0x9c, 0xab, 0x7f, 0xff, 0xf8, 0x7b,
    0x45, 0xaa, 0x40, 0x1f, 0xfc, 0x32, 0x5d, 0x0,
    0x12, 0x27, 0xff, 0xc, 0x80, 0x3, 0x9b, 0x77,
    0xff, 0xc3, 0xdc, 0x1b, 0x30, 0xf, 0xfe, 0x29,
    0xda, 0x80, 0x7f, 0x84, 0x40, 0x11, 0x0, 0x4a,
    0x1, 0xfe, 0x3e, 0xe1, 0x85, 0x6d, 0x0, 0x7f,
    0xf0, 0x58, 0x0, 0xc0, 0xe0, 0xe0, 0x1f, 0xfc,
    0x15, 0x77, 0x28, 0x73, 0x70, 0x4, 0x40, 0x1f,
    0xe8, 0x80, 0x0, 0xe4, 0xc0, 0x5, 0x0, 0x1f,
    0xfc, 0x78, 0x5b, 0x64, 0x4f, 0xfe, 0x1b, 0x5a,
    0x80,

    /* U+F11E "" */
    0x7e, 0x70, 0xf, 0xfe, 0x34, 0xc, 0x0, 0xac,
    0xdd, 0xa5, 0x0, 0x3f, 0x20, 0x80, 0x5b, 0xd4,
    0xc8, 0x86, 0xbf, 0xa5, 0x33, 0x2c, 0xfd, 0xe8,
    0x4, 0x40, 0x1f, 0x96, 0xb3, 0x14, 0xc0, 0x3,
    0x0, 0xe4, 0x0, 0xa0, 0x80, 0x3f, 0xf8, 0x39,
    0xf6, 0x1, 0x3e, 0xe0, 0x4, 0x6a, 0xe0, 0x1e,
    0x30, 0xf, 0x8c, 0x2, 0xca, 0x80, 0xf, 0xf1,
    0x21, 0x80, 0x7f, 0xf0, 0x96, 0x33, 0xf6, 0xf3,
    0xf2, 0xc, 0x2, 0x20, 0xf, 0x53, 0x98, 0x7,
    0x1b, 0xe7, 0xfd, 0xa0, 0x1f, 0xe2, 0x43, 0x0,
    0xff, 0xe1, 0x1b, 0xd7, 0x6d, 0xe7, 0xdb, 0x10,
    0x4, 0x20, 0x1e, 0xc8, 0x51, 0x0, 0xc9, 0x3b,
    0xff, 0x70, 0x7, 0xff, 0x3c, 0xde, 0xc0, 0x2d,
    0xb6, 0x0, 0xff, 0xe0, 0x64, 0x20, 0x4, 0x49,
    0x20, 0x12, 0x2d, 0x0, 0x7f, 0xf1, 0xae, 0x94,
    0x0, 0x20, 0x10, 0xac, 0xef, 0xfb, 0x64, 0xc0,
    0x3e, 0x2a, 0x0, 0xba, 0x98, 0x80, 0x4, 0xd9,
    0xb0, 0xa8, 0xb1, 0x9a, 0x80, 0x1f, 0xfc, 0x2,
    0x7a, 0xba, 0x73, 0x0, 0xff, 0xfa, 0xc0, 0xc0,
    0x7, 0xff, 0x18,

    /* U+F1DE "" */
    0x0, 0xfc, 0x88, 0x0, 0xff, 0xe4, 0x27, 0xdd,
    0xbd, 0x0, 0x3f, 0xf8, 0x22, 0x38, 0xec, 0x3,
    0x59, 0x88, 0xff, 0x82, 0x3b, 0xb6, 0x0, 0x7b,
    0x3b, 0xbf, 0xd0, 0xc0, 0x1f, 0xfc, 0xa6, 0xb2,
    0x11, 0xc0, 0x1e, 0x11, 0xff, 0x15, 0xae, 0xf7,
    0x5e, 0x40, 0x18, 0xbf, 0xbb, 0xfb, 0x54, 0x3,
    0x87, 0xcc, 0x0, 0x7e, 0x20, 0x1f, 0xfc, 0x52,
    0xce, 0xe6, 0x10, 0x0, 0xab, 0x68, 0x80, 0x3f,
    0xf8, 0x22, 0x20, 0x8, 0x71, 0x49, 0x70, 0x40,
    0x38, 0xd1, 0x3f, 0xed, 0x10, 0x8, 0x75, 0x10,
    0x61, 0x59, 0x77, 0xff, 0x18, 0x7, 0x1d, 0xdb,
    0x29, 0xc0, 0x3f, 0xf9, 0x4f, 0xca, 0x89, 0xff,
    0x0, 0x7c, 0x88, 0x5e, 0x3a, 0xbb, 0xff, 0xb0,
    0x3, 0xb2, 0xed, 0x46, 0x1, 0xe2, 0x52, 0x0,
    0xc7, 0xb0, 0xd1, 0xa6, 0x1, 0xfd, 0x7b, 0x5b,
    0x60, 0x18, 0x9e, 0x5c, 0x80, 0x3c, 0x23, 0x4a,
    0x0, 0x49, 0x22, 0x3f, 0xfc, 0x0, 0x8e, 0xe9,
    0x80, 0x39, 0xbb, 0xbf, 0xf8, 0x10, 0xc0, 0x1f,
    0xfc, 0xa6, 0xb2, 0x11, 0x0, 0x7c, 0x23, 0xff,
    0x15, 0xae, 0xf7, 0x24, 0x3, 0xa7, 0xbb, 0xfe,
    0xd5, 0x0, 0xcd, 0x0, 0x14, 0x30, 0x7, 0xff,
    0x19, 0xff, 0xbd, 0xc0, 0x3f, 0xf8, 0x40,

    /* U+F6FF "" */
    0x0, 0xff, 0x34, 0xcf, 0x30, 0x7, 0xff, 0x1e,
    0x64, 0xcd, 0xd3, 0x20, 0xf, 0xfe, 0x33, 0x0,
    0x7c, 0xc0, 0x1f, 0xfc, 0x85, 0xff, 0x94, 0x3,
    0xff, 0x94, 0x60, 0x11, 0x80, 0x7f, 0xf2, 0x92,
    0x66, 0x40, 0xf, 0xfe, 0x41, 0x81, 0x33, 0x44,
    0x6, 0x1, 0xff, 0xc6, 0xf2, 0x0, 0xe2, 0xf0,
    0xf, 0xfe, 0x31, 0xef, 0x80, 0x5f, 0xa6, 0x1,
    0xfe, 0x34, 0x4f, 0xf0, 0x4, 0x89, 0xfe, 0x30,
    0xac, 0xbb, 0xff, 0x0, 0x57, 0x7f, 0xec, 0xa7,
    0x0, 0xff, 0xe6, 0xbf, 0x2a, 0x26, 0x0, 0x91,
    0x3f, 0x80, 0x24, 0x4c, 0xbc, 0x75, 0x77, 0x80,
    0x2b, 0xbf, 0xe0, 0xa, 0xef, 0x51, 0x80, 0x45,
    0x9e, 0x1, 0x7e, 0x18, 0x4, 0x59, 0xe0, 0x17,
    0xe1, 0x80, 0x7b, 0x8c, 0x3, 0x8f, 0xc0, 0x2e,
    0x30, 0xe, 0x3f, 0x0, 0xf1, 0x81, 0x33, 0x44,
    0x6, 0x1, 0x18, 0x13, 0x34, 0x40, 0x60, 0x1f,
    0x92, 0x66, 0x40, 0xf, 0x92, 0x66, 0x40, 0xf,
    0xf1, 0x80, 0x46, 0x1, 0xf1, 0x80, 0x46, 0x1,
    0xfe, 0x5f, 0xf9, 0x40, 0x3e, 0x5f, 0xf9, 0x40,
    0x3f, 0x30, 0x7, 0xcc, 0x1, 0x30, 0x7, 0xcc,
    0x1, 0xe9, 0x93, 0x37, 0x4c, 0x80, 0x29, 0x93,
    0x37, 0x4c, 0x80, 0x20
};


/*---------------------
 *  GLYPH DESCRIPTION
 *--------------------*/

static const lv_font_fmt_txt_glyph_dsc_t glyph_dsc[] = {
    {.bitmap_index = 0, .adv_w = 0, .box_w = 0, .box_h = 0, .ofs_x = 0, .ofs_y = 0} /* id = 0 reserved */,
    {.bitmap_index = 0, .adv_w = 122, .box_w = 0, .box_h = 0, .ofs_x = 0, .ofs_y = 0},
    {.bitmap_index = 0, .adv_w = 154, .box_w = 3, .box_h = 18, .ofs_x = 3, .ofs_y = 0},
    {.bitmap_index = 19, .adv_w = 177, .box_w = 7, .box_h = 7, .ofs_x = 2, .ofs_y = 11},
    {.bitmap_index = 30, .adv_w = 322, .box_w = 18, .box_h = 18, .ofs_x = 1, .ofs_y = 0},
    {.bitmap_index = 158, .adv_w = 244, .box_w = 12, .box_h = 23, .ofs_x = 2, .ofs_y = -4},
    {.bitmap_index = 259, .adv_w = 365, .box_w = 21, .box_h = 18, .ofs_x = 1, .ofs_y = 0},
    {.bitmap_index = 416, .adv_w = 299, .box_w = 17, .box_h = 18, .ofs_x = 1, .ofs_y = 0},
    {.bitmap_index = 544, .adv_w = 106, .box_w = 3, .box_h = 7, .ofs_x = 2, .ofs_y = 11},
    {.bitmap_index = 551, .adv_w = 150, .box_w = 6, .box_h = 23, .ofs_x = 2, .ofs_y = -4},
    {.bitmap_index = 616, .adv_w = 150, .box_w = 7, .box_h = 23, .ofs_x = 1, .ofs_y = -4},
    {.bitmap_index = 687, .adv_w = 192, .box_w = 12, .box_h = 12, .ofs_x = 0, .ofs_y = 6},
    {.bitmap_index = 744, .adv_w = 322, .box_w = 16, .box_h = 16, .ofs_x = 2, .ofs_y = 0},
    {.bitmap_index = 781, .adv_w = 122, .box_w = 5, .box_h = 6, .ofs_x = 1, .ofs_y = -3},
    {.bitmap_index = 795, .adv_w = 139, .box_w = 7, .box_h = 2, .ofs_x = 1, .ofs_y = 6},
    {.bitmap_index = 800, .adv_w = 122, .box_w = 4, .box_h = 4, .ofs_x = 2, .ofs_y = 0},
    {.bitmap_index = 806, .adv_w = 129, .box_w = 9, .box_h = 21, .ofs_x = 0, .ofs_y = -3},
    {.bitmap_index = 874, .adv_w = 244, .box_w = 13, .box_h = 18, .ofs_x = 1, .ofs_y = 0},
    {.bitmap_index = 972, .adv_w = 244, .box_w = 12, .box_h = 18, .ofs_x = 2, .ofs_y = 0},
    {.bitmap_index = 1008, .adv_w = 244, .box_w = 12, .box_h = 18, .ofs_x = 1, .ofs_y = 0},
    {.bitmap_index = 1092, .adv_w = 244, .box_w = 13, .box_h = 18, .ofs_x = 1, .ofs_y = 0},
    {.bitmap_index = 1186, .adv_w = 244, .box_w = 13, .box_h = 18, .ofs_x = 1, .ofs_y = 0},
    {.bitmap_index = 1252, .adv_w = 244, .box_w = 13, .box_h = 18, .ofs_x = 1, .ofs_y = 0},
    {.bitmap_index = 1331, .adv_w = 244, .box_w = 13, .box_h = 18, .ofs_x = 1, .ofs_y = 0},
    {.bitmap_index = 1435, .adv_w = 244, .box_w = 13, .box_h = 18, .ofs_x = 1, .ofs_y = 0},
    {.bitmap_index = 1507, .adv_w = 244, .box_w = 13, .box_h = 18, .ofs_x = 1, .ofs_y = 0},
    {.bitmap_index = 1616, .adv_w = 244, .box_w = 13, .box_h = 18, .ofs_x = 1, .ofs_y = 0},
    {.bitmap_index = 1721, .adv_w = 129, .box_w = 4, .box_h = 13, .ofs_x = 2, .ofs_y = 0},
    {.bitmap_index = 1738, .adv_w = 129, .box_w = 5, .box_h = 16, .ofs_x = 1, .ofs_y = -3},
    {.bitmap_index = 1764, .adv_w = 322, .box_w = 16, .box_h = 14, .ofs_x = 2, .ofs_y = 1},
    {.bitmap_index = 1849, .adv_w = 322, .box_w = 16, .box_h = 8, .ofs_x = 2, .ofs_y = 4},
    {.bitmap_index = 1879, .adv_w = 322, .box_w = 16, .box_h = 14, .ofs_x = 2, .ofs_y = 1},
    {.bitmap_index = 1964, .adv_w = 204, .box_w = 11, .box_h = 18, .ofs_x = 1, .ofs_y = 0},
    {.bitmap_index = 2031, .adv_w = 384, .box_w = 22, .box_h = 22, .ofs_x = 1, .ofs_y = -4},
    {.bitmap_index = 2234, .adv_w = 263, .box_w = 17, .box_h = 18, .ofs_x = 0, .ofs_y = 0},
    {.bitmap_index = 2343, .adv_w = 263, .box_w = 13, .box_h = 18, .ofs_x = 2, .ofs_y = 0},
    {.bitmap_index = 2423, .adv_w = 268, .box_w = 15, .box_h = 18, .ofs_x = 1, .ofs_y = 0},
    {.bitmap_index = 2522, .adv_w = 296, .box_w = 16, .box_h = 18, .ofs_x = 2, .ofs_y = 0},
    {.bitmap_index = 2613, .adv_w = 243, .box_w = 12, .box_h = 18, .ofs_x = 2, .ofs_y = 0},
    {.bitmap_index = 2653, .adv_w = 221, .box_w = 11, .box_h = 18, .ofs_x = 2, .ofs_y = 0},
    {.bitmap_index = 2684, .adv_w = 298, .box_w = 16, .box_h = 18, .ofs_x = 1, .ofs_y = 0},
    {.bitmap_index = 2796, .adv_w = 289, .box_w = 14, .box_h = 18, .ofs_x = 2, .ofs_y = 0},
    {.bitmap_index = 2825, .adv_w = 113, .box_w = 3, .box_h = 18, .ofs_x = 2, .ofs_y = 0},
    {.bitmap_index = 2830, .adv_w = 113, .box_w = 7, .box_h = 23, .ofs_x = -2, .ofs_y = -5},
    {.bitmap_index = 2857, .adv_w = 252, .box_w = 15, .box_h = 18, .ofs_x = 2, .ofs_y = 0},
    {.bitmap_index = 2947, .adv_w = 214, .box_w = 12, .box_h = 18, .ofs_x = 2, .ofs_y = 0},
    {.bitmap_index = 2967, .adv_w = 331, .box_w = 17, .box_h = 18, .ofs_x = 2, .ofs_y = 0},
    {.bitmap_index = 3063, .adv_w = 287, .box_w = 14, .box_h = 18, .ofs_x = 2, .ofs_y = 0},
    {.bitmap_index = 3137, .adv_w = 302, .box_w = 17, .box_h = 18, .ofs_x = 1, .ofs_y = 0},
    {.bitmap_index = 3259, .adv_w = 232, .box_w = 12, .box_h = 18, .ofs_x = 2, .ofs_y = 0},
    {.bitmap_index = 3314, .adv_w = 302, .box_w = 17, .box_h = 21, .ofs_x = 1, .ofs_y = -3},
    {.bitmap_index = 3453, .adv_w = 267, .box_w = 14, .box_h = 18, .ofs_x = 2, .ofs_y = 0},
    {.bitmap_index = 3533, .adv_w = 244, .box_w = 13, .box_h = 18, .ofs_x = 1, .ofs_y = 0},
    {.bitmap_index = 3632, .adv_w = 235, .box_w = 16, .box_h = 18, .ofs_x = -1, .ofs_y = 0},
    {.bitmap_index = 3660, .adv_w = 281, .box_w = 14, .box_h = 18, .ofs_x = 2, .ofs_y = 0},
    {.bitmap_index = 3712, .adv_w = 263, .box_w = 17, .box_h = 18, .ofs_x = 0, .ofs_y = 0},
    {.bitmap_index = 3825, .adv_w = 380, .box_w = 23, .box_h = 18, .ofs_x = 0, .ofs_y = 0},
    {.bitmap_index = 4003, .adv_w = 263, .box_w = 16, .box_h = 18, .ofs_x = 0, .ofs_y = 0},
    {.bitmap_index = 4116, .adv_w = 235, .box_w = 16, .box_h = 18, .ofs_x = -1, .ofs_y = 0},
    {.bitmap_index = 4188, .adv_w = 263, .box_w = 15, .box_h = 18, .ofs_x = 1, .ofs_y = 0},
    {.bitmap_index = 4269, .adv_w = 150, .box_w = 6, .box_h = 22, .ofs_x = 2, .ofs_y = -3},
    {.bitmap_index = 4287, .adv_w = 129, .box_w = 9, .box_h = 21, .ofs_x = 0, .ofs_y = -3},
    {.bitmap_index = 4354, .adv_w = 150, .box_w = 6, .box_h = 22, .ofs_x = 2, .ofs_y = -3},
    {.bitmap_index = 4374, .adv_w = 322, .box_w = 16, .box_h = 7, .ofs_x = 2, .ofs_y = 11},
    {.bitmap_index = 4419, .adv_w = 192, .box_w = 14, .box_h = 2, .ofs_x = -1, .ofs_y = -6},
    {.bitmap_index = 4428, .adv_w = 192, .box_w = 6, .box_h = 5, .ofs_x = 2, .ofs_y = 15},
    {.bitmap_index = 4443, .adv_w = 235, .box_w = 12, .box_h = 14, .ofs_x = 1, .ofs_y = 0},
    {.bitmap_index = 4521, .adv_w = 244, .box_w = 12, .box_h = 19, .ofs_x = 2, .ofs_y = 0},
    {.bitmap_index = 4598, .adv_w = 211, .box_w = 11, .box_h = 14, .ofs_x = 1, .ofs_y = 0},
    {.bitmap_index = 4660, .adv_w = 244, .box_w = 13, .box_h = 19, .ofs_x = 1, .ofs_y = 0},
    {.bitmap_index = 4741, .adv_w = 236, .box_w = 13, .box_h = 14, .ofs_x = 1, .ofs_y = 0},
    {.bitmap_index = 4817, .adv_w = 135, .box_w = 9, .box_h = 19, .ofs_x = 0, .ofs_y = 0},
    {.bitmap_index = 4857, .adv_w = 244, .box_w = 13, .box_h = 19, .ofs_x = 1, .ofs_y = -5},
    {.bitmap_index = 4962, .adv_w = 243, .box_w = 12, .box_h = 19, .ofs_x = 2, .ofs_y = 0},
    {.bitmap_index = 5007, .adv_w = 107, .box_w = 3, .box_h = 19, .ofs_x = 2, .ofs_y = 0},
    {.bitmap_index = 5019, .adv_w = 107, .box_w = 6, .box_h = 24, .ofs_x = -1, .ofs_y = -5},
    {.bitmap_index = 5050, .adv_w = 222, .box_w = 12, .box_h = 19, .ofs_x = 2, .ofs_y = 0},
    {.bitmap_index = 5113, .adv_w = 107, .box_w = 3, .box_h = 19, .ofs_x = 2, .ofs_y = 0},
    {.bitmap_index = 5118, .adv_w = 374, .box_w = 20, .box_h = 14, .ofs_x = 2, .ofs_y = 0},
    {.bitmap_index = 5185, .adv_w = 243, .box_w = 12, .box_h = 14, .ofs_x = 2, .ofs_y = 0},
    {.bitmap_index = 5227, .adv_w = 235, .box_w = 13, .box_h = 14, .ofs_x = 1, .ofs_y = 0},
    {.bitmap_index = 5306, .adv_w = 244, .box_w = 12, .box_h = 19, .ofs_x = 2, .ofs_y = -5},
    {.bitmap_index = 5387, .adv_w = 244, .box_w = 13, .box_h = 19, .ofs_x = 1, .ofs_y = -5},
    {.bitmap_index = 5471, .adv_w = 158, .box_w = 8, .box_h = 14, .ofs_x = 2, .ofs_y = 0},
    {.bitmap_index = 5497, .adv_w = 200, .box_w = 11, .box_h = 14, .ofs_x = 1, .ofs_y = 0},
    {.bitmap_index = 5567, .adv_w = 151, .box_w = 9, .box_h = 18, .ofs_x = 0, .ofs_y = 0},
    {.bitmap_index = 5607, .adv_w = 243, .box_w = 12, .box_h = 14, .ofs_x = 2, .ofs_y = 0},
    {.bitmap_index = 5647, .adv_w = 227, .box_w = 14, .box_h = 14, .ofs_x = 0, .ofs_y = 0},
    {.bitmap_index = 5727, .adv_w = 314, .box_w = 18, .box_h = 14, .ofs_x = 1, .ofs_y = 0},
    {.bitmap_index = 5846, .adv_w = 227, .box_w = 14, .box_h = 14, .ofs_x = 0, .ofs_y = 0},
    {.bitmap_index = 5929, .adv_w = 227, .box_w = 14, .box_h = 19, .ofs_x = 0, .ofs_y = -5},
    {.bitmap_index = 6029, .adv_w = 202, .box_w = 11, .box_h = 14, .ofs_x = 1, .ofs_y = 0},
    {.bitmap_index = 6085, .adv_w = 244, .box_w = 10, .box_h = 23, .ofs_x = 3, .ofs_y = -4},
    {.bitmap_index = 6159, .adv_w = 129, .box_w = 3, .box_h = 25, .ofs_x = 3, .ofs_y = -6},
    {.bitmap_index = 6164, .adv_w = 244, .box_w = 10, .box_h = 23, .ofs_x = 3, .ofs_y = -4},
    {.bitmap_index = 6235, .adv_w = 322, .box_w = 16, .box_h = 6, .ofs_x = 2, .ofs_y = 5},
    {.bitmap_index = 6275, .adv_w = 122, .box_w = 0, .box_h = 0, .ofs_x = 0, .ofs_y = 0},
    {.bitmap_index = 6275, .adv_w = 154, .box_w = 3, .box_h = 19, .ofs_x = 3, .ofs_y = -5},
    {.bitmap_index = 6296, .adv_w = 244, .box_w = 11, .box_h = 22, .ofs_x = 2, .ofs_y = -4},
    {.bitmap_index = 6380, .adv_w = 244, .box_w = 13, .box_h = 18, .ofs_x = 1, .ofs_y = 0},
    {.bitmap_index = 6444, .adv_w = 244, .box_w = 14, .box_h = 14, .ofs_x = 1, .ofs_y = 1},
    {.bitmap_index = 6529, .adv_w = 244, .box_w = 15, .box_h = 18, .ofs_x = 0, .ofs_y = 0},
    {.bitmap_index = 6622, .adv_w = 129, .box_w = 3, .box_h = 22, .ofs_x = 3, .ofs_y = -4},
    {.bitmap_index = 6636, .adv_w = 192, .box_w = 10, .box_h = 21, .ofs_x = 1, .ofs_y = -3},
    {.bitmap_index = 6735, .adv_w = 192, .box_w = 8, .box_h = 3, .ofs_x = 2, .ofs_y = 16},
    {.bitmap_index = 6746, .adv_w = 384, .box_w = 18, .box_h = 20, .ofs_x = 3, .ofs_y = -1},
    {.bitmap_index = 6897, .adv_w = 181, .box_w = 9, .box_h = 12, .ofs_x = 1, .ofs_y = 5},
    {.bitmap_index = 6947, .adv_w = 235, .box_w = 12, .box_h = 12, .ofs_x = 1, .ofs_y = 1},
    {.bitmap_index = 7015, .adv_w = 322, .box_w = 16, .box_h = 8, .ofs_x = 2, .ofs_y = 3},
    {.bitmap_index = 7034, .adv_w = 139, .box_w = 7, .box_h = 2, .ofs_x = 1, .ofs_y = 6},
    {.bitmap_index = 7039, .adv_w = 384, .box_w = 18, .box_h = 20, .ofs_x = 3, .ofs_y = -1},
    {.bitmap_index = 7187, .adv_w = 192, .box_w = 8, .box_h = 2, .ofs_x = 2, .ofs_y = 17},
    {.bitmap_index = 7193, .adv_w = 192, .box_w = 8, .box_h = 8, .ofs_x = 2, .ofs_y = 11},
    {.bitmap_index = 7225, .adv_w = 322, .box_w = 16, .box_h = 16, .ofs_x = 2, .ofs_y = 0},
    {.bitmap_index = 7271, .adv_w = 154, .box_w = 8, .box_h = 9, .ofs_x = 1, .ofs_y = 8},
    {.bitmap_index = 7305, .adv_w = 154, .box_w = 8, .box_h = 9, .ofs_x = 1, .ofs_y = 8},
    {.bitmap_index = 7341, .adv_w = 192, .box_w = 6, .box_h = 5, .ofs_x = 4, .ofs_y = 15},
    {.bitmap_index = 7356, .adv_w = 244, .box_w = 13, .box_h = 19, .ofs_x = 2, .ofs_y = -5},
    {.bitmap_index = 7406, .adv_w = 244, .box_w = 12, .box_h = 21, .ofs_x = 1, .ofs_y = -3},
    {.bitmap_index = 7458, .adv_w = 122, .box_w = 4, .box_h = 4, .ofs_x = 2, .ofs_y = 7},
    {.bitmap_index = 7464, .adv_w = 192, .box_w = 6, .box_h = 5, .ofs_x = 3, .ofs_y = -5},
    {.bitmap_index = 7479, .adv_w = 154, .box_w = 8, .box_h = 9, .ofs_x = 1, .ofs_y = 8},
    {.bitmap_index = 7499, .adv_w = 181, .box_w = 10, .box_h = 12, .ofs_x = 1, .ofs_y = 5},
    {.bitmap_index = 7554, .adv_w = 235, .box_w = 11, .box_h = 12, .ofs_x = 2, .ofs_y = 1},
    {.bitmap_index = 7618, .adv_w = 372, .box_w = 22, .box_h = 19, .ofs_x = 1, .ofs_y = 0},
    {.bitmap_index = 7760, .adv_w = 372, .box_w = 21, .box_h = 20, .ofs_x = 1, .ofs_y = -1},
    {.bitmap_index = 7905, .adv_w = 372, .box_w = 22, .box_h = 20, .ofs_x = 1, .ofs_y = 0},
    {.bitmap_index = 8071, .adv_w = 204, .box_w = 11, .box_h = 19, .ofs_x = 1, .ofs_y = -5},
    {.bitmap_index = 8141, .adv_w = 263, .box_w = 17, .box_h = 23, .ofs_x = 0, .ofs_y = 0},
    {.bitmap_index = 8270, .adv_w = 263, .box_w = 17, .box_h = 23, .ofs_x = 0, .ofs_y = 0},
    {.bitmap_index = 8399, .adv_w = 263, .box_w = 17, .box_h = 23, .ofs_x = 0, .ofs_y = 0},
    {.bitmap_index = 8532, .adv_w = 263, .box_w = 17, .box_h = 24, .ofs_x = 0, .ofs_y = 0},
    {.bitmap_index = 8670, .adv_w = 263, .box_w = 17, .box_h = 23, .ofs_x = 0, .ofs_y = 0},
    {.bitmap_index = 8800, .adv_w = 263, .box_w = 17, .box_h = 23, .ofs_x = 0, .ofs_y = 0},
    {.bitmap_index = 8937, .adv_w = 374, .box_w = 22, .box_h = 18, .ofs_x = 0, .ofs_y = 0},
    {.bitmap_index = 9046, .adv_w = 268, .box_w = 15, .box_h = 23, .ofs_x = 1, .ofs_y = -5},
    {.bitmap_index = 9169, .adv_w = 243, .box_w = 12, .box_h = 23, .ofs_x = 2, .ofs_y = 0},
    {.bitmap_index = 9226, .adv_w = 243, .box_w = 12, .box_h = 23, .ofs_x = 2, .ofs_y = 0},
    {.bitmap_index = 9283, .adv_w = 243, .box_w = 12, .box_h = 23, .ofs_x = 2, .ofs_y = 0},
    {.bitmap_index = 9345, .adv_w = 243, .box_w = 12, .box_h = 23, .ofs_x = 2, .ofs_y = 0},
    {.bitmap_index = 9407, .adv_w = 113, .box_w = 6, .box_h = 23, .ofs_x = 0, .ofs_y = 0},
    {.bitmap_index = 9428, .adv_w = 113, .box_w = 6, .box_h = 23, .ofs_x = 1, .ofs_y = 0},
    {.bitmap_index = 9449, .adv_w = 113, .box_w = 9, .box_h = 23, .ofs_x = -1, .ofs_y = 0},
    {.bitmap_index = 9479, .adv_w = 113, .box_w = 8, .box_h = 23, .ofs_x = 0, .ofs_y = 0},
    {.bitmap_index = 9503, .adv_w = 298, .box_w = 18, .box_h = 18, .ofs_x = 0, .ofs_y = 0},
    {.bitmap_index = 9613, .adv_w = 287, .box_w = 14, .box_h = 24, .ofs_x = 2, .ofs_y = 0},
    {.bitmap_index = 9716, .adv_w = 302, .box_w = 17, .box_h = 24, .ofs_x = 1, .ofs_y = 0},
    {.bitmap_index = 9863, .adv_w = 302, .box_w = 17, .box_h = 24, .ofs_x = 1, .ofs_y = 0},
    {.bitmap_index = 10009, .adv_w = 302, .box_w = 17, .box_h = 24, .ofs_x = 1, .ofs_y = 0},
    {.bitmap_index = 10159, .adv_w = 302, .box_w = 17, .box_h = 24, .ofs_x = 1, .ofs_y = 0},
    {.bitmap_index = 10311, .adv_w = 302, .box_w = 17, .box_h = 23, .ofs_x = 1, .ofs_y = 0},
    {.bitmap_index = 10453, .adv_w = 322, .box_w = 14, .box_h = 15, .ofs_x = 3, .ofs_y = 0},
    {.bitmap_index = 10542, .adv_w = 302, .box_w = 17, .box_h = 20, .ofs_x = 1, .ofs_y = -1},
    {.bitmap_index = 10695, .adv_w = 281, .box_w = 14, .box_h = 24, .ofs_x = 2, .ofs_y = 0},
    {.bitmap_index = 10769, .adv_w = 281, .box_w = 14, .box_h = 24, .ofs_x = 2, .ofs_y = 0},
    {.bitmap_index = 10843, .adv_w = 281, .box_w = 14, .box_h = 24, .ofs_x = 2, .ofs_y = 0},
    {.bitmap_index = 10922, .adv_w = 281, .box_w = 14, .box_h = 23, .ofs_x = 2, .ofs_y = 0},
    {.bitmap_index = 10996, .adv_w = 235, .box_w = 16, .box_h = 23, .ofs_x = -1, .ofs_y = 0},
    {.bitmap_index = 11088, .adv_w = 232, .box_w = 12, .box_h = 18, .ofs_x = 2, .ofs_y = 0},
    {.bitmap_index = 11148, .adv_w = 242, .box_w = 13, .box_h = 19, .ofs_x = 2, .ofs_y = 0},
    {.bitmap_index = 11246, .adv_w = 235, .box_w = 12, .box_h = 21, .ofs_x = 1, .ofs_y = 0},
    {.bitmap_index = 11349, .adv_w = 235, .box_w = 12, .box_h = 21, .ofs_x = 1, .ofs_y = 0},
    {.bitmap_index = 11452, .adv_w = 235, .box_w = 12, .box_h = 21, .ofs_x = 1, .ofs_y = 0},
    {.bitmap_index = 11560, .adv_w = 235, .box_w = 12, .box_h = 19, .ofs_x = 1, .ofs_y = 0},
    {.bitmap_index = 11662, .adv_w = 235, .box_w = 12, .box_h = 19, .ofs_x = 1, .ofs_y = 0},
    {.bitmap_index = 11761, .adv_w = 235, .box_w = 12, .box_h = 23, .ofs_x = 1, .ofs_y = 0},
    {.bitmap_index = 11878, .adv_w = 377, .box_w = 22, .box_h = 14, .ofs_x = 1, .ofs_y = 0},
    {.bitmap_index = 12009, .adv_w = 211, .box_w = 11, .box_h = 19, .ofs_x = 1, .ofs_y = -5},
    {.bitmap_index = 12092, .adv_w = 236, .box_w = 13, .box_h = 21, .ofs_x = 1, .ofs_y = 0},
    {.bitmap_index = 12192, .adv_w = 236, .box_w = 13, .box_h = 21, .ofs_x = 1, .ofs_y = 0},
    {.bitmap_index = 12292, .adv_w = 236, .box_w = 13, .box_h = 21, .ofs_x = 1, .ofs_y = 0},
    {.bitmap_index = 12398, .adv_w = 236, .box_w = 13, .box_h = 19, .ofs_x = 1, .ofs_y = 0},
    {.bitmap_index = 12493, .adv_w = 107, .box_w = 6, .box_h = 20, .ofs_x = -1, .ofs_y = 0},
    {.bitmap_index = 12517, .adv_w = 107, .box_w = 7, .box_h = 20, .ofs_x = 1, .ofs_y = 0},
    {.bitmap_index = 12545, .adv_w = 107, .box_w = 9, .box_h = 20, .ofs_x = -1, .ofs_y = 0},
    {.bitmap_index = 12579, .adv_w = 107, .box_w = 8, .box_h = 19, .ofs_x = -1, .ofs_y = 0},
    {.bitmap_index = 12604, .adv_w = 235, .box_w = 13, .box_h = 19, .ofs_x = 1, .ofs_y = 0},
    {.bitmap_index = 12713, .adv_w = 243, .box_w = 12, .box_h = 19, .ofs_x = 2, .ofs_y = 0},
    {.bitmap_index = 12779, .adv_w = 235, .box_w = 13, .box_h = 21, .ofs_x = 1, .ofs_y = 0},
    {.bitmap_index = 12882, .adv_w = 235, .box_w = 13, .box_h = 21, .ofs_x = 1, .ofs_y = 0},
    {.bitmap_index = 12984, .adv_w = 235, .box_w = 13, .box_h = 21, .ofs_x = 1, .ofs_y = 0},
    {.bitmap_index = 13092, .adv_w = 235, .box_w = 13, .box_h = 19, .ofs_x = 1, .ofs_y = 0},
    {.bitmap_index = 13195, .adv_w = 235, .box_w = 13, .box_h = 19, .ofs_x = 1, .ofs_y = 0},
    {.bitmap_index = 13293, .adv_w = 322, .box_w = 16, .box_h = 12, .ofs_x = 2, .ofs_y = 2},
    {.bitmap_index = 13328, .adv_w = 235, .box_w = 14, .box_h = 16, .ofs_x = 0, .ofs_y = -1},
    {.bitmap_index = 13436, .adv_w = 243, .box_w = 12, .box_h = 21, .ofs_x = 2, .ofs_y = 0},
    {.bitmap_index = 13500, .adv_w = 243, .box_w = 12, .box_h = 21, .ofs_x = 2, .ofs_y = 0},
    {.bitmap_index = 13564, .adv_w = 243, .box_w = 12, .box_h = 21, .ofs_x = 2, .ofs_y = 0},
    {.bitmap_index = 13633, .adv_w = 243, .box_w = 12, .box_h = 19, .ofs_x = 2, .ofs_y = 0},
    {.bitmap_index = 13692, .adv_w = 227, .box_w = 14, .box_h = 25, .ofs_x = 0, .ofs_y = -5},
    {.bitmap_index = 13817, .adv_w = 244, .box_w = 12, .box_h = 24, .ofs_x = 2, .ofs_y = -5},
    {.bitmap_index = 13901, .adv_w = 227, .box_w = 14, .box_h = 24, .ofs_x = 0, .ofs_y = -5},
    {.bitmap_index = 14023, .adv_w = 192, .box_w = 10, .box_h = 2, .ofs_x = 1, .ofs_y = 6},
    {.bitmap_index = 14029, .adv_w = 384, .box_w = 22, .box_h = 2, .ofs_x = 1, .ofs_y = 6},
    {.bitmap_index = 14038, .adv_w = 122, .box_w = 4, .box_h = 7, .ofs_x = 2, .ofs_y = 11},
    {.bitmap_index = 14052, .adv_w = 122, .box_w = 4, .box_h = 6, .ofs_x = 2, .ofs_y = 12},
    {.bitmap_index = 14064, .adv_w = 122, .box_w = 4, .box_h = 6, .ofs_x = 2, .ofs_y = -3},
    {.bitmap_index = 14076, .adv_w = 199, .box_w = 9, .box_h = 7, .ofs_x = 2, .ofs_y = 11},
    {.bitmap_index = 14106, .adv_w = 199, .box_w = 9, .box_h = 7, .ofs_x = 2, .ofs_y = 11},
    {.bitmap_index = 14136, .adv_w = 199, .box_w = 9, .box_h = 6, .ofs_x = 2, .ofs_y = -3},
    {.bitmap_index = 14162, .adv_w = 227, .box_w = 8, .box_h = 8, .ofs_x = 3, .ofs_y = 6},
    {.bitmap_index = 14190, .adv_w = 384, .box_w = 20, .box_h = 4, .ofs_x = 2, .ofs_y = 0},
    {.bitmap_index = 14210, .adv_w = 322, .box_w = 18, .box_h = 11, .ofs_x = 1, .ofs_y = 2},
    {.bitmap_index = 14270, .adv_w = 322, .box_w = 12, .box_h = 18, .ofs_x = 4, .ofs_y = 0},
    {.bitmap_index = 14314, .adv_w = 322, .box_w = 18, .box_h = 11, .ofs_x = 1, .ofs_y = 2},
    {.bitmap_index = 14374, .adv_w = 322, .box_w = 12, .box_h = 19, .ofs_x = 4, .ofs_y = -1},
    {.bitmap_index = 14424, .adv_w = 295, .box_w = 19, .box_h = 19, .ofs_x = 0, .ofs_y = -3},
    {.bitmap_index = 14519, .adv_w = 344, .box_w = 20, .box_h = 18, .ofs_x = 1, .ofs_y = 0},
    {.bitmap_index = 14640, .adv_w = 322, .box_w = 14, .box_h = 13, .ofs_x = 3, .ofs_y = 2},
    {.bitmap_index = 14701, .adv_w = 322, .box_w = 15, .box_h = 19, .ofs_x = 2, .ofs_y = -1},
    {.bitmap_index = 14813, .adv_w = 336, .box_w = 23, .box_h = 21, .ofs_x = -1, .ofs_y = -2},
    {.bitmap_index = 14951, .adv_w = 384, .box_w = 26, .box_h = 25, .ofs_x = -1, .ofs_y = -3},
    {.bitmap_index = 15091, .adv_w = 336, .box_w = 21, .box_h = 23, .ofs_x = 0, .ofs_y = -2},
    {.bitmap_index = 15219, .adv_w = 384, .box_w = 24, .box_h = 24, .ofs_x = 0, .ofs_y = -3},
    {.bitmap_index = 15393, .adv_w = 336, .box_w = 21, .box_h = 22, .ofs_x = 0, .ofs_y = -2},
    {.bitmap_index = 15498, .adv_w = 336, .box_w = 21, .box_h = 24, .ofs_x = 0, .ofs_y = -3},
    {.bitmap_index = 15653, .adv_w = 384, .box_w = 24, .box_h = 24, .ofs_x = 0, .ofs_y = -3},
    {.bitmap_index = 15828, .adv_w = 432, .box_w = 27, .box_h = 22, .ofs_x = 0, .ofs_y = -2}
};

/*---------------------
 *  CHARACTER MAPPING
 *--------------------*/

static const uint16_t unicode_list_2[] = {
    0x0, 0x1, 0x5, 0x6, 0x7, 0x9, 0xa, 0xb,
    0xf, 0x13, 0x17d, 0x17e, 0x17f, 0x180, 0x5a3, 0x68d,
    0x700, 0x704, 0xcff9, 0xd002, 0xd006, 0xd047, 0xd08d, 0xd10b,
    0xd1cb, 0xd6ec
};

/*Collect the unicode lists and glyph_id offsets*/
static const lv_font_fmt_txt_cmap_t cmaps[] =
{
    {
        .range_start = 32, .range_length = 95, .glyph_id_start = 1,
        .unicode_list = NULL, .glyph_id_ofs_list = NULL, .list_length = 0, .type = LV_FONT_FMT_TXT_CMAP_FORMAT0_TINY
    },
    {
        .range_start = 160, .range_length = 96, .glyph_id_start = 96,
        .unicode_list = NULL, .glyph_id_ofs_list = NULL, .list_length = 0, .type = LV_FONT_FMT_TXT_CMAP_FORMAT0_TINY
    },
    {
        .range_start = 8211, .range_length = 55021, .glyph_id_start = 192,
        .unicode_list = unicode_list_2, .glyph_id_ofs_list = NULL, .list_length = 26, .type = LV_FONT_FMT_TXT_CMAP_SPARSE_TINY
    }
};



/*--------------------
 *  ALL CUSTOM DATA
 *--------------------*/

#if LVGL_VERSION_MAJOR == 8
/*Store all the custom data of the font*/
static  lv_font_fmt_txt_glyph_cache_t cache;
#endif

#if LVGL_VERSION_MAJOR >= 8
static const lv_font_fmt_txt_dsc_t font_dsc = {
#else
static lv_font_fmt_txt_dsc_t font_dsc = {
#endif
    .glyph_bitmap = glyph_bitmap,
    .glyph_dsc = glyph_dsc,
    .cmaps = cmaps,
    .kern_dsc = NULL,
    .kern_scale = 0,
    .cmap_num = 3,
    .bpp = 4,
    .kern_classes = 0,
    .bitmap_format = 1,
#if LVGL_VERSION_MAJOR == 8
    .cache = &cache
#endif
};



/*-----------------
 *  PUBLIC FONT
 *----------------*/

/*Initialize a public general font descriptor*/
#if LVGL_VERSION_MAJOR >= 8
const lv_font_t wizard_font_24 = {
#else
lv_font_t wizard_font_24 = {
#endif
    .get_glyph_dsc = lv_font_get_glyph_dsc_fmt_txt,    /*Function pointer to get glyph's data*/
    .get_glyph_bitmap = lv_font_get_bitmap_fmt_txt,    /*Function pointer to get glyph's bitmap*/
    .line_height = 30,          /*The maximum line height required by the font*/
    .base_line = 6,             /*Baseline measured from the bottom of the line*/
#if !(LVGL_VERSION_MAJOR == 6 && LVGL_VERSION_MINOR == 0)
    .subpx = LV_FONT_SUBPX_NONE,
#endif
#if LV_VERSION_CHECK(7, 4, 0) || LVGL_VERSION_MAJOR >= 8
    .underline_position = 0,
    .underline_thickness = 1,
#endif
    .dsc = &font_dsc,          /*The custom font data. Will be accessed by `get_glyph_bitmap/dsc` */
#if LV_VERSION_CHECK(8, 2, 0) || LVGL_VERSION_MAJOR >= 9
    .fallback = NULL,
#endif
    .user_data = NULL,
};



#endif /*#if WIZARD_FONT_24*/
