/* Generated by tools/mkfonts.sh, do not edit. Rendered from DejaVu Sans 2.37
 * (Bitstream Vera and Arev licenses, tools/fonts/DejaVuSans-LICENSE.txt) and icons of
 * Font Awesome 7.3.1 Free Solid (SIL OFL 1.1, tools/fonts/fontawesome/LICENSE.txt). */
/*******************************************************************************
 * Size: 20 px
 * Bpp: 4
 * Opts: --bpp 4 --size 20 --format lvgl --font tools/fonts/DejaVuSans.ttf -r 0x20-0x7E,0xA0-0xFF,0x2013-0x2014,0x2018-0x201A,0x201C-0x201E,0x2022,0x2026,0x2190-0x2193,0x2713,0x2717,0x26A0,0x25B6 --font tools/fonts/fontawesome/fa-solid-900.ttf -r 0xF015,0xF1DE,0xF0A0,0xF6FF,0xF019,0xF11E,0xF00C,0xF05A --lv-include lvgl.h --lv-font-name wizard_font_20 -o src/fonts/wizard_font_20.c.tmp
 ******************************************************************************/

#ifdef LV_LVGL_H_INCLUDE_SIMPLE
#include "lvgl.h"
#else
#include "lvgl.h"
#endif

#ifndef WIZARD_FONT_20
#define WIZARD_FONT_20 1
#endif

#if WIZARD_FONT_20

/*-----------------
 *    BITMAPS
 *----------------*/

/*Store the image of the glyphs*/
static LV_ATTRIBUTE_LARGE_CONST const uint8_t glyph_bitmap[] = {
    /* U+0020 " " */

    /* U+0021 "!" */
    0xff, 0x0, 0x7f, 0xf0, 0x4, 0x46, 0x8, 0xf3,
    0x26, 0x79, 0x80, 0x0,

    /* U+0022 "\"" */
    0x1f, 0x90, 0x6f, 0x40, 0xf, 0xfe, 0x80, 0xd5,
    0x83, 0xd2, 0x80,

    /* U+0023 "#" */
    0x0, 0xf7, 0xd0, 0x2, 0x3c, 0x40, 0x3e, 0x30,
    0xf0, 0x2, 0x18, 0x80, 0x7c, 0x80, 0x80, 0x3,
    0x40, 0xe, 0x22, 0xb0, 0x4c, 0x98, 0x38, 0x88,
    0x0, 0x5d, 0xd9, 0x7, 0x75, 0x21, 0x3b, 0xa3,
    0x4, 0xaa, 0x38, 0x3d, 0x50, 0x4e, 0xaa, 0x20,
    0x15, 0x57, 0x84, 0xaa, 0x85, 0x15, 0x61, 0x0,
    0xd8, 0x22, 0x4, 0xc, 0x0, 0xc2, 0x45, 0x2a,
    0x88, 0x98, 0xe, 0x44, 0x0, 0x36, 0xec, 0x29,
    0xba, 0x70, 0xcd, 0xd0, 0x82, 0xd5, 0x14, 0x26,
    0xa8, 0xb, 0x55, 0x8, 0x12, 0xa8, 0x49, 0x94,
    0x43, 0x95, 0x60, 0xe, 0x44, 0x0, 0x30, 0x10,
    0x3, 0xe4, 0xd, 0x0, 0x2a, 0x0, 0x78,

    /* U+0024 "$" */
    0x0, 0xc7, 0x80, 0x1f, 0xfc, 0x68, 0xec, 0x3f,
    0xeb, 0x10, 0x6, 0x3a, 0x41, 0x53, 0x29, 0x81,
    0x99, 0x69, 0x5, 0x63, 0x88, 0x1c, 0x8, 0x3,
    0xf3, 0x2, 0x88, 0x7, 0xc4, 0xc5, 0xde, 0x2a,
    0x20, 0x1a, 0x64, 0x66, 0x2a, 0xe8, 0x0, 0xcd,
    0x98, 0x28, 0x17, 0x90, 0xf, 0xb, 0xf8, 0x30,
    0x7, 0xe1, 0x30, 0x1, 0x98, 0x3, 0x88, 0xc8,
    0x1b, 0x30, 0xf6, 0x31, 0x81, 0x0, 0xb2, 0xf4,
    0xe4, 0xcb, 0x6a, 0x0, 0x6b, 0xdc, 0x3e, 0xb4,
    0x0, 0xff, 0xe6, 0x0,

    /* U+0025 "%" */
    0x5, 0xdf, 0xc4, 0x0, 0xe1, 0xf8, 0x0, 0x92,
    0x92, 0xda, 0xcc, 0x3, 0x51, 0x40, 0x5, 0xe5,
    0x29, 0x43, 0x20, 0x12, 0xa7, 0x0, 0x66, 0x70,
    0x8, 0x98, 0x0, 0x36, 0xe6, 0x1, 0x85, 0x80,
    0x21, 0x70, 0x5, 0x9c, 0x0, 0x75, 0x1a, 0x8b,
    0x97, 0x2, 0x2c, 0x80, 0x79, 0x99, 0x5d, 0xe,
    0xa1, 0x4c, 0x8b, 0xbf, 0xaa, 0x0, 0x9f, 0xdf,
    0x80, 0x90, 0x92, 0xa7, 0xb7, 0xa3, 0x0, 0x88,
    0x0, 0x8d, 0x41, 0x61, 0x49, 0x43, 0x20, 0x1e,
    0x95, 0x40, 0x53, 0x0, 0x95, 0xc0, 0x3a, 0x4e,
    0xc0, 0x3f, 0xf8, 0x26, 0xd6, 0x20, 0x5, 0x30,
    0x9, 0x5c, 0x3, 0x72, 0x28, 0x5, 0x61, 0x49,
    0x43, 0x20, 0x14, 0x15, 0x0, 0x62, 0xb7, 0xb7,
    0xa3,

    /* U+0026 "&" */
    0x0, 0x9b, 0x3f, 0xb2, 0x0, 0x3e, 0x89, 0x26,
    0x70, 0x72, 0x0, 0xf3, 0x87, 0xcc, 0xb3, 0x88,
    0x3, 0xe2, 0x10, 0x8, 0x40, 0x3e, 0x52, 0x50,
    0xf, 0xfb, 0x2, 0x94, 0x3, 0xf9, 0xa6, 0x16,
    0x98, 0x3, 0x35, 0x91, 0x25, 0x5e, 0x96, 0x5c,
    0x2, 0xd4, 0x3b, 0xe, 0x0, 0x52, 0x44, 0x0,
    0x8, 0x81, 0x20, 0x60, 0xa, 0xd1, 0xe5, 0xc3,
    0xc0, 0x81, 0x0, 0x35, 0xa3, 0x42, 0xa0, 0x50,
    0x4a, 0x0, 0x6d, 0x0, 0xe3, 0x80, 0xbc, 0x9a,
    0xd9, 0x44, 0x2c, 0x80, 0x1f, 0x14, 0x99, 0x1a,
    0xae, 0xc4, 0xd0,

    /* U+0027 "'" */
    0x1f, 0x90, 0xf, 0xfe, 0x0, 0xd5, 0x80,

    /* U+0028 "(" */
    0x0, 0xab, 0x80, 0x23, 0x58, 0x0, 0xa0, 0x58,
    0x0, 0x48, 0xe0, 0x15, 0x85, 0x0, 0x48, 0x6,
    0x0, 0x12, 0x30, 0x8, 0xc1, 0xc0, 0x26, 0x1,
    0x0, 0x9c, 0x3, 0x84, 0x18, 0x2, 0x20, 0x20,
    0xc, 0x82, 0x40, 0x16, 0x82, 0x0, 0x4c, 0x34,
    0x1, 0x98, 0xc8, 0x2, 0x81, 0x80, 0xd, 0x5a,
    0x0,

    /* U+0029 ")" */
    0x2f, 0x70, 0x8, 0x9a, 0x4, 0x2, 0xb0, 0x90,
    0x8, 0x8d, 0x80, 0x35, 0xa, 0x80, 0x4a, 0x18,
    0x1, 0x18, 0x20, 0x6, 0x12, 0x0, 0xc6, 0x1,
    0xff, 0x10, 0x80, 0x42, 0xa, 0x1, 0x20, 0x60,
    0x5, 0x80, 0xa0, 0x13, 0x99, 0x0, 0x14, 0x60,
    0x2, 0x84, 0x40, 0x0, 0x96, 0x40, 0x20,

    /* U+002A "*" */
    0x0, 0xd3, 0x20, 0xe, 0x10, 0xf, 0x8, 0x17,
    0x40, 0x6, 0x8e, 0x22, 0x70, 0xf2, 0xab, 0x8b,
    0x48, 0x6, 0x6c, 0xcd, 0x14, 0x40, 0x2, 0xa8,
    0x33, 0x5d, 0x10, 0x16, 0xec, 0xaa, 0xdd, 0x88,
    0x9c, 0xe0, 0x19, 0xf8, 0x80, 0x40, 0x2, 0x20,
    0x0, 0x80,

    /* U+002B "+" */
    0x0, 0xe2, 0x51, 0x0, 0xff, 0x2d, 0x10, 0x7,
    0xff, 0xb7, 0xbf, 0xf4, 0x6, 0x7f, 0xea, 0x65,
    0x5c, 0x60, 0x8a, 0xbb, 0x22, 0xab, 0x58, 0x45,
    0x56, 0x60, 0xf, 0xff, 0x40,

    /* U+002C "," */
    0x7, 0xb4, 0xd, 0x42, 0x6, 0x4, 0x13, 0x62,
    0x40, 0x80,

    /* U+002D "-" */
    0x9, 0x9e, 0x20, 0x66, 0xe1,

    /* U+002E "." */
    0x67, 0x1b, 0x82, 0x0, 0x80,

    /* U+002F "/" */
    0x0, 0xc3, 0xf2, 0x1, 0x9c, 0x34, 0x3, 0x68,
    0xa0, 0x6, 0x47, 0x0, 0xca, 0x1a, 0x1, 0xbc,
    0x10, 0x3, 0x2a, 0x80, 0x32, 0x7, 0x80, 0x6d,
    0x5, 0x0, 0xce, 0x80, 0x19, 0x7, 0x40, 0x36,
    0x83, 0x80, 0x67, 0x31, 0x0, 0x8c, 0x6c, 0x3,
    0x58, 0x28, 0x6, 0x52, 0x20, 0x6,

    /* U+0030 "0" */
    0x0, 0x15, 0x77, 0xec, 0x0, 0x62, 0xc5, 0x53,
    0xb, 0xe0, 0x5, 0xc3, 0x37, 0x38, 0xa6, 0xe0,
    0x67, 0x30, 0x5, 0x61, 0x20, 0x80, 0x80, 0x18,
    0x4c, 0x4b, 0x83, 0x40, 0x39, 0x81, 0x8c, 0x3,
    0xe3, 0x1, 0x0, 0xff, 0x8c, 0x3, 0xe3, 0x1,
    0xe0, 0xd0, 0xe, 0x60, 0x64, 0x4, 0x0, 0xc2,
    0x62, 0x46, 0x72, 0x80, 0x56, 0x12, 0x0, 0xe0,
    0xab, 0x8c, 0x53, 0x70, 0x1, 0x6a, 0xa9, 0xc5,
    0xf0, 0x0,

    /* U+0031 "1" */
    0x59, 0xcf, 0xf5, 0x0, 0x52, 0xc6, 0x40, 0x1d,
    0x1b, 0xf2, 0x1, 0xc8, 0x40, 0x1f, 0xff, 0xf0,
    0xc, 0xb5, 0x4f, 0x7, 0xaa, 0x46, 0xaa, 0x90,
    0x9, 0x54, 0xc0,

    /* U+0032 "2" */
    0x5, 0xad, 0xff, 0x63, 0x0, 0x1e, 0x94, 0x54,
    0xcd, 0x36, 0x5, 0x3f, 0x95, 0x9a, 0x28, 0xaa,
    0x60, 0xc, 0x52, 0x18, 0x1, 0xf0, 0x80, 0x7f,
    0x50, 0x68, 0x7, 0xa0, 0xd5, 0x0, 0x39, 0x9c,
    0xe8, 0x3, 0x9e, 0x4f, 0x40, 0x3a, 0x20, 0x78,
    0x20, 0x1a, 0x1d, 0x30, 0x3, 0xa5, 0xd2, 0xc0,
    0x39, 0xd8, 0x6, 0xab, 0x9f, 0xc0, 0xa, 0xbe,
    0xc0,

    /* U+0033 "3" */
    0x7, 0xbe, 0xfe, 0xc7, 0x10, 0xa, 0x14, 0x95,
    0x45, 0x1e, 0x20, 0xe, 0xe6, 0x55, 0xf2, 0x8c,
    0x0, 0x4, 0x3, 0xa4, 0x8, 0x3, 0xf5, 0x1,
    0x0, 0x69, 0x95, 0x6b, 0x14, 0x0, 0x66, 0x62,
    0x92, 0x60, 0x80, 0x6f, 0xf7, 0x52, 0xf9, 0x80,
    0x78, 0x57, 0x7, 0x80, 0x3f, 0x10, 0x90, 0x80,
    0x7e, 0x10, 0x13, 0x20, 0xc, 0x34, 0x6, 0x9,
    0xba, 0xba, 0xce, 0x51, 0xe0, 0x57, 0x15, 0x51,
    0x9a, 0x3c, 0x80,

    /* U+0034 "4" */
    0x0, 0xf2, 0x7f, 0xa0, 0x3, 0xe1, 0xa0, 0xf,
    0xf5, 0x83, 0x80, 0x7e, 0x65, 0xaf, 0x0, 0xf8,
    0xa5, 0x90, 0x3, 0xf7, 0xc, 0x80, 0x7e, 0x73,
    0xa0, 0xf, 0xc5, 0xc, 0x80, 0x1f, 0xbc, 0xa4,
    0x3, 0xf8, 0x89, 0xff, 0xa0, 0x1f, 0xe4, 0x19,
    0xbc, 0x60, 0x6d, 0x81, 0x33, 0xeb, 0x4, 0x95,
    0x0, 0xff, 0xe6, 0x0,

    /* U+0035 "5" */
    0xd, 0xff, 0xf7, 0x0, 0x65, 0x5e, 0x70, 0xd,
    0x55, 0xd2, 0x1, 0xff, 0xc2, 0x79, 0x93, 0x8,
    0x7, 0x43, 0x32, 0x79, 0x40, 0x15, 0x7d, 0xfa,
    0xc1, 0x46, 0xe, 0x82, 0x5, 0x2e, 0x10, 0x1,
    0xf5, 0x2, 0x80, 0x7c, 0x60, 0x20, 0x1f, 0x20,
    0x11, 0x90, 0x6, 0x3b, 0xa, 0x4d, 0xd5, 0xd6,
    0x60, 0x51, 0xd1, 0x81, 0x54, 0x49, 0x56, 0x0,

    /* U+0036 "6" */
    0x0, 0x92, 0xfb, 0xfa, 0xd0, 0x2, 0x8b, 0x42,
    0x55, 0xb0, 0x0, 0xce, 0x7d, 0x95, 0x7d, 0x20,
    0x8, 0xd, 0x10, 0xc, 0x20, 0x82, 0xa2, 0xb0,
    0xe8, 0x1, 0x18, 0x1e, 0xd3, 0xc5, 0xe0, 0x87,
    0x3, 0x5, 0xfe, 0xa1, 0xd0, 0x6, 0xf4, 0x2,
    0xb1, 0x43, 0x10, 0x22, 0x0, 0x64, 0x5, 0xd0,
    0x10, 0xe, 0x30, 0x14, 0x2, 0x0, 0xe2, 0x3,
    0x15, 0x18, 0x0, 0x91, 0x2, 0x81, 0x64, 0xf9,
    0x37, 0x60, 0xa0, 0x0, 0xe3, 0x13, 0x2a, 0xb1,
    0x0,

    /* U+0037 "7" */
    0x5f, 0xff, 0xe0, 0x65, 0x5f, 0x18, 0x20, 0x1d,
    0x57, 0x9c, 0x38, 0x3, 0xe1, 0x41, 0x50, 0xf,
    0xa4, 0x18, 0x3, 0xf3, 0x5, 0x0, 0x7c, 0xa2,
    0x84, 0x1, 0xf7, 0x7, 0x0, 0x7c, 0x48, 0x2a,
    0x1, 0xf5, 0x3, 0x0, 0x7e, 0x60, 0xa0, 0xf,
    0x94, 0x50, 0x80, 0x3e, 0xe0, 0xe0, 0xf, 0x89,
    0x5, 0x40, 0x38,

    /* U+0038 "8" */
    0x0, 0x2d, 0xf7, 0xed, 0x18, 0x5, 0x34, 0x88,
    0x66, 0x2e, 0x28, 0x13, 0xf, 0x54, 0xdd, 0x82,
    0xc1, 0x81, 0x44, 0x2, 0x40, 0x10, 0x50, 0x51,
    0x0, 0x90, 0x14, 0x6, 0x7, 0xea, 0x2e, 0xc9,
    0x60, 0x7, 0xa1, 0x57, 0x42, 0xe1, 0x0, 0x3d,
    0x3e, 0xfe, 0x35, 0x40, 0x24, 0x2c, 0x10, 0x1d,
    0x8b, 0x8e, 0x86, 0x0, 0x72, 0x2, 0x80, 0x4,
    0x3, 0x98, 0x1, 0x81, 0x22, 0x1, 0x21, 0x82,
    0x2a, 0xf, 0x54, 0xdd, 0x82, 0x40, 0x17, 0x6,
    0xac, 0xa9, 0x6c, 0x0,

    /* U+0039 "9" */
    0x0, 0x36, 0x7f, 0xb5, 0xc0, 0x34, 0xc8, 0x95,
    0x82, 0x28, 0x0, 0x8c, 0x3f, 0x53, 0xa8, 0xac,
    0x1a, 0x10, 0x20, 0x14, 0x85, 0x1, 0x1, 0x0,
    0x62, 0x3, 0x11, 0x1, 0x0, 0x62, 0x0, 0x17,
    0x85, 0x88, 0x5, 0x0, 0x7, 0x54, 0x2f, 0x99,
    0x6a, 0x90, 0x5, 0x70, 0x4c, 0xd6, 0x8, 0x38,
    0x1, 0xf3, 0xfd, 0x66, 0x60, 0x30, 0xf, 0x9c,
    0x14, 0x0, 0x40, 0x19, 0x60, 0x20, 0x1, 0xdc,
    0xba, 0xda, 0xb, 0x20, 0x5, 0x12, 0xa8, 0x1b,
    0x50, 0x0,

    /* U+003A ":" */
    0xaf, 0x60, 0xb, 0xa1, 0x10, 0xe4, 0x1, 0xfc,
    0x8e, 0x5d, 0x8, 0x1, 0x0,

    /* U+003B ";" */
    0x4, 0x72, 0xe, 0x84, 0x0, 0xea, 0xf6, 0x0,
    0xff, 0xe2, 0xbd, 0xa0, 0x6a, 0x10, 0x30, 0x20,
    0x9b, 0x12, 0x4, 0x0,

    /* U+003C "<" */
    0x0, 0xff, 0xe0, 0x10, 0x7, 0xf2, 0x57, 0xc0,
    0x7, 0x8e, 0x7a, 0xd5, 0x38, 0x2, 0x28, 0xdc,
    0x62, 0x9e, 0xb4, 0x17, 0xcd, 0x70, 0x8d, 0xc6,
    0x10, 0x6, 0x41, 0x3e, 0xe9, 0xc8, 0x3, 0x98,
    0x5, 0x54, 0x20, 0x1f, 0x5e, 0xc0, 0x47, 0x63,
    0x8, 0x7, 0x13, 0xee, 0x39, 0x4f, 0x5b, 0x8,
    0x7, 0x1c, 0x75, 0xb2, 0x4f, 0x38, 0x7, 0xc9,
    0x3f, 0x49, 0xc0, 0x1f, 0xe5, 0xb9,

    /* U+003D "=" */
    0x89, 0x9f, 0xf9, 0x9b, 0xff, 0x83, 0x9d, 0xff,
    0xff, 0x50, 0x7, 0xff, 0x6, 0x2a, 0xbf, 0xe6,
    0x62, 0xaf, 0xfd, 0x80,

    /* U+003E ">" */
    0x30, 0xf, 0xfe, 0x6, 0xf4, 0x18, 0x7, 0xf4,
    0x1b, 0xe6, 0xb9, 0x0, 0x79, 0xb7, 0x4e, 0x11,
    0xb8, 0xc2, 0x1, 0xc5, 0x1b, 0x8c, 0x53, 0xd6,
    0xa0, 0x1e, 0x39, 0xeb, 0x54, 0xaa, 0x0, 0x7c,
    0x78, 0x80, 0xd, 0x0, 0xc5, 0x1b, 0x8e, 0x53,
    0xce, 0x2, 0xfb, 0xa7, 0x8, 0xec, 0x61, 0xb,
    0xe8, 0x37, 0xdd, 0x38, 0x80, 0x67, 0x6b, 0xe8,
    0x20, 0xf, 0xb2, 0x50, 0x3, 0xfc,

    /* U+003F "?" */
    0x6, 0xcf, 0xf6, 0xb8, 0x2, 0x24, 0x59, 0x4a,
    0x28, 0x37, 0x36, 0x6b, 0x41, 0x45, 0x4c, 0x2,
    0x22, 0x1, 0x80, 0x71, 0x91, 0x40, 0x18, 0xf0,
    0x7c, 0x3, 0x26, 0xe, 0x10, 0x6, 0xa0, 0xc2,
    0x0, 0xc2, 0x23, 0x20, 0xe, 0x30, 0xf, 0xc5,
    0x9c, 0x1, 0xe1, 0x47, 0x0, 0xf1, 0x44, 0x80,
    0x7f, 0xf0, 0x40,

    /* U+0040 "@" */
    0x0, 0xff, 0xe5, 0xa5, 0x77, 0xfd, 0x8e, 0x20,
    0x1f, 0x16, 0x5b, 0x4d, 0x5c, 0xb4, 0x7a, 0x80,
    0x71, 0xe0, 0xe6, 0x1d, 0x51, 0xab, 0x92, 0x98,
    0x2, 0x1d, 0x2c, 0x30, 0x0, 0x80, 0x6a, 0x79,
    0x40, 0x5, 0x86, 0x88, 0x2f, 0x73, 0xe9, 0x78,
    0xa1, 0x24, 0x5, 0x60, 0x41, 0x28, 0xe6, 0x4d,
    0x40, 0x14, 0x12, 0x38, 0x38, 0x2, 0x7, 0x59,
    0x98, 0x20, 0x11, 0x89, 0xf9, 0x8, 0x0, 0xdc,
    0x3, 0x30, 0x6, 0x3e, 0x36, 0x0, 0x8, 0x70,
    0x6, 0xe0, 0xc, 0x62, 0x6e, 0x0, 0x10, 0xf0,
    0xc, 0x20, 0x10, 0x8b, 0x78, 0xc0, 0x22, 0x50,
    0xd, 0x60, 0x14, 0xa, 0xa0, 0x20, 0x2, 0xca,
    0x8c, 0xa8, 0xc1, 0xe9, 0xa8, 0xc, 0xd0, 0x0,
    0x67, 0x5c, 0xd7, 0x90, 0xa6, 0xc4, 0x0, 0x79,
    0xc8, 0x2, 0x3a, 0xf3, 0x5f, 0x3b, 0xc, 0x2,
    0x39, 0x6a, 0x10, 0x14, 0x30, 0x13, 0x41, 0x0,
    0xe6, 0xb4, 0xe8, 0x42, 0x13, 0x7d, 0xa7, 0x0,
    0xf2, 0x7b, 0xad, 0xef, 0x64, 0xa6, 0xb0, 0x7,
    0xc3, 0x1b, 0xd9, 0x8d, 0xe9, 0x20, 0xc,

    /* U+0041 "A" */
    0x0, 0xe7, 0xff, 0x10, 0x7, 0xfa, 0x80, 0x14,
    0x1, 0xfc, 0x84, 0xc2, 0xc0, 0x1f, 0xdc, 0x14,
    0xc2, 0xa0, 0x1f, 0xa, 0x91, 0xd0, 0x70, 0x7,
    0xcc, 0x14, 0x4, 0x68, 0x40, 0x1e, 0xa0, 0x60,
    0x5, 0x5, 0x0, 0x72, 0x12, 0x8, 0x1, 0xc1,
    0x80, 0x3b, 0x83, 0x80, 0x21, 0x51, 0x50, 0x8,
    0x54, 0x2b, 0xff, 0x28, 0x70, 0x4, 0xc0, 0x6c,
    0xde, 0x14, 0x20, 0x5, 0x7, 0xcc, 0xf9, 0x82,
    0x81, 0x8, 0x86, 0x1, 0xea, 0x6, 0xe, 0xb,
    0x0, 0xf8, 0x90, 0x54,

    /* U+0042 "B" */
    0xf, 0xff, 0x6c, 0x90, 0x7, 0x33, 0x4a, 0xd,
    0xa4, 0x1, 0xa6, 0x6a, 0xd5, 0xb, 0x0, 0xfe,
    0xf0, 0x30, 0xf, 0xef, 0xd, 0x0, 0xd3, 0x3b,
    0x55, 0x4e, 0x1, 0x99, 0xb1, 0x13, 0xc0, 0x3b,
    0xff, 0x60, 0xd3, 0x80, 0x7e, 0x3d, 0x8, 0x10,
    0xf, 0xc2, 0x40, 0xa0, 0x1f, 0xc6, 0x1, 0xfe,
    0x61, 0x4, 0x0, 0xa6, 0x6a, 0xc9, 0x9, 0x0,
    0xcc, 0xd2, 0x92, 0xe3, 0x0,

    /* U+0043 "C" */
    0x0, 0x8a, 0x77, 0xfd, 0xd6, 0xa0, 0x13, 0xeb,
    0x2, 0xb2, 0xaa, 0xb0, 0x1e, 0x6, 0xf6, 0xa6,
    0xfa, 0x40, 0xa0, 0x31, 0x0, 0x39, 0xb2, 0x81,
    0x48, 0x3, 0xf1, 0x87, 0x80, 0x7f, 0x30, 0x30,
    0x7, 0xff, 0x25, 0x81, 0x80, 0x3f, 0x8c, 0x3c,
    0x3, 0xfa, 0x81, 0x48, 0x3, 0xf1, 0x40, 0x62,
    0x0, 0x72, 0xe0, 0x3c, 0xd, 0xed, 0x4d, 0xf5,
    0x0, 0x4f, 0xac, 0xa, 0xca, 0xaa, 0xc0,

    /* U+0044 "D" */
    0xf, 0xfe, 0xec, 0x94, 0x0, 0xf9, 0x9a, 0x41,
    0x6b, 0xc2, 0x0, 0xe9, 0x9a, 0xb7, 0x48, 0x7e,
    0x20, 0x1f, 0xc5, 0x66, 0x52, 0x1, 0xff, 0x40,
    0x30, 0x7, 0xfc, 0x80, 0x22, 0x0, 0xff, 0x84,
    0xc, 0x3, 0xff, 0x9a, 0x20, 0x60, 0x1f, 0xe4,
    0x1, 0x10, 0x7, 0xfa, 0x1, 0x80, 0x3f, 0x8a,
    0xcc, 0xa4, 0x3, 0x4c, 0xd5, 0xba, 0x43, 0xf1,
    0x0, 0xcc, 0xd2, 0xb, 0x5e, 0x10, 0x0,

    /* U+0045 "E" */
    0xf, 0xff, 0xe3, 0x0, 0x95, 0x7e, 0x20, 0xa,
    0xab, 0xe1, 0x0, 0xff, 0xe6, 0xd5, 0x7a, 0x0,
    0x32, 0xaf, 0x98, 0x3, 0x7f, 0xfb, 0x80, 0x3f,
    0xfc, 0x95, 0x5f, 0x18, 0x4, 0xab, 0xf3, 0x0,

    /* U+0046 "F" */
    0xf, 0xff, 0xca, 0x1, 0x2a, 0xf9, 0x80, 0x2a,
    0xaf, 0x18, 0x7, 0xff, 0x2e, 0xab, 0x9c, 0x3,
    0x2a, 0xf6, 0x0, 0x6f, 0xfe, 0xb0, 0xf, 0xff,
    0x88,

    /* U+0047 "G" */
    0x0, 0x8a, 0x33, 0xbf, 0xb2, 0x8, 0x2, 0x7d,
    0x71, 0x46, 0x41, 0x7d, 0x50, 0x78, 0x1b, 0xda,
    0x9a, 0xdd, 0x31, 0x12, 0x3, 0x10, 0x3, 0x8a,
    0x5e, 0x81, 0x88, 0x3, 0xf8, 0xc3, 0x0, 0x3f,
    0xcc, 0xc, 0x1, 0x8a, 0x67, 0x40, 0x7, 0xce,
    0xcd, 0x95, 0x81, 0x80, 0x32, 0xff, 0xb8, 0x0,
    0x61, 0x80, 0x1f, 0xea, 0x6, 0x20, 0xf, 0xe2,
    0x80, 0xc4, 0x0, 0xe2, 0x0, 0x9d, 0xc3, 0x7b,
    0x53, 0x5b, 0x80, 0xa0, 0x8, 0xd7, 0x5, 0x64,
    0x17, 0xd8,

    /* U+0048 "H" */
    0xf, 0xf0, 0x7, 0xdd, 0xe2, 0x1, 0xff, 0xeb,
    0xaa, 0xf8, 0x40, 0x39, 0x57, 0xe0, 0xf, 0x7f,
    0xfc, 0x20, 0x1f, 0xff, 0xf0, 0xe,

    /* U+0049 "I" */
    0xf, 0xf0, 0x7, 0xff, 0x6c,

    /* U+004A "J" */
    0x0, 0xdf, 0xe0, 0xf, 0xff, 0xf8, 0x0, 0x40,
    0x22, 0x3, 0x0, 0xa8, 0x10, 0x2b, 0x1c, 0x2c,
    0x14, 0xd3, 0x8,

    /* U+004B "K" */
    0xf, 0xf0, 0x7, 0x17, 0x7b, 0x80, 0x7e, 0x3c,
    0x1a, 0x70, 0xf, 0x97, 0x6, 0xd4, 0x3, 0xe6,
    0xa1, 0xc4, 0x0, 0xf9, 0xe4, 0x70, 0xc0, 0x3e,
    0x98, 0x2f, 0x20, 0xf, 0xcc, 0x18, 0x20, 0x1f,
    0xc6, 0x14, 0x1, 0xfe, 0xc4, 0x46, 0x0, 0x7f,
    0xad, 0xf, 0x4, 0x3, 0xfa, 0xd4, 0xf0, 0x40,
    0x3f, 0xa9, 0x4b, 0x4, 0x3, 0xfa, 0x98, 0xb0,
    0x40, 0x3f, 0xa5, 0x8b, 0xc8,

    /* U+004C "L" */
    0xf, 0xf0, 0x7, 0xff, 0xfc, 0x3, 0xff, 0xdb,
    0x55, 0xf0, 0x6, 0x55, 0xf8, 0x0,

    /* U+004D "M" */
    0xf, 0xf8, 0x40, 0x3d, 0xbf, 0xe4, 0x0, 0xcc,
    0x1, 0xc6, 0x40, 0x1c, 0x25, 0x40, 0x1d, 0x40,
    0x80, 0x1d, 0x64, 0x80, 0x19, 0x94, 0x40, 0x39,
    0xc3, 0x80, 0x26, 0xe, 0x0, 0xf0, 0xaa, 0x84,
    0x1, 0x42, 0x80, 0x1f, 0x48, 0x30, 0x19, 0x98,
    0x3, 0xf1, 0x95, 0x5, 0x4, 0x80, 0x7f, 0x51,
    0x23, 0xa0, 0x80, 0x7f, 0x30, 0x50, 0xf0, 0x7,
    0xf8, 0x54, 0x44, 0xa0, 0x1f, 0xf4, 0x56, 0x80,
    0x7f, 0xf0, 0x9, 0x4c, 0x3, 0xff, 0x92,

    /* U+004E "N" */
    0xf, 0xf6, 0x80, 0x7b, 0xbc, 0x2, 0x27, 0x0,
    0xfe, 0x11, 0x48, 0x80, 0x7f, 0x48, 0xc8, 0x7,
    0xf3, 0x93, 0x90, 0x7, 0xf4, 0x4, 0x0, 0x7f,
    0x29, 0xa9, 0x80, 0x7f, 0x78, 0x78, 0x7, 0xf1,
    0xa1, 0xa0, 0x7, 0xf4, 0x84, 0x80, 0x7f, 0x13,
    0x13, 0x0, 0x7f, 0x40, 0x40, 0x80, 0x7e, 0x18,
    0x10, 0xf, 0xf3, 0x88, 0x0,

    /* U+004F "O" */
    0x0, 0x8e, 0x77, 0xfd, 0xb0, 0x20, 0x1d, 0x18,
    0xc2, 0xca, 0xf, 0xca, 0x1, 0x3b, 0x87, 0x31,
    0x35, 0xb4, 0x14, 0x80, 0x50, 0x18, 0x60, 0x19,
    0x64, 0x24, 0x28, 0x14, 0x80, 0x3c, 0xc4, 0x44,
    0x30, 0xf0, 0xf, 0xc8, 0x6, 0xc0, 0xc0, 0x1f,
    0xb8, 0x38, 0x3, 0xff, 0x84, 0xc0, 0xc0, 0x1f,
    0xb8, 0x38, 0xc3, 0xc0, 0x3f, 0x20, 0x1d, 0x2,
    0x90, 0x7, 0x98, 0x88, 0x84, 0xe1, 0x86, 0x1,
    0x96, 0x42, 0x40, 0x10, 0xe3, 0x98, 0x9a, 0xda,
    0xa, 0x40, 0xa, 0x31, 0x45, 0x94, 0x1f, 0x94,
    0x0,

    /* U+0050 "P" */
    0xf, 0xfe, 0xeb, 0x50, 0xe, 0x66, 0x89, 0x2a,
    0x0, 0x34, 0xcd, 0x96, 0xe, 0x40, 0x1f, 0x21,
    0x83, 0x80, 0x7f, 0xf1, 0x90, 0xc1, 0x0, 0x29,
    0x9b, 0x2c, 0x1c, 0x40, 0x26, 0x68, 0x92, 0xa0,
    0x3, 0x7f, 0xdd, 0x6a, 0x1, 0xff, 0xed,

    /* U+0051 "Q" */
    0x0, 0x8e, 0x77, 0xfd, 0xb0, 0x20, 0x1d, 0x18,
    0xc2, 0xca, 0xf, 0xc8, 0x1, 0x3b, 0x87, 0x31,
    0x35, 0xb2, 0x16, 0x60, 0x50, 0x18, 0x60, 0x19,
    0xa4, 0x38, 0x28, 0x14, 0x80, 0x3c, 0xc2, 0x46,
    0x60, 0xf0, 0xf, 0xce, 0x8, 0xc0, 0xc0, 0x1f,
    0xb8, 0x38, 0x3, 0xff, 0x84, 0xc0, 0xc0, 0x1f,
    0xb8, 0x4, 0xc3, 0xc0, 0x3f, 0x20, 0x6d, 0x2,
    0x90, 0x7, 0x98, 0x85, 0x4a, 0x3, 0xc, 0x3,
    0x2c, 0x84, 0x0, 0x1d, 0xc3, 0x98, 0x99, 0x6d,
    0x3, 0xb0, 0x5, 0x18, 0xa2, 0xcc, 0x21, 0xb8,
    0x0, 0xe3, 0xad, 0xff, 0x10, 0x88, 0x3, 0xfe,
    0xc1, 0xa4, 0x0, 0xff, 0xe, 0x39, 0x80, 0x0,

    /* U+0052 "R" */
    0xf, 0xfe, 0xec, 0x60, 0xf, 0x99, 0xa5, 0x39,
    0x90, 0x7, 0xa6, 0x6b, 0xb0, 0x31, 0x0, 0x7f,
    0x21, 0x83, 0x80, 0x7f, 0xf0, 0x4, 0x3, 0xf9,
    0xc, 0x14, 0x3, 0xa6, 0x6b, 0xb0, 0x48, 0x80,
    0x73, 0x34, 0x81, 0x2c, 0x1, 0xef, 0xfa, 0xc6,
    0x50, 0x3, 0xf9, 0x34, 0x28, 0x3, 0xfc, 0x6c,
    0x2e, 0x1, 0xfe, 0x80, 0x81, 0x0, 0xfe, 0x16,
    0x9, 0x0, 0xff, 0x40, 0x38, 0x80,

    /* U+0053 "S" */
    0x0, 0x36, 0x7f, 0xbb, 0x24, 0xc0, 0x19, 0x26,
    0x8c, 0xa2, 0xd0, 0xc, 0x66, 0xeb, 0x9b, 0xdd,
    0x78, 0x60, 0x48, 0x80, 0x62, 0x40, 0x30, 0x20,
    0xf, 0xd4, 0x11, 0x4, 0x10, 0xe, 0x3a, 0x17,
    0xbe, 0xd9, 0x30, 0x9, 0x7b, 0x21, 0x4d, 0xb2,
    0x0, 0x31, 0xbd, 0x75, 0x3, 0xa0, 0x7, 0xca,
    0xc1, 0x80, 0x1f, 0xf3, 0x28, 0x7, 0x1b, 0x86,
    0x62, 0xbe, 0xe6, 0xb3, 0x2, 0xa9, 0x72, 0xac,
    0xc5, 0x24, 0xaa, 0x0,

    /* U+0054 "T" */
    0x1f, 0xff, 0xfe, 0x2, 0xa, 0xaf, 0x0, 0x15,
    0x79, 0x82, 0xab, 0x84, 0x2e, 0xab, 0x10, 0x7,
    0xff, 0xfc, 0x3, 0xff, 0xfe, 0x1, 0x80,

    /* U+0055 "U" */
    0x4f, 0xb0, 0xf, 0xf, 0xf0, 0x7, 0xff, 0xfc,
    0x3, 0xff, 0x92, 0xe0, 0xe0, 0x1e, 0x30, 0x33,
    0x1, 0x88, 0x7, 0x20, 0x38, 0x28, 0x58, 0x6,
    0x28, 0xe, 0xb, 0x25, 0xea, 0x9b, 0xd1, 0x74,
    0x1, 0xd8, 0x25, 0x65, 0x4b, 0x80,

    /* U+0056 "V" */
    0xaf, 0x60, 0xf, 0xd7, 0xeb, 0xc1, 0x40, 0x1f,
    0x12, 0xa, 0xa1, 0x19, 0x80, 0x3d, 0x40, 0xc0,
    0xa, 0xa, 0x0, 0xf3, 0x5, 0x0, 0x18, 0x18,
    0x3, 0x90, 0x50, 0x80, 0x2, 0xa0, 0xc0, 0x1b,
    0xc3, 0x80, 0x37, 0x5, 0x0, 0x42, 0x82, 0xa0,
    0x19, 0x8, 0xc8, 0x0, 0xc0, 0xc0, 0x1e, 0xa0,
    0xa0, 0x5, 0x5, 0x0, 0x79, 0x81, 0x81, 0x9,
    0x8, 0x3, 0xc2, 0xa2, 0xbc, 0x1c, 0x1, 0xfb,
    0x82, 0x54, 0x54, 0x3, 0xf2, 0x11, 0x83, 0x0,
    0x7f, 0xa8, 0x1, 0x40, 0x1c,

    /* U+0057 "W" */
    0x3f, 0xc0, 0xe, 0x5f, 0xf1, 0x0, 0x77, 0xf8,
    0xc, 0x4c, 0x3, 0xb0, 0x0, 0x80, 0x19, 0x1,
    0x0, 0x8, 0x8, 0x1, 0x91, 0x3, 0x80, 0x1b,
    0x3, 0x0, 0x18, 0x18, 0x1, 0x11, 0x31, 0x10,
    0x1, 0x90, 0x10, 0x0, 0x80, 0xa0, 0x12, 0x2,
    0x60, 0x90, 0x4, 0x62, 0x60, 0x2, 0x12, 0x10,
    0x6, 0x1, 0xa0, 0x20, 0x1, 0x1, 0x0, 0x32,
    0x2, 0x0, 0x11, 0x0, 0x43, 0x80, 0xc, 0xc,
    0x0, 0xd8, 0x18, 0x4, 0x38, 0x0, 0x44, 0x0,
    0x14, 0x10, 0x3, 0x38, 0x20, 0x20, 0x20, 0x3,
    0x4, 0xc4, 0x84, 0x80, 0x30, 0x91, 0x7, 0x4,
    0xc0, 0x8, 0x8, 0x80, 0x40, 0xf, 0x20, 0x3a,
    0x28, 0x4, 0x43, 0x98, 0xf, 0x0, 0xf6, 0x5,
    0x8e, 0x80, 0x64, 0x48, 0x10, 0x3, 0xc8, 0x4,
    0x8, 0x1, 0xb0, 0x8, 0x82, 0x1, 0xe1, 0x20,
    0x12, 0x0, 0xc8, 0x0, 0x40, 0xc,

    /* U+0058 "X" */
    0x6, 0xfb, 0x0, 0xf5, 0xfb, 0x0, 0x19, 0x10,
    0xc0, 0x19, 0x91, 0xc, 0x1, 0x50, 0xc9, 0x0,
    0xa, 0x46, 0x80, 0x30, 0xd0, 0x70, 0x3, 0x82,
    0xc4, 0x3, 0x91, 0x8e, 0x20, 0x6c, 0xa0, 0x1f,
    0x49, 0x3b, 0x8a, 0x40, 0x3f, 0xac, 0x1, 0x20,
    0x1f, 0xeb, 0x0, 0x68, 0x7, 0xf4, 0x93, 0x1b,
    0x20, 0x7, 0xc8, 0xc5, 0x3c, 0x14, 0x20, 0x1c,
    0x34, 0x1e, 0x5, 0x3, 0x60, 0x1d, 0x63, 0x4,
    0x0, 0x73, 0x55, 0x0, 0x4a, 0xa3, 0x70, 0xd,
    0xc1, 0x62, 0x3, 0x41, 0xa0, 0x1c, 0x52, 0x34,
    0x0,

    /* U+0059 "Y" */
    0xb, 0xf6, 0x0, 0xf1, 0xfe, 0x80, 0x28, 0x64,
    0x80, 0x3b, 0x83, 0x80, 0x3, 0x41, 0xc0, 0x1a,
    0x4a, 0xc, 0x2, 0x46, 0x38, 0x0, 0x23, 0x1b,
    0x80, 0x74, 0x93, 0xa0, 0xd0, 0x70, 0x7, 0xdc,
    0x15, 0x41, 0x92, 0x0, 0xf8, 0xe0, 0x51, 0x58,
    0x3, 0xf9, 0xc4, 0x20, 0x3, 0xff, 0x82, 0x60,
    0x1f, 0xff, 0xf0,

    /* U+005A "Z" */
    0xe, 0xff, 0xff, 0x48, 0x32, 0xaf, 0xe0, 0x7,
    0x4, 0x55, 0x7c, 0x60, 0x8e, 0x1, 0xf9, 0xd8,
    0xac, 0x3, 0xf2, 0xc0, 0xe0, 0x7, 0xe3, 0xa0,
    0xd1, 0x0, 0xf8, 0x74, 0x28, 0xc0, 0x3f, 0x68,
    0xc2, 0x80, 0x7e, 0xa3, 0x57, 0x0, 0xfd, 0xa,
    0x74, 0x1, 0xf9, 0x9c, 0xb4, 0x3, 0xf1, 0xc8,
    0x78, 0x80, 0x7e, 0xd0, 0x28, 0xaa, 0xf9, 0xc4,
    0x40, 0x4a, 0xbf, 0xac,

    /* U+005B "[" */
    0x4f, 0xfb, 0x40, 0x9, 0x30, 0x0, 0x36, 0x50,
    0xf, 0xff, 0x98, 0x88, 0x0, 0xfd, 0x8b, 0x77,
    0x70,

    /* U+005C "\\" */
    0xdd, 0x0, 0x72, 0x91, 0x0, 0x35, 0x82, 0x80,
    0x63, 0x1b, 0x0, 0xe7, 0x31, 0x0, 0xda, 0xe,
    0x1, 0x90, 0x74, 0x3, 0x9d, 0x0, 0x3b, 0x41,
    0x40, 0x32, 0x7, 0x80, 0x72, 0xa8, 0x3, 0xbc,
    0x10, 0x3, 0x28, 0x68, 0x7, 0x23, 0x80, 0x76,
    0x8a, 0x0, 0x67, 0xd,

    /* U+005D "]" */
    0x1f, 0xfc, 0x22, 0x99, 0x10, 0x4, 0xcd, 0x0,
    0x7f, 0xff, 0xc4, 0x40, 0x10, 0xf7, 0x10, 0x0,
    0x37, 0x78, 0x40,

    /* U+005E "^" */
    0x0, 0xe6, 0x84, 0x0, 0xfe, 0x89, 0x7b, 0x50,
    0xf, 0xa1, 0xca, 0x82, 0x90, 0x3, 0x9d, 0xc7,
    0x8b, 0xa3, 0x68, 0x1, 0x34, 0x26, 0x8, 0x16,
    0x15, 0x98, 0x34, 0xb5, 0x80, 0x62, 0xc3, 0xc3,

    /* U+005F "_" */
    0x1, 0x1f, 0xf0, 0x1f, 0x77, 0xf8, 0xcd, 0x77,
    0xfe, 0x30,

    /* U+0060 "`" */
    0x17, 0x60, 0x8, 0x45, 0x2a, 0x1, 0x33, 0xd1,
    0x80, 0x50, 0xdc, 0x20,

    /* U+0061 "a" */
    0x6, 0xbd, 0xff, 0x62, 0x80, 0x52, 0xe8, 0xec,
    0x54, 0xe0, 0xe, 0xc9, 0x89, 0xe3, 0x81, 0x1,
    0x0, 0x84, 0x56, 0xa, 0x7, 0x7f, 0xee, 0xe4,
    0x1, 0x1e, 0x2b, 0xd5, 0xd9, 0xc0, 0x64, 0x2a,
    0x15, 0x11, 0xe0, 0x6, 0x4, 0x0, 0xd8, 0x0,
    0x60, 0x50, 0x9, 0x50, 0x1, 0x21, 0x54, 0x8b,
    0xa5, 0x0, 0x1d, 0x9a, 0xb8, 0x5f, 0x80, 0x0,

    /* U+0062 "b" */
    0x3f, 0xa0, 0xf, 0xff, 0x1, 0x5f, 0x7e, 0x20,
    0x6, 0x6d, 0x6, 0x61, 0xda, 0x80, 0x46, 0xf7,
    0x13, 0x81, 0x60, 0x10, 0xc0, 0x4, 0x6a, 0x2a,
    0x0, 0x50, 0xe, 0xc0, 0xd0, 0x0, 0x80, 0x71,
    0x0, 0x80, 0x4, 0x3, 0x88, 0x4, 0x0, 0xa0,
    0x1d, 0x81, 0xa0, 0x1, 0x80, 0x8, 0xd4, 0x54,
    0x0, 0x6f, 0x71, 0x38, 0x16, 0x1, 0x36, 0x83,
    0x30, 0xed, 0x40,

    /* U+0063 "c" */
    0x0, 0x1d, 0x77, 0xf5, 0xa8, 0x36, 0x2a, 0x3b,
    0x9a, 0x4a, 0x47, 0x6a, 0x27, 0x75, 0x61, 0x4,
    0x1, 0x85, 0x41, 0x0, 0x3c, 0x20, 0x40, 0x1e,
    0x10, 0x20, 0xf, 0x28, 0x20, 0x7, 0xac, 0x20,
    0x80, 0x30, 0x94, 0x8e, 0xd4, 0x4e, 0x50, 0x36,
    0x2a, 0x3b, 0xdc,

    /* U+0064 "d" */
    0x0, 0xfd, 0xdc, 0x0, 0xff, 0xea, 0x3e, 0xff,
    0x40, 0x6, 0x98, 0x37, 0x65, 0xc0, 0x2, 0x31,
    0x74, 0x43, 0x40, 0x43, 0x82, 0x0, 0x34, 0x0,
    0x1c, 0x10, 0x3, 0x20, 0x0, 0xc0, 0x40, 0x3e,
    0x30, 0x10, 0xf, 0x9c, 0x10, 0x3, 0x20, 0x3,
    0x82, 0x0, 0x34, 0x0, 0x11, 0x8b, 0x62, 0x1a,
    0x2, 0x0, 0x98, 0x7, 0x65, 0xc0, 0x0,

    /* U+0065 "e" */
    0x0, 0x1d, 0x77, 0xf5, 0x10, 0x4, 0xd8, 0x8e,
    0xe4, 0x5d, 0x30, 0x29, 0x4e, 0x98, 0xad, 0xe,
    0xb, 0x8, 0x11, 0xc6, 0x84, 0x2a, 0x19, 0xdd,
    0xc8, 0x4, 0x21, 0x77, 0xf8, 0xc0, 0xe, 0x89,
    0xf0, 0x20, 0x58, 0x7, 0xeb, 0x7, 0x40, 0xe,
    0x50, 0x29, 0xb, 0xb4, 0x42, 0xfe, 0x0, 0xd,
    0x8a, 0xa7, 0x66, 0xa4, 0x0,

    /* U+0066 "f" */
    0x0, 0x9f, 0x7f, 0xcc, 0x0, 0x68, 0x18, 0x82,
    0x80, 0x34, 0x35, 0xdc, 0x60, 0x6, 0x1, 0x0,
    0xa3, 0xc8, 0x3f, 0xe0, 0xba, 0x10, 0xaa, 0x80,
    0xd4, 0xc1, 0x56, 0x0, 0xff, 0xfa, 0x80,

    /* U+0067 "g" */
    0x0, 0x3e, 0xff, 0x48, 0x77, 0x2, 0x60, 0x1d,
    0x93, 0x0, 0x8, 0xc5, 0xb1, 0xd, 0x1, 0xe,
    0x9, 0x0, 0xd0, 0x0, 0x70, 0x50, 0xc, 0x80,
    0x3, 0x1, 0x0, 0xf8, 0xc0, 0x40, 0x3e, 0x70,
    0x50, 0xc, 0x80, 0xe, 0x8, 0x0, 0xd0, 0x0,
    0x45, 0x3d, 0x88, 0x68, 0x9, 0x85, 0x40, 0x3b,
    0x26, 0x88, 0x4, 0xfb, 0xfd, 0x26, 0xe, 0x2,
    0x1, 0xd2, 0x1e, 0x11, 0xb2, 0xf3, 0xc8, 0x85,
    0xd, 0x67, 0x86, 0x28, 0xb0,

    /* U+0068 "h" */
    0x3f, 0xa0, 0xf, 0xfe, 0xe0, 0xd7, 0x7e, 0x20,
    0x4, 0x3e, 0xce, 0xa7, 0x66, 0x0, 0x46, 0xc9,
    0xaa, 0x4, 0x0, 0x6, 0x0, 0x25, 0x5, 0x0,
    0x28, 0x7, 0x10, 0x80, 0x4, 0x3, 0xff, 0xda,

    /* U+0069 "i" */
    0x1f, 0xb0, 0x8, 0x72, 0x40, 0xc8, 0x7e, 0xc0,
    0x3f, 0xfa, 0x40,

    /* U+006A "j" */
    0x0, 0xf, 0xd8, 0x7, 0xc3, 0x92, 0x1, 0x19,
    0x0, 0x7, 0xec, 0x3, 0xff, 0xd0, 0x60, 0x20,
    0x6, 0x2, 0x24, 0x50, 0x5b, 0xb8, 0xe8, 0xc0,

    /* U+006B "k" */
    0x3f, 0xa0, 0xf, 0xff, 0x24, 0xfd, 0x0, 0x7d,
    0x4c, 0xca, 0x0, 0xe1, 0xc5, 0x89, 0x0, 0xe1,
    0xc3, 0xa7, 0x0, 0xe6, 0xf2, 0xb5, 0x0, 0xf1,
    0x9, 0xa8, 0x7, 0xc9, 0x7, 0xa2, 0x1, 0xf3,
    0xc1, 0xe0, 0x80, 0x7c, 0xf2, 0x58, 0x20, 0x1f,
    0x34, 0x96, 0x8, 0x7, 0xcd, 0x45, 0xe4,

    /* U+006C "l" */
    0x1f, 0xb0, 0xf, 0xfe, 0xf0,

    /* U+006D "m" */
    0x3f, 0xa2, 0xae, 0xfb, 0x20, 0x1a, 0xef, 0xc3,
    0x0, 0x87, 0x19, 0xd1, 0x18, 0x5e, 0xce, 0x87,
    0xa2, 0x0, 0x49, 0xc9, 0xb6, 0x1c, 0x7c, 0x9b,
    0x71, 0x60, 0x0, 0xb8, 0x5, 0x40, 0x9, 0x0,
    0xa8, 0x34, 0x0, 0x80, 0x18, 0x40, 0x80, 0x31,
    0x3, 0x0, 0x7c, 0x60, 0xe0, 0x1f, 0xff, 0xf0,
    0xf, 0xfe, 0x28,

    /* U+006E "n" */
    0x3f, 0xa1, 0xae, 0xfc, 0x40, 0x8, 0x7d, 0x9d,
    0x4e, 0xcc, 0x0, 0x8d, 0x93, 0x54, 0x8, 0x0,
    0xc, 0x0, 0x4a, 0xa, 0x0, 0x50, 0xe, 0x21,
    0x0, 0x8, 0x7, 0xff, 0xb4,

    /* U+006F "o" */
    0x0, 0x2e, 0x7f, 0xb5, 0xc0, 0x34, 0x51, 0x33,
    0x84, 0x60, 0x0, 0xdc, 0xbe, 0x63, 0x50, 0xdc,
    0x28, 0x2c, 0x40, 0x29, 0xa, 0x4, 0x7, 0x0,
    0xc4, 0x24, 0x26, 0x2, 0x1, 0xc4, 0x0, 0x30,
    0x10, 0xe, 0x20, 0x3, 0x82, 0x0, 0x62, 0x12,
    0x19, 0x8, 0x10, 0xa, 0x42, 0x80, 0xdc, 0xbe,
    0x63, 0x50, 0xdc, 0x1, 0x14, 0x4c, 0xe1, 0x18,
    0x0,

    /* U+0070 "p" */
    0x3f, 0xa2, 0xbe, 0xfc, 0x40, 0xc, 0xda, 0xc,
    0xc3, 0xb5, 0x0, 0x8d, 0xee, 0x27, 0x2, 0xc0,
    0x21, 0x80, 0x8, 0xd4, 0x54, 0x0, 0xa0, 0x1d,
    0x81, 0xa0, 0x1, 0x0, 0xe2, 0x1, 0x0, 0x8,
    0x7, 0x10, 0x8, 0x1, 0x40, 0x3b, 0x3, 0x40,
    0x3, 0x0, 0x11, 0xa8, 0xa8, 0x0, 0xde, 0xe2,
    0x70, 0x2c, 0x2, 0x6d, 0x6, 0x61, 0xda, 0x80,
    0x62, 0xbe, 0xfc, 0x40, 0xf, 0xfe, 0xb8,

    /* U+0071 "q" */
    0x0, 0x3e, 0xff, 0x40, 0x77, 0x2, 0x60, 0xdd,
    0x97, 0x0, 0x8, 0xc5, 0xd1, 0xd, 0x1, 0xe,
    0x8, 0x0, 0xd0, 0x0, 0x70, 0x40, 0xc, 0x80,
    0x3, 0x1, 0x0, 0xf8, 0xc0, 0x40, 0x3e, 0x70,
    0x40, 0xc, 0x80, 0xe, 0x8, 0x0, 0xd0, 0x0,
    0x46, 0x2d, 0x88, 0x68, 0x8, 0x2, 0x60, 0x1d,
    0x97, 0x0, 0x33, 0xef, 0xf4, 0x0, 0x7f, 0xf5,
    0x40,

    /* U+0072 "r" */
    0x3f, 0xa2, 0xae, 0xf3, 0x0, 0xe, 0x3a, 0x28,
    0x4, 0x8f, 0xb5, 0x43, 0x0, 0xc, 0x80, 0x79,
    0x40, 0x3e, 0x10, 0xf, 0xff, 0x8,

    /* U+0073 "s" */
    0x4, 0xbe, 0xfe, 0xc7, 0x5, 0xb5, 0x77, 0x82,
    0x82, 0x43, 0xe6, 0x27, 0x30, 0x1, 0xf8, 0x42,
    0x83, 0xe5, 0x44, 0x2, 0x6a, 0x26, 0xae, 0xc3,
    0x0, 0x2e, 0x7d, 0xb1, 0xe0, 0x80, 0x64, 0x97,
    0x4, 0x40, 0x7, 0x8, 0x2, 0xba, 0xa2, 0x16,
    0xc4, 0xb0, 0x8e, 0xf3, 0x46, 0x0,

    /* U+0074 "t" */
    0x2, 0xfa, 0x0, 0xff, 0xe4, 0x3e, 0x82, 0xff,
    0xca, 0xa8, 0x3, 0xaa, 0x9c, 0x94, 0x19, 0x56,
    0x20, 0xf, 0xfe, 0xe9, 0x3, 0x0, 0x78, 0xcd,
    0x4e, 0xe2, 0x0, 0x72, 0x22, 0x20, 0xe0,

    /* U+0075 "u" */
    0x4f, 0x80, 0xe, 0xfd, 0x0, 0xff, 0xf8, 0x38,
    0x10, 0x6, 0x30, 0x1, 0x82, 0x88, 0x5, 0xe0,
    0x13, 0x87, 0xcd, 0x73, 0x80, 0x50, 0xe0, 0xc8,
    0xd6, 0x0,

    /* U+0076 "v" */
    0x3f, 0xa0, 0xf, 0x6f, 0x89, 0x92, 0x88, 0x6,
    0x32, 0x51, 0xa, 0x7, 0x0, 0xd4, 0x1c, 0x0,
    0x60, 0xa0, 0xc, 0xe2, 0x80, 0x1, 0x43, 0x20,
    0x2, 0x8b, 0x0, 0x6e, 0xa, 0x0, 0x70, 0x50,
    0x6, 0x50, 0x60, 0x14, 0x22, 0x0, 0x73, 0xa,
    0x30, 0x50, 0x7, 0xa8, 0x3a, 0xc1, 0x80, 0x3c,
    0x64, 0xa6, 0x82, 0x1, 0xf5, 0x0, 0x38, 0x3,
    0x0,

    /* U+0077 "w" */
    0xf, 0xc0, 0xd, 0xfe, 0x50, 0x9, 0xbd, 0x80,
    0xcc, 0x1, 0x20, 0x3, 0xc0, 0x2c, 0x7, 0x4,
    0x4, 0x0, 0x60, 0x22, 0x0, 0x24, 0x21, 0xb,
    0xc, 0x0, 0x21, 0xe8, 0x90, 0x18, 0xa0, 0x0,
    0xc1, 0x40, 0x6, 0x88, 0x4, 0x4, 0xc, 0x0,
    0x90, 0x85, 0x3, 0x8, 0x70, 0x30, 0x10, 0x2,
    0xc0, 0x4d, 0x4, 0x4, 0x40, 0x21, 0x8, 0x4,
    0x81, 0x88, 0x80, 0x6, 0xb, 0x82, 0x0, 0x63,
    0x17, 0x2c, 0x0, 0x38, 0x48, 0x68, 0x7, 0x28,
    0x82, 0x0, 0x4, 0x84, 0x10, 0x3, 0xb4, 0x0,
    0x60, 0x12, 0x1, 0x80, 0x40,

    /* U+0078 "x" */
    0xb, 0xf6, 0x0, 0xd1, 0xf2, 0x0, 0xa1, 0x93,
    0x0, 0x23, 0x94, 0x80, 0x7, 0x43, 0x80, 0x68,
    0x3c, 0x3, 0x1c, 0x15, 0x50, 0x64, 0x80, 0x39,
    0xd1, 0x51, 0x58, 0x3, 0xed, 0x0, 0x48, 0x7,
    0xc5, 0x22, 0x1c, 0x1, 0xf7, 0x5, 0x39, 0x48,
    0x7, 0x49, 0xba, 0x41, 0xb2, 0x80, 0x4a, 0xc7,
    0x0, 0xd, 0x1a, 0x20, 0x1b, 0xe, 0x0, 0x86,
    0x83, 0x80,

    /* U+0079 "y" */
    0x3f, 0xb0, 0xf, 0x6f, 0x89, 0x99, 0x4, 0x3,
    0x21, 0x28, 0x85, 0x4, 0x80, 0x6e, 0x9, 0x0,
    0x30, 0xb0, 0x4, 0x2a, 0x46, 0x1, 0x30, 0xa0,
    0x1, 0x82, 0xc0, 0x35, 0x7, 0x80, 0x28, 0x18,
    0x3, 0x12, 0x20, 0x50, 0x98, 0x3, 0xdc, 0x13,
    0xc1, 0x40, 0x1e, 0x51, 0x65, 0x33, 0x0, 0x7d,
    0x22, 0x14, 0x1, 0xf9, 0x80, 0xc, 0x1, 0xf9,
    0x41, 0x80, 0x3f, 0xbc, 0x2c, 0x3, 0xc6, 0xf6,
    0x8a, 0x40, 0x1e, 0x58, 0x55, 0x58, 0x7, 0x80,

    /* U+007A "z" */
    0xe, 0xff, 0xfa, 0x82, 0xe6, 0x78, 0xc0, 0xc1,
    0x59, 0xb1, 0x19, 0x48, 0x7, 0x1d, 0x8f, 0x80,
    0x70, 0xe8, 0x69, 0x0, 0x76, 0x8d, 0x18, 0x7,
    0x51, 0xc2, 0x80, 0x74, 0x2a, 0x9c, 0x3, 0x99,
    0xce, 0x80, 0x38, 0x64, 0x2d, 0x9b, 0x90, 0xc0,
    0x11, 0x33, 0xdc,

    /* U+007B "{" */
    0x0, 0xcb, 0x9f, 0xe3, 0x0, 0x8a, 0x89, 0xe4,
    0x80, 0x24, 0x9, 0x86, 0x10, 0x8, 0x40, 0x80,
    0x3f, 0xf9, 0x9c, 0x2, 0x1, 0x89, 0x58, 0x50,
    0x2, 0x8d, 0xa2, 0xc0, 0xd, 0x54, 0x62, 0x90,
    0xc, 0x4b, 0x28, 0x82, 0x0, 0xf1, 0x83, 0x0,
    0x7b, 0xc0, 0x40, 0x3f, 0xf9, 0x82, 0x6, 0x1,
    0xe5, 0xb, 0x31, 0x0, 0xc6, 0xc5, 0x9c, 0x60,
    0x1a, 0x7b, 0x2c, 0xc0,

    /* U+007C "|" */
    0x7f, 0x30, 0xf, 0xff, 0x52, 0x39, 0x0,

    /* U+007D "}" */
    0x8f, 0xeb, 0x30, 0xd, 0x72, 0xe9, 0xa0, 0x18,
    0xda, 0x4c, 0x44, 0x1, 0xe6, 0x3, 0x0, 0xff,
    0xe1, 0x98, 0x7, 0xe1, 0x6, 0x0, 0xf6, 0x4,
    0xa0, 0x80, 0x64, 0xa2, 0xbe, 0x30, 0x8, 0x6c,
    0x62, 0xcc, 0x2, 0x61, 0x87, 0x40, 0xd, 0xc0,
    0xa0, 0x1e, 0x30, 0x10, 0xf, 0xfe, 0x60, 0x81,
    0x80, 0x62, 0x54, 0x11, 0x0, 0x51, 0xb4, 0x16,
    0x1, 0xaa, 0xf3, 0xd4, 0x3, 0x0,

    /* U+007E "~" */
    0x0, 0xff, 0xe1, 0x36, 0x7f, 0x52, 0x0, 0x66,
    0x9b, 0x90, 0x55, 0xaf, 0xaa, 0x76, 0x78, 0x33,
    0x15, 0x7d, 0x24, 0xac, 0xcb, 0x7b, 0x30, 0x8,
    0x5b, 0x3f, 0xd6, 0x80,

    /* U+00A0 " " */

    /* U+00A1 "¡" */
    0xff, 0x0, 0x26, 0x19, 0xe6, 0x48, 0xe6, 0x2,
    0x20, 0xf, 0xfe, 0x0,

    /* U+00A2 "¢" */
    0x0, 0xff, 0xe1, 0xb5, 0x0, 0x7f, 0xf3, 0x9f,
    0x25, 0x7a, 0x88, 0x1, 0x90, 0x28, 0x6e, 0x8e,
    0x12, 0x6b, 0xba, 0x69, 0xe4, 0x6, 0xb, 0x0,
    0xe1, 0x30, 0x41, 0x0, 0xf3, 0x81, 0x0, 0x7f,
    0x10, 0x7, 0xca, 0xa, 0x1, 0xf0, 0xa0, 0xb8,
    0x7, 0xd4, 0x31, 0x5e, 0x2d, 0x6a, 0x3, 0xea,
    0xa6, 0x49, 0x66, 0x0, 0x6, 0xbe, 0x13, 0xb4,
    0xc0, 0x38, 0x46, 0x0, 0xf8, 0xcc, 0x1, 0x0,

    /* U+00A3 "£" */
    0x0, 0xcf, 0xbf, 0xd8, 0xc0, 0x15, 0x41, 0xb3,
    0x85, 0x0, 0x9, 0x47, 0xe6, 0x59, 0xa0, 0x7,
    0x4, 0x10, 0x8, 0x40, 0x6, 0x4, 0x1, 0xf0,
    0x80, 0x7e, 0x10, 0x8, 0x46, 0x0, 0x37, 0x40,
    0x3f, 0x74, 0xa0, 0xf6, 0xc0, 0xb7, 0x72, 0x0,
    0xa7, 0x1, 0x22, 0x42, 0x1, 0xff, 0xc9, 0x7a,
    0xb0, 0x5a, 0xad, 0x38, 0xa6, 0x4, 0xab, 0x98,

    /* U+00A4 "¤" */
    0x0, 0xff, 0x8, 0x2, 0xb0, 0x3, 0xc5, 0xee,
    0x18, 0x78, 0xfb, 0xf8, 0xf8, 0x8, 0xd, 0x27,
    0xc, 0xc0, 0x81, 0xd3, 0x0, 0xd5, 0x73, 0x8c,
    0x2, 0x1, 0x69, 0x28, 0x5, 0x0, 0xa0, 0x1f,
    0xfc, 0x3d, 0x25, 0x0, 0xa0, 0x14, 0x3, 0xaa,
    0xe3, 0x18, 0x4, 0x0, 0xd2, 0x6e, 0xce, 0x12,
    0x3a, 0x61, 0xa7, 0x91, 0xbf, 0x8d, 0x80, 0xa1,
    0x78, 0x1, 0xe2, 0xe6,

    /* U+00A5 "¥" */
    0xd, 0xe0, 0xf, 0x27, 0xc8, 0x48, 0xc8, 0x7,
    0x48, 0xc0, 0x22, 0xb1, 0x0, 0x4e, 0x56, 0x20,
    0xb, 0xe, 0x0, 0xc, 0x22, 0x80, 0x43, 0x26,
    0xc1, 0x61, 0x20, 0x15, 0xfc, 0x84, 0x2a, 0x83,
    0x7d, 0x82, 0x73, 0x14, 0x34, 0x39, 0x93, 0x81,
    0x19, 0x95, 0x2, 0xc, 0xe1, 0xb, 0xff, 0x90,
    0x27, 0xfe, 0x60, 0x9c, 0xc9, 0x2, 0x33, 0x27,
    0x2, 0x33, 0x84, 0x8, 0xce, 0x10, 0xf, 0xfe,
    0xc0,

    /* U+00A6 "¦" */
    0x7f, 0x30, 0xf, 0xfe, 0x33, 0x59, 0x8a, 0x0,
    0xa0, 0x35, 0x98, 0x7, 0xff, 0x18,

    /* U+00A7 "§" */
    0x0, 0x1d, 0xf7, 0xec, 0x80, 0x43, 0x88, 0xd2,
    0x8e, 0x20, 0x7, 0x9, 0x86, 0x9e, 0x10, 0x1,
    0x86, 0x0, 0x7c, 0xa8, 0xb8, 0x40, 0x1c, 0x6a,
    0x85, 0xb2, 0x1, 0xb9, 0x6f, 0x9d, 0xb8, 0x80,
    0x4, 0x60, 0x8, 0xc1, 0xe0, 0x1, 0x31, 0x0,
    0xd, 0x8c, 0x1, 0x23, 0xae, 0x0, 0x22, 0x0,
    0x13, 0x92, 0x36, 0x93, 0x80, 0x21, 0xbb, 0x2,
    0xb1, 0x80, 0x72, 0x69, 0xb2, 0x0, 0x7d, 0x40,
    0x40, 0x3, 0x84, 0x24, 0xb0, 0x40, 0x9, 0xaf,
    0x6c, 0xe8, 0x80, 0x7, 0xdb, 0x7b, 0xca, 0x0,

    /* U+00A8 "¨" */
    0xdf, 0x11, 0x7e, 0x98, 0x6, 0x30,

    /* U+00A9 "©" */
    0x0, 0xc3, 0x1b, 0xdc, 0xd8, 0x10, 0xf, 0x9b,
    0xc3, 0xfb, 0x9e, 0x1e, 0xc0, 0x1c, 0xf5, 0xf0,
    0x40, 0x2, 0x8f, 0xa7, 0x0, 0x92, 0xb4, 0x52,
    0xfb, 0x9b, 0x3, 0xb4, 0x60, 0x8, 0x80, 0xb5,
    0x85, 0x6c, 0x80, 0x6, 0x20, 0x2, 0x4a, 0x12,
    0x96, 0x86, 0x90, 0x0, 0x54, 0x12, 0x20, 0x20,
    0x68, 0x7, 0xe2, 0x30, 0xe, 0x30, 0xf, 0xf1,
    0x10, 0x14, 0x3c, 0x3, 0xf1, 0x18, 0x92, 0x8b,
    0xac, 0x8, 0xa, 0x80, 0x15, 0x4, 0x22, 0xc6,
    0x20, 0xdd, 0xfd, 0xc0, 0x1b, 0xf0, 0x2, 0x4e,
    0x13, 0xf7, 0x37, 0xec, 0x72, 0x50, 0x2, 0x7b,
    0xc8, 0x31, 0x22, 0x47, 0xdb, 0x80, 0x73, 0x78,
    0x77, 0xfc, 0x1e, 0xc0, 0x10,

    /* U+00AA "ª" */
    0x2a, 0xef, 0xd8, 0x0, 0x30, 0xd6, 0x53, 0xc0,
    0x25, 0xa1, 0xba, 0xb0, 0x7, 0xb4, 0x40, 0x67,
    0x7f, 0xd0, 0x3, 0x49, 0x39, 0xae, 0x0, 0x70,
    0x9, 0x18, 0x1, 0xc3, 0x7b, 0x92, 0x0, 0x2c,
    0xfe, 0xa7, 0xf1, 0x23, 0x3f, 0x4, 0x66, 0x78,
    0x40,

    /* U+00AB "«" */
    0x0, 0xff, 0xe1, 0x49, 0x0, 0x19, 0x40, 0x2b,
    0x63, 0x8, 0x91, 0x1, 0xc5, 0xc1, 0xa7, 0x94,
    0x2f, 0x2c, 0x3b, 0x5a, 0x60, 0x41, 0x62, 0x22,
    0x21, 0x40, 0xd, 0xf, 0x25, 0x69, 0x82, 0x0,
    0x7a, 0x6b, 0x4c, 0x2c, 0x10, 0x2, 0xe2, 0x91,
    0xf8, 0x20, 0x4, 0x78, 0x60, 0x3a, 0xe0,

    /* U+00AC "¬" */
    0x8a, 0xaf, 0xf9, 0x98, 0xab, 0xff, 0x67, 0x7f,
    0xff, 0x80, 0x3f, 0xfb, 0xa0,

    /* U+00AD "­" */
    0x9, 0x9e, 0x20, 0x66, 0xe1,

    /* U+00AE "®" */
    0x0, 0xc3, 0x1b, 0xdc, 0xd8, 0x10, 0xf, 0x9b,
    0xc3, 0xfb, 0x9e, 0x1e, 0xc0, 0x1c, 0xf5, 0xf0,
    0x40, 0x2, 0x8f, 0xa7, 0x0, 0x92, 0xb4, 0x7f,
    0xee, 0xc5, 0x1d, 0xa3, 0x0, 0x44, 0x4, 0x0,
    0xff, 0xcb, 0x42, 0x28, 0x80, 0x9, 0x28, 0x7,
    0xf9, 0x50, 0x48, 0x80, 0x19, 0xff, 0xcb, 0x62,
    0x0, 0x23, 0x0, 0xf3, 0xfa, 0x12, 0x80, 0x71,
    0x10, 0x3, 0xd4, 0x16, 0x1, 0x11, 0x89, 0x28,
    0x7, 0xc, 0x2a, 0x2, 0xa0, 0x84, 0x58, 0x83,
    0x68, 0x1, 0x9c, 0xc6, 0xfc, 0x0, 0x93, 0x85,
    0x2a, 0x1, 0x43, 0x64, 0xa0, 0x4, 0xf7, 0x90,
    0x60, 0x2, 0x8f, 0xb7, 0x0, 0xe6, 0xf0, 0xef,
    0xf8, 0x3d, 0x80, 0x20,

    /* U+00AF "¯" */
    0x11, 0xf7, 0xf7, 0x6f, 0xab, 0xbd, 0x40,

    /* U+00B0 "°" */
    0x0, 0xff, 0x4f, 0x72, 0x0, 0x29, 0x4b, 0xb2,
    0xc8, 0x1, 0xa5, 0x55, 0x2c, 0x1, 0x38, 0x1,
    0xc0, 0x24, 0xf2, 0x27, 0xa0, 0x2, 0x83, 0x74,
    0x14, 0x0, 0x1c, 0xee, 0x60, 0x80,

    /* U+00B1 "±" */
    0x0, 0xff, 0xe3, 0x3f, 0x98, 0x7, 0xff, 0x4e,
    0x2a, 0xb5, 0x84, 0x55, 0x66, 0x62, 0xae, 0x30,
    0x45, 0x5d, 0x9d, 0xff, 0xa0, 0x33, 0xff, 0x50,
    0x7, 0xff, 0x81, 0xfc, 0xc0, 0x3a, 0x2a, 0xbf,
    0xe6, 0x62, 0xaf, 0xfd, 0x80,

    /* U+00B2 "²" */
    0x9, 0xdf, 0xe8, 0x0, 0xf, 0x72, 0x1d, 0xc1,
    0x6, 0x2c, 0x5c, 0x1, 0x98, 0xac, 0x2, 0x59,
    0xa2, 0x0, 0x3d, 0x5a, 0x80, 0x26, 0x29, 0x88,
    0x44, 0xc1, 0x5b, 0xb0,

    /* U+00B3 "³" */
    0x8, 0xef, 0xea, 0x10, 0xcc, 0x76, 0xa5, 0x82,
    0x10, 0x91, 0x80, 0x4d, 0xfc, 0xd6, 0x0, 0x6d,
    0xb5, 0x90, 0x8, 0x91, 0x9c, 0x18, 0x85, 0x19,
    0x3, 0x73, 0xa9, 0xe8,

    /* U+00B4 "´" */
    0x0, 0x99, 0xc0, 0x26, 0x91, 0x0, 0x1c, 0xc3,
    0x0, 0xeb, 0x38, 0x0,

    /* U+00B5 "µ" */
    0x4f, 0x80, 0xe, 0xfd, 0x0, 0xff, 0xff, 0x80,
    0x80, 0x62, 0x0, 0xf3, 0x8, 0x5, 0x60, 0x60,
    0x18, 0x7e, 0xa7, 0x58, 0x45, 0x24, 0x0, 0x66,
    0x23, 0xe, 0x58, 0x20, 0x6, 0x8e, 0xfc, 0x35,
    0xfd, 0x20, 0xf, 0xfe, 0xc0,

    /* U+00B6 "¶" */
    0x0, 0x2e, 0x7f, 0xf4, 0x84, 0x51, 0x80, 0x23,
    0x48, 0x9, 0xc0, 0x31, 0x10, 0x0, 0x80, 0x1f,
    0xfc, 0x75, 0x0, 0xfe, 0x36, 0x0, 0xfe, 0x9a,
    0x30, 0xf, 0xcb, 0x9c, 0x1, 0xff, 0xff, 0x0,
    0xc3, 0xaa, 0x1f, 0x0,

    /* U+00B7 "·" */
    0x67, 0x1b, 0x82, 0x0, 0x80,

    /* U+00B8 "¸" */
    0x0, 0xe, 0x10, 0x0, 0x5a, 0x0, 0x40, 0xe,
    0x5d, 0xeb, 0x65, 0xdb, 0xec,

    /* U+00B9 "¹" */
    0x7d, 0xfe, 0x0, 0x1c, 0xb8, 0x4, 0x88, 0xf0,
    0xf, 0xfe, 0x50, 0xf8, 0x8, 0x9f, 0x9c, 0x7b,
    0xc0,

    /* U+00BA "º" */
    0x0, 0x2e, 0xff, 0x48, 0x4, 0xb4, 0x99, 0x6f,
    0x80, 0x8, 0x39, 0x35, 0xb3, 0x40, 0x24, 0x0,
    0x90, 0xc, 0x3, 0xfc, 0x48, 0x1, 0x20, 0x18,
    0x41, 0xc9, 0xad, 0x9a, 0x2, 0xd2, 0x65, 0xbe,
    0x80, 0x4b, 0xbf, 0xd2, 0x20, 0x2, 0x33, 0xf0,
    0x2, 0x33, 0x3c, 0x20,

    /* U+00BB "»" */
    0x0, 0xff, 0xc, 0x80, 0x54, 0x20, 0x19, 0xac,
    0x0, 0xf8, 0x40, 0x1, 0xc5, 0xd1, 0xc0, 0xc3,
    0x0, 0x1e, 0x7, 0x9e, 0xae, 0x28, 0x0, 0x94,
    0x50, 0x3c, 0x3c, 0x1, 0x2f, 0xc, 0xcb, 0x5a,
    0xb, 0x6a, 0x77, 0x4b, 0x50, 0xa, 0x5a, 0x85,
    0x44, 0x80, 0x5a, 0x80, 0xe, 0x70, 0x8,

    /* U+00BC "¼" */
    0x3, 0x55, 0x0, 0x7e, 0x45, 0x0, 0xd5, 0xb7,
    0x60, 0xf, 0x8a, 0xc8, 0x3, 0x57, 0x48, 0x7,
    0xe9, 0x27, 0x0, 0xff, 0xe1, 0x2a, 0x70, 0x7,
    0xff, 0x8, 0x6d, 0x8c, 0x3, 0xff, 0x85, 0x1,
    0x20, 0x1f, 0xfc, 0x23, 0x6b, 0x0, 0xf9, 0xba,
    0x7, 0xb4, 0x1, 0xc8, 0xa0, 0x13, 0xf3, 0x3,
    0x7f, 0x73, 0xf0, 0x1c, 0xa8, 0x2, 0x40, 0x10,
    0x8, 0x47, 0x8a, 0x20, 0x20, 0x2, 0xf7, 0x0,
    0xfe, 0x93, 0x70, 0xb, 0xa4, 0x3, 0xf9, 0x93,
    0xc0, 0x2a, 0xa1, 0x0, 0x7e, 0x18, 0x73, 0x0,
    0x96, 0x7f, 0xc1, 0x36, 0x1, 0xac, 0x20, 0x3,
    0x77, 0x60, 0x8a, 0x0, 0x91, 0x68, 0x3, 0x84,
    0x71, 0x10, 0x40, 0x25, 0xe4, 0x0, 0xfe, 0xd5,
    0x0,

    /* U+00BD "½" */
    0x2, 0x55, 0x0, 0x7e, 0x35, 0x0, 0xd5, 0xb7,
    0x60, 0xf, 0x87, 0x8, 0x3, 0x5f, 0xc8, 0x7,
    0xeb, 0x27, 0x0, 0xc2, 0x1, 0xfc, 0x8b, 0x20,
    0x1f, 0xfc, 0x39, 0x54, 0x0, 0xff, 0xe1, 0x39,
    0x58, 0x7, 0xff, 0x8, 0xa2, 0x2, 0x1, 0xff,
    0xc2, 0x92, 0x73, 0xad, 0xd4, 0x88, 0x37, 0x40,
    0xf6, 0x82, 0xa4, 0x85, 0x6f, 0xca, 0x68, 0x37,
    0xf7, 0x3f, 0x2, 0xd5, 0x2, 0x5c, 0x92, 0x8c,
    0x0, 0x23, 0xd0, 0x36, 0x1, 0xc3, 0x2c, 0x1,
    0xe2, 0x79, 0x10, 0xc, 0x3a, 0x52, 0x1, 0xe9,
    0x36, 0x0, 0xc3, 0x8f, 0x80, 0x1e, 0x54, 0xf0,
    0xc, 0x5e, 0x96, 0x1, 0xf5, 0xb1, 0x80, 0x69,
    0x16, 0xff, 0x84, 0x2, 0x44, 0x40, 0x7, 0x56,
    0xef, 0x8,

    /* U+00BE "¾" */
    0x8, 0xce, 0xd8, 0x0, 0xfb, 0x28, 0x3, 0xb7,
    0xf2, 0x1e, 0x0, 0x39, 0x8e, 0x0, 0x39, 0x4c,
    0x95, 0xc, 0x3, 0xc, 0x39, 0x0, 0x7e, 0x25,
    0xe0, 0xd, 0x1, 0x0, 0x1f, 0x37, 0xea, 0xa0,
    0x4, 0x6d, 0x60, 0x1f, 0x9b, 0x6d, 0x74, 0x2,
    0xe4, 0x50, 0xf, 0xe2, 0x46, 0x30, 0x3, 0x14,
    0x80, 0x7e, 0x30, 0x1, 0x2a, 0x0, 0xcb, 0x90,
    0x4, 0x94, 0x80, 0xe, 0xff, 0x6b, 0xd0, 0x58,
    0xc0, 0x4, 0x72, 0xa4, 0x0, 0xdf, 0xef, 0xa1,
    0x35, 0xb0, 0x8, 0x7b, 0x80, 0x1e, 0x10, 0xb,
    0x91, 0x40, 0x2d, 0x83, 0x0, 0xfe, 0x72, 0x90,
    0xa, 0xad, 0x40, 0x3f, 0x86, 0x20, 0x40, 0x12,
    0xc7, 0xf8, 0x26, 0xc0, 0x3a, 0xc9, 0xc0, 0x37,
    0x76, 0x8, 0xa0, 0xc, 0x8b, 0x20, 0x1c, 0x23,
    0x88, 0x82, 0x1, 0x97, 0x90, 0x3, 0xfb, 0x54,
    0x0,

    /* U+00BF "¿" */
    0x0, 0x8b, 0xf0, 0x3, 0xff, 0x86, 0x71, 0x20,
    0x1e, 0x16, 0x40, 0xf, 0xf, 0x50, 0x7, 0xff,
    0xd, 0x40, 0x80, 0x38, 0x68, 0x28, 0x3, 0xe,
    0xc, 0x98, 0x6, 0xc2, 0x86, 0x0, 0xcc, 0x4a,
    0xe0, 0x1d, 0xe1, 0x80, 0x1e, 0xe0, 0xd0, 0xd,
    0x4, 0xc2, 0x9b, 0x35, 0xee, 0x3, 0xec, 0xc,
    0x8b, 0x64,

    /* U+00C0 "À" */
    0x0, 0xc5, 0xd4, 0x1, 0xff, 0x16, 0xab, 0x0,
    0x7f, 0xc7, 0x62, 0x1, 0xff, 0xc0, 0x47, 0x0,
    0xff, 0x9f, 0xfc, 0x40, 0x1f, 0xea, 0x0, 0x50,
    0x7, 0xf2, 0x13, 0xb, 0x0, 0x7f, 0x70, 0x53,
    0xa, 0x80, 0x7c, 0x2a, 0x47, 0x41, 0xc0, 0x1f,
    0x30, 0x50, 0x11, 0xa1, 0x0, 0x7a, 0x81, 0x80,
    0x14, 0x14, 0x1, 0xc8, 0x48, 0x20, 0x7, 0x6,
    0x0, 0xee, 0xe, 0x0, 0x85, 0x45, 0x40, 0x21,
    0x50, 0xaf, 0xfc, 0xa1, 0xc0, 0x13, 0x1, 0xb3,
    0x78, 0x50, 0x80, 0x14, 0x1f, 0x33, 0xe6, 0xa,
    0x4, 0x22, 0x18, 0x7, 0xa8, 0x18, 0x38, 0x2c,
    0x3, 0xe2, 0x41, 0x50,

    /* U+00C1 "Á" */
    0x0, 0xf0, 0xf5, 0x80, 0x7f, 0xda, 0x56, 0x1,
    0xfe, 0x2b, 0xd0, 0xf, 0xf8, 0x9c, 0x40, 0x3f,
    0xe7, 0xff, 0x10, 0x7, 0xfa, 0x80, 0x14, 0x1,
    0xfc, 0x84, 0xc2, 0xc0, 0x1f, 0xdc, 0x14, 0xc2,
    0xa0, 0x1f, 0xa, 0x91, 0xd0, 0x70, 0x7, 0xcc,
    0x14, 0x4, 0x68, 0x40, 0x1e, 0xa0, 0x60, 0x5,
    0x5, 0x0, 0x72, 0x12, 0x8, 0x1, 0xc1, 0x80,
    0x3b, 0x83, 0x80, 0x21, 0x51, 0x50, 0x8, 0x54,
    0x2b, 0xff, 0x28, 0x70, 0x4, 0xc0, 0x6c, 0xde,
    0x14, 0x20, 0x5, 0x7, 0xcc, 0xf9, 0x82, 0x81,
    0x8, 0x86, 0x1, 0xea, 0x6, 0xe, 0xb, 0x0,
    0xf8, 0x90, 0x54,

    /* U+00C2 "Â" */
    0x0, 0xe7, 0xff, 0x18, 0x7, 0xf2, 0xc6, 0x3e,
    0x88, 0x7, 0xe2, 0xc3, 0x88, 0x28, 0x7, 0xe7,
    0x30, 0x3, 0x20, 0x7, 0xf3, 0xff, 0x88, 0x3,
    0xfd, 0x40, 0xa, 0x0, 0xfe, 0x42, 0x61, 0x60,
    0xf, 0xee, 0xa, 0x61, 0x50, 0xf, 0x85, 0x48,
    0xe8, 0x38, 0x3, 0xe6, 0xa, 0x2, 0x34, 0x20,
    0xf, 0x50, 0x30, 0x2, 0x82, 0x80, 0x39, 0x9,
    0x4, 0x0, 0xe0, 0xc0, 0x1d, 0xc1, 0xc0, 0x10,
    0xa8, 0xa8, 0x4, 0x2a, 0x15, 0xff, 0x94, 0x38,
    0x2, 0x60, 0x36, 0x6f, 0xa, 0x10, 0x2, 0x83,
    0xe6, 0x7c, 0xc1, 0x40, 0x84, 0x43, 0x0, 0xf5,
    0x3, 0x7, 0x5, 0x80, 0x7c, 0x48, 0x2a,

    /* U+00C3 "Ã" */
    0x0, 0xd5, 0xd6, 0x69, 0xe0, 0x1f, 0x22, 0xe9,
    0xe5, 0xb8, 0x7, 0xc9, 0xa7, 0x1f, 0xd0, 0x1,
    0xf8, 0x80, 0x21, 0x0, 0xff, 0x3f, 0xf8, 0x80,
    0x3f, 0xd4, 0x0, 0xa0, 0xf, 0xe4, 0x26, 0x16,
    0x0, 0xfe, 0xe0, 0xa6, 0x15, 0x0, 0xf8, 0x54,
    0x8e, 0x83, 0x80, 0x3e, 0x60, 0xa0, 0x23, 0x42,
    0x0, 0xf5, 0x3, 0x0, 0x28, 0x28, 0x3, 0x90,
    0x90, 0x40, 0xe, 0xc, 0x1, 0xdc, 0x1c, 0x1,
    0xa, 0x8a, 0x80, 0x42, 0xa1, 0x5f, 0xf9, 0x43,
    0x80, 0x26, 0x3, 0x66, 0xf0, 0xa1, 0x0, 0x28,
    0x3e, 0x67, 0xcc, 0x14, 0x8, 0x44, 0x30, 0xf,
    0x50, 0x30, 0x70, 0x58, 0x7, 0xc4, 0x82, 0xa0,

    /* U+00C4 "Ä" */
    0x0, 0xdf, 0xc0, 0x7f, 0x60, 0x1f, 0x8, 0x4,
    0xe0, 0x1f, 0xc3, 0xfc, 0x9, 0xf6, 0x1, 0xff,
    0xcb, 0x7f, 0xf1, 0x0, 0x7f, 0xa8, 0x1, 0x40,
    0x1f, 0xc8, 0x4c, 0x2c, 0x1, 0xfd, 0xc1, 0x4c,
    0x2a, 0x1, 0xf0, 0xa9, 0x1d, 0x7, 0x0, 0x7c,
    0xc1, 0x40, 0x46, 0x84, 0x1, 0xea, 0x6, 0x0,
    0x50, 0x50, 0x7, 0x21, 0x20, 0x80, 0x1c, 0x18,
    0x3, 0xb8, 0x38, 0x2, 0x15, 0x15, 0x0, 0x85,
    0x42, 0xbf, 0xf2, 0x87, 0x0, 0x4c, 0x6, 0xcd,
    0xe1, 0x42, 0x0, 0x50, 0x7c, 0xcf, 0x98, 0x28,
    0x10, 0x88, 0x60, 0x1e, 0xa0, 0x60, 0xe0, 0xb0,
    0xf, 0x89, 0x5, 0x40,

    /* U+00C5 "Å" */
    0x0, 0xe9, 0xed, 0x50, 0xf, 0xe8, 0x4a, 0xba,
    0x30, 0xf, 0xc9, 0x68, 0xc8, 0x80, 0xf, 0xcd,
    0xa2, 0x6a, 0x40, 0x1f, 0xad, 0x7b, 0x11, 0x40,
    0x3f, 0x8, 0x4, 0x60, 0x1f, 0xca, 0x2a, 0x2c,
    0x1, 0xfd, 0xc1, 0x2c, 0xc, 0x1, 0xf0, 0xa1,
    0x1d, 0x5, 0x0, 0x7d, 0x21, 0x40, 0x46, 0x62,
    0x0, 0xf3, 0x2, 0x80, 0x28, 0x2c, 0x3, 0x90,
    0x50, 0x80, 0xe, 0xe, 0x1, 0xdc, 0x1c, 0x1,
    0xa, 0xa, 0x80, 0x42, 0xa1, 0x5f, 0xf9, 0x3,
    0x80, 0x26, 0x3, 0x66, 0xf0, 0xa1, 0x0, 0x28,
    0x3e, 0x67, 0xcc, 0x14, 0x8, 0x44, 0x30, 0xf,
    0x50, 0x30, 0x70, 0x58, 0x7, 0xc4, 0x82, 0xa0,

    /* U+00C6 "Æ" */
    0x0, 0xe1, 0xff, 0xff, 0xe0, 0x0, 0x79, 0x80,
    0xd0, 0x5, 0x57, 0xe0, 0xf, 0x48, 0x74, 0x1,
    0x55, 0x7c, 0x1, 0xca, 0x28, 0x40, 0x1f, 0xfc,
    0x39, 0xf, 0x0, 0xff, 0xe1, 0x99, 0x89, 0x0,
    0x22, 0xaa, 0xf3, 0x80, 0x69, 0xb, 0x0, 0xc2,
    0xab, 0xec, 0x0, 0x85, 0x45, 0x80, 0x31, 0xff,
    0xfa, 0xc0, 0x29, 0x6, 0x0, 0xff, 0xe2, 0x30,
    0x3f, 0xfd, 0x80, 0x1f, 0xf3, 0x9, 0x33, 0x64,
    0x0, 0xff, 0xac, 0x3a, 0x67, 0x40, 0x7, 0xf9,
    0x8, 0xcc, 0x1, 0xe2, 0xaa, 0xf8, 0xbc, 0x20,
    0x3, 0xe1, 0x55, 0xf8, 0x40,

    /* U+00C7 "Ç" */
    0x0, 0x8a, 0x77, 0xfd, 0xd6, 0xa0, 0x13, 0xeb,
    0x2, 0xb2, 0xaa, 0xb0, 0x1e, 0x6, 0xf6, 0xa6,
    0xfa, 0x40, 0xa0, 0x31, 0x0, 0x39, 0xb2, 0x81,
    0x48, 0x3, 0xf1, 0x87, 0x80, 0x7f, 0x30, 0x30,
    0x7, 0xff, 0x25, 0x81, 0x80, 0x3f, 0x8c, 0x3c,
    0x3, 0xfa, 0x81, 0x48, 0x3, 0xf1, 0x40, 0x62,
    0x0, 0x72, 0xe0, 0x3c, 0xd, 0xed, 0x4d, 0xf5,
    0x38, 0x1, 0xf5, 0x81, 0x59, 0x55, 0x56, 0x1,
    0x14, 0xef, 0x8d, 0x5a, 0x80, 0x7e, 0x4f, 0x0,
    0xf8, 0x50, 0xdc, 0x3, 0xf1, 0xd6, 0x4, 0x0,
    0x40,

    /* U+00C8 "È" */
    0x0, 0x9b, 0xd4, 0x3, 0xf3, 0x45, 0x10, 0x7,
    0xe7, 0x97, 0x0, 0xfe, 0x65, 0x0, 0xef, 0xff,
    0xe3, 0x0, 0x95, 0x7e, 0x20, 0xa, 0xab, 0xe1,
    0x0, 0xff, 0xe6, 0xd5, 0x7a, 0x0, 0x32, 0xaf,
    0x98, 0x3, 0x7f, 0xfb, 0x80, 0x3f, 0xfc, 0x95,
    0x5f, 0x18, 0x4, 0xab, 0xf3, 0x0,

    /* U+00C9 "É" */
    0x0, 0xe4, 0xf7, 0x0, 0xf8, 0xa9, 0xdc, 0x1,
    0xf3, 0xc4, 0x0, 0x3f, 0x2b, 0x0, 0x7b, 0xff,
    0xf8, 0xc0, 0x25, 0x5f, 0x88, 0x2, 0xaa, 0xf8,
    0x40, 0x3f, 0xf9, 0xb5, 0x5e, 0x80, 0xc, 0xab,
    0xe6, 0x0, 0xdf, 0xfe, 0xe0, 0xf, 0xff, 0x25,
    0x57, 0xc6, 0x1, 0x2a, 0xfc, 0xc0,

    /* U+00CA "Ê" */
    0x0, 0xd9, 0xfa, 0x1, 0xf4, 0x8f, 0xd, 0x80,
    0x70, 0xf6, 0xe, 0x60, 0x80, 0x30, 0xb8, 0x80,
    0x1c, 0x80, 0x2f, 0xff, 0xe3, 0x0, 0x95, 0x7e,
    0x20, 0xa, 0xab, 0xe1, 0x0, 0xff, 0xe6, 0xd5,
    0x7a, 0x0, 0x32, 0xaf, 0x98, 0x3, 0x7f, 0xfb,
    0x80, 0x3f, 0xfc, 0x95, 0x5f, 0x18, 0x4, 0xab,
    0xf3, 0x0,

    /* U+00CB "Ë" */
    0x0, 0x2f, 0xc8, 0x47, 0xb0, 0x7, 0x8c, 0x2,
    0x10, 0xc, 0xbf, 0x41, 0x1e, 0xe0, 0x1f, 0xfc,
    0x2f, 0xff, 0xe3, 0x0, 0x95, 0x7e, 0x20, 0xa,
    0xab, 0xe1, 0x0, 0xff, 0xe6, 0xd5, 0x7a, 0x0,
    0x32, 0xaf, 0x98, 0x3, 0x7f, 0xfb, 0x80, 0x3f,
    0xfc, 0x95, 0x5f, 0x18, 0x4, 0xab, 0xf3, 0x0,

    /* U+00CC "Ì" */
    0x1d, 0xc0, 0x0, 0xf9, 0x40, 0x0, 0xb7, 0xc4,
    0x0, 0x6e, 0x20, 0xf, 0xf0, 0x7, 0xff, 0xd8,

    /* U+00CD "Í" */
    0x0, 0x6e, 0x0, 0x28, 0x34, 0x4, 0xbc, 0x40,
    0x60, 0x80, 0x2f, 0xf0, 0x7, 0xff, 0xdc,

    /* U+00CE "Î" */
    0x0, 0x2f, 0xf9, 0x0, 0x7, 0x54, 0x9b, 0x20,
    0x5b, 0x56, 0xa7, 0x6, 0x40, 0x2, 0xa8, 0x2,
    0xff, 0x0, 0x7f, 0xff, 0xc0, 0x3f, 0xf8, 0xc0,

    /* U+00CF "Ï" */
    0xef, 0x1, 0xfd, 0x10, 0x1, 0x80, 0x3f, 0xc0,
    0x5f, 0xa0, 0x1f, 0xbf, 0xc0, 0x1f, 0xff, 0xf0,
    0xe,

    /* U+00D0 "Ð" */
    0x0, 0x7f, 0xf7, 0x6d, 0x28, 0x7, 0xe6, 0x69,
    0x1, 0x6b, 0x48, 0x3, 0xd3, 0x35, 0x6f, 0x29,
    0x60, 0x80, 0x7f, 0x86, 0x90, 0x6c, 0x3, 0xff,
    0x81, 0x20, 0xa0, 0x22, 0x0, 0x10, 0x88, 0x3,
    0x10, 0x81, 0xff, 0x0, 0x37, 0xb8, 0xa0, 0x18,
    0x81, 0xea, 0xc0, 0x15, 0x76, 0x40, 0xf, 0x91,
    0x0, 0x5, 0x44, 0x8, 0x6, 0x20, 0x70, 0xf,
    0xf8, 0x84, 0xc, 0x3, 0xfe, 0x90, 0x60, 0xf,
    0xf0, 0xd2, 0xc, 0x0, 0x74, 0xcd, 0x59, 0xca,
    0x58, 0x20, 0x1c, 0xcd, 0x20, 0xad, 0x69, 0x0,
    0x0,

    /* U+00D1 "Ñ" */
    0x0, 0x8b, 0x7a, 0x6, 0xa4, 0x3, 0xa1, 0xa8,
    0xf9, 0x68, 0x3, 0xae, 0x92, 0xfb, 0xcc, 0x3,
    0x84, 0x40, 0x1, 0x0, 0xef, 0xf6, 0x80, 0x7b,
    0xbc, 0x2, 0x27, 0x0, 0xfe, 0x11, 0x48, 0x80,
    0x7f, 0x48, 0xc8, 0x7, 0xf3, 0x93, 0x90, 0x7,
    0xf4, 0x4, 0x0, 0x7f, 0x29, 0xa9, 0x80, 0x7f,
    0x78, 0x78, 0x7, 0xf1, 0xa1, 0xa0, 0x7, 0xf4,
    0x84, 0x80, 0x7f, 0x13, 0x13, 0x0, 0x7f, 0x40,
    0x40, 0x80, 0x7e, 0x18, 0x10, 0xf, 0xf3, 0x88,
    0x0,

    /* U+00D2 "Ò" */
    0x0, 0xc5, 0x8, 0x1, 0xff, 0x10, 0xd9, 0x0,
    0x7f, 0xd2, 0x9e, 0x1, 0xff, 0xc0, 0xbd, 0x0,
    0xff, 0xe5, 0x9c, 0xef, 0xfb, 0x60, 0x40, 0x3a,
    0x31, 0x85, 0x94, 0x1f, 0x94, 0x2, 0x77, 0xe,
    0x62, 0x6b, 0x68, 0x29, 0x0, 0xa0, 0x30, 0xc0,
    0x32, 0xc8, 0x48, 0x50, 0x29, 0x0, 0x79, 0x88,
    0x88, 0x61, 0xe0, 0x1f, 0x90, 0xd, 0x81, 0x80,
    0x3f, 0x70, 0x70, 0x7, 0xff, 0x9, 0x81, 0x80,
    0x3f, 0x70, 0x71, 0x87, 0x80, 0x7e, 0x40, 0x3a,
    0x5, 0x20, 0xf, 0x31, 0x11, 0x9, 0xc3, 0xc,
    0x3, 0x2c, 0x84, 0x80, 0x21, 0xc7, 0x31, 0x35,
    0xb4, 0x14, 0x80, 0x14, 0x62, 0x8b, 0x28, 0x3f,
    0x28, 0x0,

    /* U+00D3 "Ó" */
    0x0, 0xf9, 0x9c, 0x3, 0xfe, 0x59, 0x20, 0xf,
    0xf1, 0x54, 0x28, 0x7, 0xf8, 0xbd, 0xc0, 0x3f,
    0xf9, 0x67, 0x3b, 0xfe, 0xd8, 0x10, 0xe, 0x8c,
    0x61, 0x65, 0x7, 0xe5, 0x0, 0x9d, 0xc3, 0x98,
    0x9a, 0xda, 0xa, 0x40, 0x28, 0xc, 0x30, 0xc,
    0xb2, 0x12, 0x14, 0xa, 0x40, 0x1e, 0x62, 0x22,
    0x18, 0x78, 0x7, 0xe4, 0x3, 0x60, 0x60, 0xf,
    0xdc, 0x1c, 0x1, 0xff, 0xc2, 0x60, 0x60, 0xf,
    0xdc, 0x1c, 0x61, 0xe0, 0x1f, 0x90, 0xe, 0x81,
    0x48, 0x3, 0xcc, 0x44, 0x42, 0x70, 0xc3, 0x0,
    0xcb, 0x21, 0x20, 0x8, 0x71, 0xcc, 0x4d, 0x6d,
    0x5, 0x20, 0x5, 0x18, 0xa2, 0xca, 0xf, 0xca,
    0x0,

    /* U+00D4 "Ô" */
    0x0, 0xe1, 0x87, 0x0, 0xff, 0xb0, 0xea, 0x40,
    0x3f, 0xa9, 0xaf, 0x11, 0xc0, 0x3f, 0x55, 0x80,
    0xeb, 0x80, 0x7f, 0xf2, 0x4e, 0x77, 0xfd, 0xb0,
    0x20, 0x1d, 0x18, 0xc2, 0xca, 0xf, 0xca, 0x1,
    0x3b, 0x87, 0x31, 0x35, 0xb4, 0x14, 0x80, 0x50,
    0x18, 0x60, 0x19, 0x64, 0x24, 0x28, 0x14, 0x80,
    0x3c, 0xc4, 0x44, 0x30, 0xf0, 0xf, 0xc8, 0x6,
    0xc0, 0xc0, 0x1f, 0xb8, 0x38, 0x3, 0xff, 0x84,
    0xc0, 0xc0, 0x1f, 0xb8, 0x38, 0xc3, 0xc0, 0x3f,
    0x20, 0x1d, 0x2, 0x90, 0x7, 0x98, 0x88, 0x84,
    0xe1, 0x86, 0x1, 0x96, 0x42, 0x40, 0x10, 0xe3,
    0x98, 0x9a, 0xda, 0xa, 0x40, 0xa, 0x31, 0x45,
    0x94, 0x1f, 0x94, 0x0,

    /* U+00D5 "Õ" */
    0x0, 0xd3, 0xd6, 0x69, 0xe0, 0x1f, 0x1b, 0x69,
    0xe5, 0xb8, 0x7, 0xc7, 0xa7, 0x1f, 0xd0, 0x1,
    0xf8, 0x80, 0x21, 0x0, 0xfc, 0x73, 0xbf, 0xed,
    0x81, 0x0, 0xe8, 0xc6, 0x16, 0x50, 0x7e, 0x50,
    0x9, 0xdc, 0x39, 0x89, 0xad, 0xa0, 0xa4, 0x2,
    0x80, 0xc3, 0x0, 0xcb, 0x21, 0x21, 0x40, 0xa4,
    0x1, 0xe6, 0x22, 0x21, 0x87, 0x80, 0x7e, 0x40,
    0x36, 0x6, 0x0, 0xfd, 0xc1, 0xc0, 0x1f, 0xfc,
    0x26, 0x6, 0x0, 0xfd, 0xc1, 0xc6, 0x1e, 0x1,
    0xf9, 0x0, 0xe8, 0x14, 0x80, 0x3c, 0xc4, 0x44,
    0x27, 0xc, 0x30, 0xc, 0xb2, 0x12, 0x0, 0x87,
    0x1c, 0xc4, 0xd6, 0xd0, 0x52, 0x0, 0x51, 0x8a,
    0x2c, 0xa0, 0xfc, 0xa0, 0x0,

    /* U+00D6 "Ö" */
    0x0, 0xdf, 0xe0, 0x3f, 0xc0, 0xf, 0xe1, 0x0,
    0x9c, 0x3, 0xf7, 0xf0, 0x1f, 0xd8, 0x7, 0xff,
    0x24, 0xe7, 0x7f, 0xdb, 0x2, 0x1, 0xd1, 0x8c,
    0x2c, 0xa0, 0xfc, 0xa0, 0x13, 0xb8, 0x73, 0x13,
    0x5b, 0x41, 0x48, 0x5, 0x1, 0x86, 0x1, 0x96,
    0x42, 0x42, 0x81, 0x48, 0x3, 0xcc, 0x44, 0x43,
    0xf, 0x0, 0xfc, 0x80, 0x6c, 0xc, 0x1, 0xfb,
    0x83, 0x80, 0x3f, 0xf8, 0x4c, 0xc, 0x1, 0xfb,
    0x83, 0x8c, 0x3c, 0x3, 0xf2, 0x1, 0xd0, 0x29,
    0x0, 0x79, 0x88, 0x88, 0x4e, 0x18, 0x60, 0x19,
    0x64, 0x24, 0x1, 0xe, 0x39, 0x89, 0xad, 0xa0,
    0xa4, 0x0, 0xa3, 0x14, 0x59, 0x41, 0xf9, 0x40,
    0x0,

    /* U+00D7 "×" */
    0x5, 0x20, 0xf, 0x94, 0x80, 0x6f, 0xc, 0x3,
    0x9a, 0xb8, 0x7, 0x47, 0x4c, 0x2, 0x69, 0x2d,
    0x0, 0x1e, 0xe, 0x18, 0x34, 0x96, 0x8, 0x4,
    0x78, 0x19, 0x32, 0x2c, 0x10, 0xe, 0x3c, 0x6,
    0x2c, 0x10, 0xf, 0x90, 0x0, 0x4a, 0x1, 0xf3,
    0xc1, 0xd8, 0xda, 0x0, 0x73, 0xc1, 0xe2, 0x60,
    0xda, 0x0, 0x51, 0x3, 0xc0, 0x1, 0x60, 0xda,
    0x0, 0x14, 0xf0, 0x3, 0x16, 0xf, 0x80, 0x33,
    0x0, 0x1e, 0x2f, 0xb0,

    /* U+00D8 "Ø" */
    0x0, 0xff, 0xe0, 0x10, 0x6, 0x39, 0xdf, 0xf6,
    0x38, 0x8b, 0x1c, 0x1, 0x18, 0xc2, 0xca, 0x31,
    0xf8, 0x4e, 0xe, 0xe1, 0xcc, 0x4d, 0x6c, 0x89,
    0x40, 0x14, 0x6, 0x18, 0x6, 0xd6, 0x8, 0xa,
    0x5, 0x20, 0xd, 0x45, 0x28, 0x67, 0x7, 0x80,
    0x69, 0x19, 0x2, 0x4, 0x60, 0x60, 0xa, 0x12,
    0xc0, 0x1c, 0x1c, 0x0, 0x70, 0x3, 0xb6, 0x0,
    0x5e, 0x0, 0x60, 0x10, 0x68, 0xd1, 0x0, 0x88,
    0x38, 0xc3, 0xd6, 0x68, 0xc0, 0x32, 0x1, 0xd0,
    0x2d, 0x42, 0x80, 0x67, 0x12, 0x42, 0x70, 0x2,
    0x0, 0x66, 0x80, 0x90, 0x26, 0x30, 0xcc, 0x4d,
    0x6c, 0x85, 0x20, 0x4a, 0xe6, 0xb0, 0xb2, 0x83,
    0xf2, 0x80, 0x2a, 0x80, 0x53, 0xbf, 0xed, 0x81,
    0x0, 0x80,

    /* U+00D9 "Ù" */
    0x0, 0xcc, 0xe0, 0x1f, 0xe5, 0x88, 0x0, 0x7f,
    0x1d, 0xba, 0x0, 0x7f, 0x27, 0xa0, 0x7, 0xff,
    0x11, 0x3e, 0xc0, 0x3c, 0x3f, 0xc0, 0x1f, 0xff,
    0xf0, 0xf, 0xfe, 0x4b, 0x83, 0x80, 0x78, 0xc0,
    0xcc, 0x6, 0x20, 0x1c, 0x80, 0xe0, 0xa1, 0x60,
    0x18, 0xa0, 0x38, 0x2c, 0x97, 0xaa, 0x6f, 0x45,
    0xd0, 0x7, 0x60, 0x95, 0x95, 0x2e, 0x0,

    /* U+00DA "Ú" */
    0x0, 0xf1, 0x41, 0x80, 0x7f, 0x79, 0x98, 0x3,
    0xf5, 0x5, 0x80, 0x7f, 0x56, 0x80, 0x7f, 0xf1,
    0x53, 0xec, 0x3, 0xc3, 0xfc, 0x1, 0xff, 0xff,
    0x0, 0xff, 0xe4, 0xb8, 0x38, 0x7, 0x8c, 0xc,
    0xc0, 0x62, 0x1, 0xc8, 0xe, 0xa, 0x16, 0x1,
    0x8a, 0x3, 0x82, 0xc9, 0x7a, 0xa6, 0xf4, 0x5d,
    0x0, 0x76, 0x9, 0x59, 0x52, 0xe0, 0x0,

    /* U+00DB "Û" */
    0x0, 0xe6, 0x83, 0x0, 0xfc, 0xd2, 0x3a, 0x40,
    0x1e, 0x48, 0xc9, 0x6f, 0x0, 0xf2, 0x71, 0x84,
    0x68, 0x7, 0xff, 0xd, 0x3e, 0xc0, 0x3c, 0x3f,
    0xc0, 0x1f, 0xff, 0xf0, 0xf, 0xfe, 0x4b, 0x83,
    0x80, 0x78, 0xc0, 0xcc, 0x6, 0x20, 0x1c, 0x80,
    0xe0, 0xa1, 0x60, 0x18, 0xa0, 0x38, 0x2c, 0x97,
    0xaa, 0x6f, 0x45, 0xd0, 0x7, 0x60, 0x95, 0x95,
    0x2e, 0x0,

    /* U+00DC "Ü" */
    0x0, 0xa7, 0xd8, 0x33, 0xcc, 0x3, 0x84, 0x2,
    0x70, 0xf, 0xa3, 0xd8, 0x2f, 0xcc, 0x3, 0xff,
    0x84, 0x9f, 0x60, 0x1e, 0x1f, 0xe0, 0xf, 0xff,
    0xf8, 0x7, 0xff, 0x25, 0xc1, 0xc0, 0x3c, 0x60,
    0x66, 0x3, 0x10, 0xe, 0x40, 0x70, 0x50, 0xb0,
    0xc, 0x50, 0x1c, 0x16, 0x4b, 0xd5, 0x37, 0xa2,
    0xe8, 0x3, 0xb0, 0x4a, 0xca, 0x97, 0x0,

    /* U+00DD "Ý" */
    0x0, 0xfa, 0xf8, 0x40, 0x3f, 0xce, 0x98, 0x20,
    0x1f, 0xf6, 0x10, 0x7, 0xfc, 0xe6, 0x1, 0xf5,
    0xfb, 0x0, 0x78, 0xff, 0x40, 0x14, 0x32, 0x40,
    0x1d, 0xc1, 0xc0, 0x1, 0xa0, 0xe0, 0xd, 0x25,
    0x6, 0x1, 0x23, 0x1c, 0x0, 0x11, 0x8d, 0xc0,
    0x3a, 0x49, 0xd0, 0x68, 0x38, 0x3, 0xee, 0xa,
    0xa0, 0xc9, 0x0, 0x7c, 0x70, 0x28, 0xac, 0x1,
    0xfc, 0xe2, 0x10, 0x1, 0xff, 0xc1, 0x30, 0xf,
    0xff, 0xf8,

    /* U+00DE "Þ" */
    0xf, 0xf0, 0x7, 0xff, 0x2a, 0x66, 0x85, 0x0,
    0xf3, 0x34, 0xf5, 0xc6, 0x1, 0xbf, 0xed, 0x41,
    0xd0, 0xf, 0x8a, 0xc4, 0x48, 0x1, 0xf9, 0x40,
    0x40, 0x3f, 0x28, 0x8, 0x7, 0x8a, 0xc4, 0x48,
    0x1, 0x7f, 0xda, 0x83, 0xa0, 0x19, 0x9a, 0x7a,
    0xe3, 0x0, 0xd3, 0x34, 0x28, 0x7, 0xff, 0x34,

    /* U+00DF "ß" */
    0x0, 0x25, 0xff, 0xb6, 0x0, 0x33, 0x5a, 0xb3,
    0x8b, 0xd0, 0x5, 0x1, 0x93, 0x18, 0xaa, 0x20,
    0x21, 0x42, 0x0, 0x9, 0x82, 0x0, 0x80, 0x80,
    0x1b, 0x96, 0x10, 0x3, 0x8a, 0x57, 0x1c, 0x80,
    0x39, 0xc3, 0x0, 0x3f, 0x30, 0x59, 0x0, 0x7c,
    0x6c, 0x5a, 0xe0, 0x1f, 0x4d, 0xc, 0x58, 0x7,
    0xcb, 0xc8, 0x87, 0x0, 0xfd, 0x1, 0xa0, 0x1f,
    0x98, 0xc, 0x2, 0x3d, 0x98, 0xaa, 0x5, 0x80,
    0x73, 0x3b, 0x97, 0x48,

    /* U+00E0 "à" */
    0x2, 0xec, 0x0, 0xf8, 0xb4, 0xe4, 0x3, 0xe3,
    0xb6, 0x50, 0xf, 0x92, 0xc8, 0x3, 0xf2, 0x38,
    0x7, 0x35, 0xef, 0xfb, 0x14, 0x2, 0x97, 0x47,
    0x62, 0xa7, 0x0, 0x76, 0x4c, 0x4f, 0x1c, 0x8,
    0x8, 0x4, 0x22, 0xb0, 0x50, 0x3b, 0xff, 0x77,
    0x20, 0x8, 0xf1, 0x5e, 0xae, 0xce, 0x3, 0x21,
    0x50, 0xa8, 0x8f, 0x0, 0x30, 0x20, 0x6, 0xc0,
    0x3, 0x2, 0x80, 0x4a, 0x80, 0x9, 0xa, 0xa4,
    0x5d, 0x28, 0x0, 0xec, 0xd5, 0xc2, 0xfc, 0x0,

    /* U+00E1 "á" */
    0x0, 0xe4, 0xfa, 0x0, 0xf0, 0xd2, 0x50, 0x7,
    0xb4, 0xac, 0x3, 0xc7, 0x7a, 0x1, 0xf1, 0xb8,
    0x80, 0x73, 0x5e, 0xff, 0xb1, 0x40, 0x29, 0x74,
    0x76, 0x2a, 0x70, 0x7, 0x64, 0xc4, 0xf1, 0xc0,
    0x80, 0x80, 0x42, 0x2b, 0x5, 0x3, 0xbf, 0xf7,
    0x72, 0x0, 0x8f, 0x15, 0xea, 0xec, 0xe0, 0x32,
    0x15, 0xa, 0x88, 0xf0, 0x3, 0x2, 0x0, 0x6c,
    0x0, 0x30, 0x28, 0x4, 0xa8, 0x0, 0x90, 0xaa,
    0x45, 0xd2, 0x80, 0xe, 0xcd, 0x5c, 0x2f, 0xc0,
    0x0,

    /* U+00E2 "â" */
    0x0, 0x93, 0xf4, 0x3, 0xea, 0x53, 0x80, 0xe,
    0xa2, 0xad, 0x73, 0x0, 0x87, 0x74, 0x7, 0x4a,
    0x1, 0xb, 0x88, 0x1, 0x58, 0x2, 0x6b, 0xdf,
    0xf6, 0x28, 0x5, 0x2e, 0x8e, 0xc5, 0x4e, 0x0,
    0xec, 0x98, 0x9e, 0x38, 0x10, 0x10, 0x8, 0x45,
    0x60, 0xa0, 0x77, 0xfe, 0xee, 0x40, 0x11, 0xe2,
    0xbd, 0x5d, 0x9c, 0x6, 0x42, 0xa1, 0x51, 0x1e,
    0x0, 0x60, 0x40, 0xd, 0x80, 0x6, 0x5, 0x0,
    0x95, 0x0, 0x12, 0x15, 0x48, 0xba, 0x50, 0x1,
    0xd9, 0xab, 0x85, 0xf8, 0x0,

    /* U+00E3 "ã" */
    0x0, 0x57, 0xe1, 0xaf, 0x80, 0x48, 0x8b, 0x6c,
    0xa7, 0x0, 0x97, 0x12, 0xbb, 0x60, 0x2, 0x12,
    0x0, 0x9, 0x0, 0x66, 0xbd, 0xff, 0x62, 0x80,
    0x52, 0xe8, 0xec, 0x54, 0xe0, 0xe, 0xc9, 0x89,
    0xe3, 0x81, 0x1, 0x0, 0x84, 0x56, 0xa, 0x7,
    0x7f, 0xee, 0xe4, 0x1, 0x1e, 0x2b, 0xd5, 0xd9,
    0xc0, 0x64, 0x2a, 0x15, 0x11, 0xe0, 0x6, 0x4,
    0x0, 0xd8, 0x0, 0x60, 0x50, 0x9, 0x50, 0x1,
    0x21, 0x54, 0x8b, 0xa5, 0x0, 0x1d, 0x9a, 0xb8,
    0x5f, 0x80, 0x0,

    /* U+00E4 "ä" */
    0x1, 0xfe, 0x4, 0xfb, 0x0, 0xe3, 0x0, 0x84,
    0x2, 0x1f, 0xd0, 0x4f, 0xa0, 0xf, 0xfe, 0xb,
    0x5e, 0xff, 0xb1, 0x40, 0x29, 0x74, 0x76, 0x2a,
    0x70, 0x7, 0x64, 0xc4, 0xf1, 0xc0, 0x80, 0x80,
    0x42, 0x2b, 0x5, 0x3, 0xbf, 0xf7, 0x72, 0x0,
    0x8f, 0x15, 0xea, 0xec, 0xe0, 0x32, 0x15, 0xa,
    0x88, 0xf0, 0x3, 0x2, 0x0, 0x6c, 0x0, 0x30,
    0x28, 0x4, 0xa8, 0x0, 0x90, 0xaa, 0x45, 0xd2,
    0x80, 0xe, 0xcd, 0x5c, 0x2f, 0xc0, 0x0,

    /* U+00E5 "å" */
    0x0, 0xa3, 0xb5, 0x0, 0x39, 0xda, 0xa9, 0x62,
    0x1, 0xae, 0x11, 0xc9, 0xc0, 0x3f, 0x8, 0x7,
    0x25, 0xa, 0x1a, 0x0, 0x68, 0x7e, 0xb9, 0x20,
    0xe, 0xbe, 0xf6, 0x0, 0xcd, 0x7b, 0xdf, 0x8a,
    0x1, 0x4b, 0xa3, 0xb1, 0x53, 0x80, 0x3b, 0x26,
    0x27, 0x8e, 0x4, 0x4, 0x2, 0x11, 0x58, 0x28,
    0x1d, 0xff, 0xbb, 0x90, 0x4, 0x78, 0xaf, 0x57,
    0x67, 0x1, 0x90, 0xa8, 0x54, 0x47, 0x80, 0x18,
    0x10, 0x3, 0x60, 0x1, 0x81, 0x40, 0x25, 0x40,
    0x4, 0x85, 0x52, 0x2e, 0x94, 0x0, 0x76, 0x6a,
    0xe1, 0x7e, 0x0,

    /* U+00E6 "æ" */
    0x6, 0xbd, 0xfe, 0xb4, 0x1, 0x8d, 0xff, 0x62,
    0x80, 0x52, 0xe8, 0xee, 0x5b, 0x9c, 0x76, 0x76,
    0x2a, 0x80, 0x7, 0x64, 0xc4, 0xf1, 0xb1, 0xed,
    0xc4, 0xf1, 0xb9, 0x0, 0x80, 0x42, 0x2b, 0x6,
    0x31, 0x1d, 0x20, 0xa0, 0x77, 0xfe, 0xee, 0x40,
    0x3f, 0x77, 0x50, 0x71, 0xe2, 0xbd, 0x5d, 0x9c,
    0x1e, 0xef, 0xf4, 0x85, 0x42, 0xa2, 0x3c, 0x0,
    0x89, 0xf1, 0x30, 0x20, 0x6, 0xc0, 0x50, 0xf,
    0xcc, 0xa, 0x1, 0x2a, 0x11, 0x20, 0x3, 0x90,
    0x78, 0x2a, 0x91, 0x74, 0xd8, 0x4f, 0xb1, 0x9,
    0xdb, 0x34, 0xc4, 0x43, 0xba, 0xa4, 0x76, 0x5,
    0xdc, 0x8d, 0x24,

    /* U+00E7 "ç" */
    0x0, 0x1d, 0x77, 0xf5, 0xa8, 0x36, 0x2a, 0x3b,
    0x9a, 0x4a, 0x47, 0x6a, 0x27, 0x75, 0x61, 0x4,
    0x1, 0x85, 0x41, 0x0, 0x3c, 0x20, 0x40, 0x1e,
    0x10, 0x20, 0xf, 0x28, 0x20, 0x7, 0xac, 0x20,
    0x80, 0x30, 0x94, 0x8e, 0xd4, 0x4e, 0x50, 0x36,
    0x2a, 0x3b, 0x3f, 0x0, 0xe, 0xb9, 0xd2, 0xd4,
    0x3, 0xa9, 0x8, 0x3, 0x21, 0xa8, 0x8, 0x6,
    0xec, 0x96, 0x30,

    /* U+00E8 "è" */
    0x0, 0x47, 0xa8, 0x7, 0xe8, 0x6a, 0x20, 0xf,
    0xd2, 0x9e, 0x1, 0xfd, 0x74, 0x80, 0x1f, 0xce,
    0x80, 0x1e, 0x3a, 0xef, 0xea, 0x20, 0x9, 0xb1,
    0x1d, 0xc8, 0xba, 0x60, 0x52, 0x9d, 0x31, 0x5a,
    0x1c, 0x16, 0x10, 0x23, 0x8d, 0x8, 0x54, 0x33,
    0xbb, 0x90, 0x8, 0x42, 0xef, 0xf1, 0x80, 0x1d,
    0x13, 0xe0, 0x40, 0xb0, 0xf, 0xd6, 0xe, 0x80,
    0x1c, 0xa0, 0x52, 0x17, 0x68, 0x85, 0xfc, 0x0,
    0x1b, 0x15, 0x4e, 0xcd, 0x48, 0x0,

    /* U+00E9 "é" */
    0x0, 0xf5, 0x79, 0x80, 0x7c, 0xeb, 0x66, 0x1,
    0xe4, 0x89, 0x40, 0xf, 0x8a, 0x98, 0x3, 0xf3,
    0x28, 0x7, 0xc7, 0x5d, 0xfd, 0x44, 0x1, 0x36,
    0x23, 0xb9, 0x17, 0x4c, 0xa, 0x53, 0xa6, 0x2b,
    0x43, 0x82, 0xc2, 0x4, 0x71, 0xa1, 0xa, 0x86,
    0x77, 0x72, 0x1, 0x8, 0x5d, 0xfe, 0x30, 0x3,
    0xa2, 0x7c, 0x8, 0x16, 0x1, 0xfa, 0xc1, 0xd0,
    0x3, 0x94, 0xa, 0x42, 0xed, 0x10, 0xbf, 0x80,
    0x3, 0x62, 0xa9, 0xd9, 0xa9, 0x0,

    /* U+00EA "ê" */
    0x0, 0xd7, 0xec, 0x1, 0xf3, 0x23, 0x49, 0x0,
    0x70, 0xcd, 0x4a, 0xf0, 0x7, 0x2c, 0xa8, 0x55,
    0x90, 0x6, 0x46, 0x0, 0x9c, 0x80, 0x31, 0xd7,
    0x7f, 0x51, 0x0, 0x4d, 0x88, 0xee, 0x45, 0xd3,
    0x2, 0x94, 0xe9, 0x8a, 0xd0, 0xe0, 0xb0, 0x81,
    0x1c, 0x68, 0x42, 0xa1, 0x9d, 0xdc, 0x80, 0x42,
    0x17, 0x7f, 0x8c, 0x0, 0xe8, 0x9f, 0x2, 0x5,
    0x80, 0x7e, 0xb0, 0x74, 0x0, 0xe5, 0x2, 0x90,
    0xbb, 0x44, 0x2f, 0xe0, 0x0, 0xd8, 0xaa, 0x76,
    0x6a, 0x40,

    /* U+00EB "ë" */
    0x0, 0x47, 0xb8, 0x5f, 0xa0, 0x7, 0x84, 0x4,
    0x1c, 0x3, 0x47, 0xb0, 0x57, 0x98, 0x7, 0xff,
    0xc, 0xeb, 0xbf, 0xa8, 0x80, 0x26, 0xc4, 0x77,
    0x22, 0xe9, 0x81, 0x4a, 0x74, 0xc5, 0x68, 0x70,
    0x58, 0x40, 0x8e, 0x34, 0x21, 0x50, 0xce, 0xee,
    0x40, 0x21, 0xb, 0xbf, 0xc6, 0x0, 0x74, 0x4f,
    0x81, 0x2, 0xc0, 0x3f, 0x58, 0x3a, 0x0, 0x72,
    0x81, 0x48, 0x5d, 0xa2, 0x17, 0xf0, 0x0, 0x6c,
    0x55, 0x3b, 0x35, 0x20,

    /* U+00EC "ì" */
    0x28, 0x40, 0x8, 0x89, 0x66, 0x1, 0x52, 0x70,
    0x80, 0x56, 0x34, 0x1, 0xb2, 0xc0, 0x21, 0xfb,
    0x0, 0xff, 0xf8, 0x80,

    /* U+00ED "í" */
    0x0, 0x9d, 0x80, 0x2a, 0x85, 0x0, 0x32, 0xd9,
    0x81, 0xcd, 0x20, 0x0, 0xfd, 0x40, 0x21, 0xfb,
    0x0, 0xff, 0xf9, 0x80,

    /* U+00EE "î" */
    0x0, 0x9d, 0x40, 0x34, 0xc5, 0x18, 0x1, 0x1b,
    0x1b, 0x80, 0x6a, 0x4e, 0x46, 0x7, 0x98, 0x1,
    0x90, 0x0, 0x1f, 0xb0, 0xf, 0xff, 0xe0,

    /* U+00EF "ï" */
    0x2f, 0xd0, 0x4f, 0xb3, 0x1, 0x0, 0x84, 0x5f,
    0x80, 0x9f, 0x40, 0x1f, 0xc3, 0xf6, 0x1, 0xff,
    0xfc,

    /* U+00F0 "ð" */
    0x0, 0x3f, 0xd8, 0x1, 0x60, 0x3, 0x3b, 0x26,
    0xf6, 0x68, 0x4, 0xfa, 0x8a, 0x49, 0x2a, 0x1,
    0x1e, 0x6d, 0x3a, 0xc0, 0x6, 0x44, 0x67, 0xb8,
    0x3a, 0x80, 0x4f, 0x44, 0xd0, 0xc3, 0x42, 0x7,
    0x3, 0xf2, 0xf3, 0x1, 0x21, 0x41, 0x2, 0x1,
    0x30, 0x28, 0x20, 0x20, 0x7, 0x11, 0x0, 0x22,
    0x0, 0xe1, 0x1, 0x10, 0x10, 0x7, 0x10, 0xa,
    0x82, 0x0, 0x62, 0x12, 0xa, 0x8, 0x10, 0xa,
    0x42, 0x80, 0xe0, 0x7e, 0x63, 0x51, 0xe, 0x0,
    0x7b, 0x56, 0x70, 0x8b, 0x0, 0x0,

    /* U+00F1 "ñ" */
    0x0, 0x16, 0xfc, 0x8d, 0x50, 0x2, 0xb6, 0xa4,
    0xe5, 0x90, 0xa, 0xe9, 0x77, 0x5c, 0x60, 0x11,
    0x8, 0x0, 0x84, 0x0, 0x7f, 0x43, 0x5d, 0xf8,
    0x80, 0x10, 0xfb, 0x3a, 0x9d, 0x98, 0x1, 0x1b,
    0x26, 0xa8, 0x10, 0x0, 0x18, 0x0, 0x94, 0x14,
    0x0, 0xa0, 0x1c, 0x42, 0x0, 0x10, 0xf, 0xff,
    0x68,

    /* U+00F2 "ò" */
    0x0, 0x5f, 0x90, 0x7, 0xeb, 0x3f, 0x0, 0xfe,
    0xd0, 0xa0, 0xf, 0xc3, 0xe4, 0x40, 0xf, 0xc5,
    0x4, 0x1, 0xe5, 0xcf, 0xf6, 0xb8, 0x6, 0x8a,
    0x26, 0x70, 0x8c, 0x0, 0x1b, 0x97, 0xcc, 0x6a,
    0x1b, 0x85, 0x5, 0x88, 0x5, 0x21, 0x40, 0x80,
    0xe0, 0x18, 0x84, 0x84, 0xc0, 0x40, 0x38, 0x80,
    0x6, 0x2, 0x1, 0xc4, 0x0, 0x70, 0x40, 0xc,
    0x42, 0x43, 0x21, 0x2, 0x1, 0x48, 0x50, 0x1b,
    0x97, 0xcc, 0x6a, 0x1b, 0x80, 0x22, 0x89, 0x9c,
    0x23, 0x0, 0x0,

    /* U+00F3 "ó" */
    0x0, 0xf6, 0xe8, 0x40, 0x3e, 0xa3, 0xf1, 0x0,
    0xf3, 0xae, 0x90, 0x7, 0xec, 0x30, 0xf, 0xce,
    0x60, 0x1f, 0x2e, 0x7f, 0xb5, 0xc0, 0x34, 0x51,
    0x33, 0x84, 0x60, 0x0, 0xdc, 0xbe, 0x63, 0x50,
    0xdc, 0x28, 0x2c, 0x40, 0x29, 0xa, 0x4, 0x7,
    0x0, 0xc4, 0x24, 0x26, 0x2, 0x1, 0xc4, 0x0,
    0x30, 0x10, 0xe, 0x20, 0x3, 0x82, 0x0, 0x62,
    0x12, 0x19, 0x8, 0x10, 0xa, 0x42, 0x80, 0xdc,
    0xbe, 0x63, 0x50, 0xdc, 0x1, 0x14, 0x4c, 0xe1,
    0x18, 0x0,

    /* U+00F4 "ô" */
    0x0, 0xdd, 0xe6, 0x1, 0xf4, 0x9a, 0xf0, 0x7,
    0x91, 0xbe, 0x82, 0x0, 0x38, 0xac, 0x83, 0xfc,
    0x1, 0xcc, 0x80, 0x2, 0x70, 0xe, 0x5c, 0xff,
    0x6b, 0x80, 0x68, 0xa2, 0x67, 0x8, 0xc0, 0x1,
    0xb9, 0x7c, 0xc6, 0xa1, 0xb8, 0x50, 0x58, 0x80,
    0x52, 0x14, 0x8, 0xe, 0x1, 0x88, 0x48, 0x4c,
    0x4, 0x3, 0x88, 0x0, 0x60, 0x20, 0x1c, 0x40,
    0x7, 0x4, 0x0, 0xc4, 0x24, 0x32, 0x10, 0x20,
    0x14, 0x85, 0x1, 0xb9, 0x7c, 0xc6, 0xa1, 0xb8,
    0x2, 0x28, 0x99, 0xc2, 0x30, 0x0,

    /* U+00F5 "õ" */
    0x0, 0x37, 0x6b, 0xf, 0xa0, 0x6, 0x99, 0x54,
    0xf1, 0x20, 0x6, 0xc7, 0x77, 0xee, 0x80, 0x38,
    0xc0, 0x22, 0x0, 0xf2, 0xe7, 0xfb, 0x5c, 0x3,
    0x45, 0x13, 0x38, 0x46, 0x0, 0xd, 0xcb, 0xe6,
    0x35, 0xd, 0xc2, 0x82, 0xc4, 0x2, 0x90, 0xa0,
    0x40, 0x70, 0xc, 0x42, 0x42, 0x60, 0x20, 0x1c,
    0x40, 0x3, 0x1, 0x0, 0xe2, 0x0, 0x38, 0x20,
    0x6, 0x21, 0x21, 0x90, 0x81, 0x0, 0xa4, 0x28,
    0xd, 0xcb, 0xe6, 0x35, 0xd, 0xc0, 0x11, 0x44,
    0xce, 0x11, 0x80, 0x0,

    /* U+00F6 "ö" */
    0x0, 0x67, 0x98, 0x7f, 0x80, 0x39, 0xc0, 0x21,
    0x0, 0xf5, 0xf9, 0x87, 0x78, 0x7, 0xff, 0x11,
    0x73, 0xfd, 0xae, 0x1, 0xa2, 0x89, 0x9c, 0x23,
    0x0, 0x6, 0xe5, 0xf3, 0x1a, 0x86, 0xe1, 0x41,
    0x62, 0x1, 0x48, 0x50, 0x20, 0x38, 0x6, 0x21,
    0x21, 0x30, 0x10, 0xe, 0x20, 0x1, 0x80, 0x80,
    0x71, 0x0, 0x1c, 0x10, 0x3, 0x10, 0x90, 0xc8,
    0x40, 0x80, 0x52, 0x14, 0x6, 0xe5, 0xf3, 0x1a,
    0x86, 0xe0, 0x8, 0xa2, 0x67, 0x8, 0xc0, 0x0,

    /* U+00F7 "÷" */
    0x0, 0xed, 0xf9, 0x0, 0xff, 0xe5, 0xcd, 0x50,
    0x3, 0xfc, 0x8a, 0x60, 0x1d, 0xdf, 0xff, 0xf5,
    0x32, 0xaf, 0xfd, 0x91, 0x55, 0xff, 0x30, 0x7,
    0x6f, 0xc8, 0x7, 0xff, 0x2e, 0x6a, 0x80, 0x1c,

    /* U+00F8 "ø" */
    0x0, 0xff, 0x28, 0x6, 0x5c, 0xff, 0x63, 0xb5,
    0x18, 0x2, 0x28, 0x99, 0x83, 0x13, 0x23, 0x3,
    0x71, 0xf9, 0x97, 0x80, 0x75, 0x4, 0x8, 0xf,
    0xb8, 0x58, 0x1, 0x1, 0x0, 0x1a, 0xf0, 0x44,
    0x10, 0x8, 0x82, 0x82, 0x80, 0x40, 0x21, 0x1,
    0x87, 0xd0, 0x1, 0x0, 0x4a, 0x16, 0xfe, 0x20,
    0x42, 0x42, 0x14, 0xb, 0x44, 0x0, 0x90, 0xa0,
    0x0, 0x80, 0x2e, 0x63, 0x50, 0xdc, 0x7, 0x1a,
    0xd5, 0xdc, 0x11, 0x80, 0x1, 0x89, 0x4b, 0xef,
    0xd7, 0x0, 0x80,

    /* U+00F9 "ù" */
    0x0, 0x57, 0x98, 0x7, 0xd4, 0x9a, 0x20, 0x1f,
    0x59, 0x50, 0x7, 0xed, 0xc2, 0x0, 0xf8, 0x5c,
    0x80, 0x24, 0xf8, 0x0, 0xef, 0xd0, 0xf, 0xff,
    0x83, 0x81, 0x0, 0x63, 0x0, 0x18, 0x28, 0x80,
    0x5e, 0x1, 0x38, 0x7c, 0xd7, 0x38, 0x5, 0xe,
    0xc, 0x8d, 0x60, 0x0,

    /* U+00FA "ú" */
    0x0, 0xf6, 0x71, 0x0, 0x7a, 0x4f, 0x48, 0x3,
    0x99, 0x96, 0x60, 0x1e, 0x1b, 0x40, 0xf, 0x9d,
    0x0, 0x32, 0x7c, 0x0, 0x77, 0xe8, 0x7, 0xff,
    0xc1, 0xc0, 0x80, 0x31, 0x80, 0xc, 0x14, 0x40,
    0x2f, 0x0, 0x9c, 0x3e, 0x6b, 0x9c, 0x2, 0x87,
    0x6, 0x46, 0xb0, 0x0,

    /* U+00FB "û" */
    0x0, 0xdb, 0xe8, 0x1, 0xe8, 0x35, 0xa0, 0xe,
    0x37, 0xda, 0x2a, 0x0, 0xcd, 0x46, 0x1b, 0xa1,
    0x0, 0x95, 0x40, 0x1, 0x71, 0x4, 0xf8, 0x0,
    0xef, 0xd0, 0xf, 0xff, 0x83, 0x81, 0x0, 0x63,
    0x0, 0x18, 0x28, 0x80, 0x5e, 0x1, 0x38, 0x7c,
    0xd7, 0x38, 0x5, 0xe, 0xc, 0x8d, 0x60, 0x0,

    /* U+00FC "ü" */
    0x0, 0x5f, 0xa0, 0x77, 0x88, 0x4, 0x20, 0x11,
    0x80, 0x75, 0x7a, 0x6, 0xf8, 0x80, 0x7f, 0xc9,
    0xf0, 0x1, 0xdf, 0xa0, 0x1f, 0xff, 0x7, 0x2,
    0x0, 0xc6, 0x0, 0x30, 0x51, 0x0, 0xbc, 0x2,
    0x70, 0xf9, 0xae, 0x70, 0xa, 0x1c, 0x19, 0x1a,
    0xc0, 0x0,

    /* U+00FD "ý" */
    0x0, 0xf0, 0xfe, 0x0, 0x7f, 0x50, 0xe8, 0x7,
    0xe6, 0x4d, 0x10, 0xf, 0x8a, 0x64, 0x60, 0x1f,
    0x8b, 0xd8, 0x3, 0x8f, 0xec, 0x3, 0xdb, 0xe2,
    0x66, 0x41, 0x0, 0xc8, 0x4a, 0x21, 0x41, 0x20,
    0x1b, 0x82, 0x40, 0xc, 0x2c, 0x1, 0xa, 0x91,
    0x80, 0x4c, 0x28, 0x0, 0x60, 0xb0, 0xd, 0x41,
    0xe0, 0xa, 0x6, 0x0, 0xc4, 0x88, 0x14, 0x26,
    0x0, 0xf7, 0x4, 0xf0, 0x50, 0x7, 0x94, 0x59,
    0x4c, 0xc0, 0x1f, 0x48, 0x85, 0x0, 0x7e, 0x60,
    0x3, 0x0, 0x7e, 0x50, 0x60, 0xf, 0xef, 0xb,
    0x0, 0xf1, 0xbd, 0xa2, 0x90, 0x7, 0x96, 0x15,
    0x56, 0x1, 0xe0,

    /* U+00FE "þ" */
    0x3f, 0xa0, 0xf, 0xff, 0x1, 0x5f, 0x7e, 0x20,
    0x6, 0x6d, 0x6, 0x61, 0xda, 0x80, 0x46, 0xf7,
    0x13, 0x81, 0x60, 0x10, 0xc0, 0x4, 0x6a, 0x2a,
    0x0, 0x50, 0xe, 0xc0, 0xd0, 0x0, 0x80, 0x71,
    0x0, 0x80, 0x4, 0x3, 0x88, 0x4, 0x0, 0xa0,
    0x1d, 0x81, 0xa0, 0x1, 0x80, 0x8, 0xd4, 0x54,
    0x0, 0x6f, 0x71, 0x38, 0x16, 0x1, 0x36, 0x83,
    0x30, 0xed, 0x40, 0x31, 0x5f, 0x7e, 0x20, 0x7,
    0xff, 0x5c,

    /* U+00FF "ÿ" */
    0x0, 0xbf, 0xc0, 0x5f, 0xa0, 0x1e, 0x10, 0xc,
    0x20, 0x1e, 0xef, 0x2, 0xfc, 0x0, 0xff, 0xe1,
    0x9f, 0xd8, 0x7, 0xb7, 0xc4, 0xcc, 0x82, 0x1,
    0x90, 0x94, 0x42, 0x82, 0x40, 0x37, 0x4, 0x80,
    0x18, 0x58, 0x2, 0x15, 0x23, 0x0, 0x98, 0x50,
    0x0, 0xc1, 0x60, 0x1a, 0x83, 0xc0, 0x14, 0xc,
    0x1, 0x89, 0x10, 0x28, 0x4c, 0x1, 0xee, 0x9,
    0xe0, 0xa0, 0xf, 0x28, 0xb2, 0x99, 0x80, 0x3e,
    0x91, 0xa, 0x0, 0xfc, 0xc0, 0x6, 0x0, 0xfc,
    0xa0, 0xc0, 0x1f, 0xde, 0x16, 0x1, 0xe3, 0x7b,
    0x45, 0x20, 0xf, 0x2c, 0x2a, 0xac, 0x3, 0xc0,

    /* U+2013 "–" */
    0x1, 0x1f, 0xc0, 0xe, 0xef, 0xc0, 0xb, 0xbf,
    0xc0,

    /* U+2014 "—" */
    0x1, 0x1f, 0xfe, 0x30, 0x3, 0xbb, 0xff, 0x8c,
    0x0, 0xbb, 0xff, 0xe3, 0x0,

    /* U+2018 "‘" */
    0x0, 0x73, 0x3, 0x8a, 0xc, 0x9, 0x28, 0x10,
    0x3a, 0x20, 0x0,

    /* U+2019 "’" */
    0x7, 0xf9, 0x0, 0x84, 0x30, 0x24, 0x11, 0xc4,
    0x4f, 0x20,

    /* U+201A "‚" */
    0x5, 0xb6, 0xd, 0x4e, 0x2, 0xc, 0x4, 0x48,
    0x86, 0x0,

    /* U+201C "“" */
    0x0, 0x73, 0x0, 0x39, 0x81, 0xc5, 0x1, 0xc5,
    0x6, 0x4, 0x86, 0x44, 0x94, 0x8, 0x14, 0x48,
    0x1d, 0x10, 0xe, 0x88, 0x0,

    /* U+201D "”" */
    0x8, 0xf9, 0x8, 0xf9, 0x0, 0x84, 0x2, 0x10,
    0x30, 0xa0, 0x30, 0xa0, 0x46, 0x20, 0x46, 0x22,
    0x24, 0x1, 0x24, 0x0,

    /* U+201E "„" */
    0x5, 0xb6, 0x5, 0xb6, 0xd, 0x4e, 0xd, 0x4e,
    0x2, 0xc, 0x2, 0xc, 0x4, 0x48, 0x11, 0x22,
    0x18, 0x2, 0x18, 0x0,

    /* U+2022 "•" */
    0x4, 0x99, 0x10, 0x35, 0xb3, 0x34, 0xe0, 0x3,
    0x48, 0x7, 0xb, 0x80, 0x6d, 0x96, 0x11, 0x43,
    0x0,

    /* U+2026 "…" */
    0x47, 0x20, 0xc, 0xee, 0x0, 0xc4, 0xe9, 0xf0,
    0x80, 0x1a, 0x20, 0x1, 0x92, 0x3c, 0x3, 0xff,
    0x88,

    /* U+2190 "←" */
    0x0, 0xc6, 0x1, 0xff, 0xc2, 0x3c, 0xb0, 0xf,
    0xfe, 0x1, 0xe0, 0x40, 0x7, 0xfc, 0x78, 0x16,
    0x60, 0x1f, 0xf6, 0x0, 0x2f, 0xff, 0xfd, 0x20,
    0x80, 0x6, 0x6f, 0xfb, 0x2, 0xd0, 0x1, 0x33,
    0xfe, 0x50, 0x5, 0xa3, 0x48, 0x7, 0xff, 0x6,
    0xd3, 0x0, 0x3f, 0xf8, 0x56, 0xa0, 0x1f, 0xe0,

    /* U+2191 "↑" */
    0x0, 0xcb, 0x20, 0x1f, 0x2d, 0x36, 0x0, 0x72,
    0xd0, 0x0, 0xf0, 0x2, 0x5a, 0x14, 0x6, 0x3c,
    0x0, 0x78, 0xf9, 0x4, 0x39, 0x98, 0x2b, 0xc4,
    0x2, 0x8d, 0x30, 0x0, 0x80, 0x71, 0x0, 0x7f,
    0xff, 0xc0, 0x3c,

    /* U+2192 "→" */
    0x0, 0xff, 0x10, 0x80, 0x7f, 0xf0, 0x7, 0x34,
    0x40, 0x3f, 0xe1, 0x93, 0xd1, 0x0, 0xff, 0x9d,
    0xc7, 0xa3, 0xdf, 0xff, 0xe7, 0x3, 0xb6, 0x6f,
    0xf9, 0x0, 0x19, 0x13, 0x3f, 0xd0, 0xc1, 0x2c,
    0x1, 0xfc, 0x38, 0x52, 0xc0, 0x1f, 0xe1, 0x79,
    0x60, 0xf, 0xfe, 0x5, 0x30, 0x4,

    /* U+2193 "↓" */
    0x0, 0xcb, 0x20, 0x1f, 0xb1, 0x84, 0x3, 0xff,
    0xfe, 0x1, 0xfc, 0xb2, 0x1, 0x8e, 0xc0, 0x1c,
    0xd2, 0x0, 0x5d, 0x43, 0xb, 0x46, 0x60, 0x58,
    0xd9, 0x80, 0x2d, 0x0, 0x2b, 0x40, 0xd, 0x68,
    0x16, 0x80, 0x1e, 0xbf, 0x40, 0x8,

    /* U+25B6 "▶" */
    0x92, 0x0, 0xff, 0xe1, 0x36, 0xd1, 0x0, 0x7f,
    0xf0, 0x97, 0x68, 0x80, 0x3f, 0xf8, 0x4b, 0xb4,
    0x40, 0x1f, 0xfc, 0x25, 0xda, 0x20, 0xf, 0xfe,
    0x12, 0xec, 0x90, 0x7, 0xff, 0x9, 0xb6, 0x48,
    0x3, 0xff, 0x84, 0xdb, 0x20, 0x1f, 0xfc, 0x24,
    0xa0, 0xf, 0xfe, 0x2, 0x65, 0x98, 0x7, 0xf9,
    0x32, 0xcc, 0x3, 0xfc, 0x99, 0x66, 0x1, 0xfe,
    0x4c, 0xb3, 0x0, 0xff, 0x26, 0x59, 0x80, 0x7f,
    0x93, 0x2c, 0xc0, 0x3f, 0xec, 0xb3, 0x0, 0xff,
    0xe0, 0x80,

    /* U+26A0 "⚠" */
    0x0, 0xfc, 0x24, 0x1, 0xff, 0xc3, 0x89, 0x0,
    0xff, 0xe1, 0x12, 0x31, 0x80, 0x7f, 0xf0, 0x66,
    0x6f, 0x0, 0xff, 0xe0, 0x20, 0x0, 0x5d, 0x40,
    0x3f, 0xe9, 0x8e, 0x99, 0x40, 0x7, 0xf9, 0x9c,
    0xcc, 0xc4, 0x8c, 0x1, 0xfd, 0x76, 0xe, 0x30,
    0x8b, 0x0, 0xfc, 0xea, 0x20, 0x5c, 0x2, 0xae,
    0x1, 0xe1, 0xa8, 0x0, 0x9, 0x0, 0x22, 0x84,
    0x3, 0xa2, 0xc0, 0x25, 0x60, 0xa, 0xe0, 0x3,
    0x12, 0x30, 0x4, 0x24, 0x1, 0x32, 0x10, 0x5,
    0x32, 0x0, 0xd5, 0x40, 0xd, 0x10, 0x0, 0x1b,
    0xa0, 0x6, 0xb9, 0x0, 0xca, 0xc6, 0x1e, 0x5b,
    0xbd, 0x9f, 0xbb, 0xc5, 0x0,

    /* U+2713 "✓" */
    0x0, 0xfc, 0x90, 0x40, 0x1f, 0x35, 0x99, 0x0,
    0x78, 0xe4, 0x68, 0x3, 0xc3, 0xa1, 0xa2, 0x1,
    0xea, 0x19, 0x30, 0xf, 0x32, 0x2b, 0x0, 0x42,
    0x80, 0x32, 0x54, 0x1, 0xbe, 0xc6, 0x83, 0x80,
    0x38, 0xc3, 0x11, 0xcc, 0x3, 0x94, 0x8, 0x90,
    0x1, 0xe9, 0x0, 0x70, 0x7, 0xc3, 0xfe, 0x30,
    0xf, 0x80,

    /* U+2717 "✗" */
    0x0, 0xfe, 0x17, 0x60, 0xc, 0xfa, 0xa0, 0x16,
    0xc5, 0x0, 0x6f, 0x29, 0x0, 0x59, 0x8e, 0x80,
    0x6b, 0x3, 0x34, 0xa0, 0x60, 0x80, 0x63, 0x20,
    0xd6, 0xa, 0x20, 0xf, 0x50, 0x8, 0x3a, 0x80,
    0x7c, 0xa0, 0x14, 0x0, 0x7e, 0x90, 0x9, 0x80,
    0x3e, 0x84, 0x0, 0xac, 0x3, 0xca, 0xe0, 0xb2,
    0x4, 0xc0, 0x18, 0x6c, 0x6, 0x99, 0x2, 0x0,
    0x35, 0x8, 0x50, 0x2, 0x84, 0x80, 0x25, 0x40,
    0x64, 0x0, 0xe, 0xf8, 0x5, 0x80, 0x30, 0x1,
    0x8c, 0xc0, 0x16, 0x5, 0x88, 0x7, 0xf2, 0xf2,
    0x80, 0x7f, 0x80,

    /* U+F00C "" */
    0x0, 0xff, 0xeb, 0xd7, 0x10, 0x7, 0xff, 0xd,
    0xd4, 0x50, 0x3, 0xff, 0x84, 0x70, 0x4, 0xc0,
    0x1f, 0xfc, 0x11, 0xd0, 0x7, 0x0, 0x7f, 0xf0,
    0xac, 0x42, 0xc, 0x3, 0xff, 0x82, 0xca, 0x8,
    0xe0, 0x1f, 0xfc, 0x12, 0x90, 0x1a, 0x0, 0xff,
    0xe1, 0x78, 0x2, 0x84, 0x3, 0x88, 0x3, 0xe9,
    0x20, 0x74, 0x0, 0xec, 0xd8, 0x0, 0xe4, 0x60,
    0x38, 0x0, 0xfc, 0xf0, 0x1, 0xd, 0x0, 0x38,
    0x3, 0xee, 0x10, 0x78, 0x0, 0x50, 0x85, 0x10,
    0x7, 0xc5, 0x82, 0xf, 0xe, 0x80, 0xaa, 0x0,
    0xfe, 0x2c, 0x10, 0x78, 0x2, 0xa0, 0xf, 0xf8,
    0xb0, 0x40, 0x2e, 0x0, 0xff, 0xe0, 0x96, 0x8,
    0x49, 0x80, 0x7f, 0xf0, 0x8b, 0xb5, 0x80, 0x3f,
    0xc0,

    /* U+F015 "" */
    0x0, 0xff, 0x22, 0x0, 0x3f, 0xf8, 0xf1, 0x76,
    0x80, 0xf, 0xfe, 0x2c, 0xb8, 0x1, 0xe4, 0x3,
    0xff, 0x87, 0x4c, 0x1, 0x9a, 0x80, 0x3f, 0xf8,
    0x36, 0xa0, 0x1e, 0x5b, 0x0, 0xff, 0xe, 0x20,
    0x7, 0xe4, 0xc1, 0x0, 0xf8, 0x70, 0xc0, 0x3f,
    0xc7, 0x82, 0x1, 0xc5, 0x84, 0x1, 0xff, 0xc0,
    0x2c, 0x20, 0x8, 0xb0, 0x80, 0x3f, 0xf8, 0x45,
    0x84, 0x0, 0xf1, 0x0, 0xff, 0xe2, 0xf, 0x80,
    0x18, 0x3, 0xff, 0x8c, 0xc0, 0xb, 0xd0, 0xf,
    0xfe, 0x26, 0xd8, 0x4, 0x60, 0x1f, 0xfc, 0x43,
    0x0, 0xff, 0xab, 0xfd, 0x60, 0x1f, 0xfc, 0x55,
    0x50, 0x1, 0x14, 0x3, 0xff, 0x88, 0x40, 0x18,
    0x80, 0x3f, 0xfd, 0x42, 0x1, 0xc2, 0x45, 0x84,
    0x3, 0x84, 0x3, 0x94, 0x3, 0x36, 0xee, 0x60,
    0xc, 0xa0, 0x1e, 0xa8, 0x44, 0xff, 0xe0, 0x45,
    0x0, 0x40,

    /* U+F019 "" */
    0x0, 0xfc, 0xc4, 0x1, 0xff, 0xc3, 0x69, 0xc0,
    0xf, 0xfe, 0x18, 0x80, 0x80, 0x7f, 0xff, 0xc0,
    0x3f, 0xf9, 0xfb, 0xa2, 0x0, 0xd1, 0xcc, 0x1,
    0xf0, 0x91, 0x33, 0x40, 0x10, 0xe3, 0x80, 0x1f,
    0xb, 0x80, 0xa8, 0x1, 0xc0, 0x60, 0x3, 0xf4,
    0x38, 0x7, 0xe, 0x10, 0x7, 0xf4, 0x38, 0x4,
    0x38, 0x40, 0x1c, 0x37, 0xfe, 0xc0, 0x87, 0x1,
    0xc2, 0x5f, 0xf7, 0x30, 0x52, 0x0, 0xf, 0x2,
    0x3b, 0x84, 0xb4, 0x0, 0x19, 0x24, 0x0, 0xc7,
    0x86, 0x20, 0xf4, 0x7, 0x60, 0x4, 0x0, 0xf1,
    0xe7, 0xfa, 0x0, 0xc, 0xa2, 0x0, 0x20, 0xf,
    0xfe, 0x2, 0xf0, 0x82, 0xf0, 0x80, 0x7f, 0xf0,
    0x98, 0xcd, 0xd9, 0x9f, 0xfc, 0x1e, 0x90,

    /* U+F05A "" */
    0x0, 0xfc, 0x26, 0x61, 0x0, 0xff, 0xe0, 0x94,
    0xf7, 0x33, 0x1d, 0xc9, 0x20, 0xf, 0xe9, 0xd6,
    0x10, 0xc, 0x2d, 0xb2, 0x1, 0xe1, 0xc6, 0x0,
    0xff, 0x36, 0x8, 0x6, 0xa3, 0x0, 0xff, 0xe0,
    0x1d, 0x0, 0x4e, 0x80, 0x1e, 0x11, 0x0, 0x79,
    0x1c, 0x6, 0x0, 0x3c, 0x3d, 0xc1, 0x0, 0xf4,
    0xb, 0x80, 0x7c, 0x26, 0x61, 0x0, 0xf9, 0xf4,
    0x3, 0xf6, 0x60, 0x3, 0xf6, 0xa8, 0x7, 0x8a,
    0xf2, 0x80, 0x3f, 0x30, 0x80, 0x79, 0xd0, 0xd4,
    0xc0, 0x3e, 0x21, 0x0, 0xf2, 0xf2, 0x83, 0x80,
    0x7c, 0x26, 0x1, 0xf0, 0x80, 0x7f, 0x89, 0x40,
    0x3e, 0x56, 0x3, 0x0, 0xf9, 0x2c, 0x3, 0xcd,
    0x46, 0x10, 0xc0, 0x1e, 0xb3, 0x40, 0xe, 0x45,
    0x44, 0x2a, 0x0, 0x72, 0x18, 0x48, 0x7, 0x15,
    0x5d, 0xa8, 0x80, 0x3a, 0x40, 0x5, 0x60, 0x1f,
    0xfc, 0x2b, 0x20, 0x9, 0x2c, 0x40, 0x3f, 0xc3,
    0x68, 0x1, 0xc9, 0xec, 0x1, 0xf9, 0xbd, 0x0,
    0x3e, 0x19, 0xea, 0x65, 0x53, 0x57, 0x48, 0x80,
    0x60,

    /* U+F0A0 "" */
    0x0, 0x11, 0x7f, 0xf0, 0x44, 0x0, 0x7d, 0xbb,
    0xff, 0xc1, 0xe9, 0xf, 0x10, 0xf, 0xfe, 0x13,
    0x21, 0x80, 0x7f, 0xf1, 0xc, 0x3, 0xff, 0xfe,
    0x1, 0xff, 0xc3, 0x9e, 0xff, 0xff, 0xe1, 0x61,
    0xb1, 0x33, 0xbf, 0xff, 0x1, 0x4d, 0x1b, 0x26,
    0x23, 0xff, 0x81, 0x5a, 0x10, 0x1, 0xff, 0xc3,
    0x26, 0x10, 0xf, 0xd7, 0x60, 0x2d, 0x80, 0x0,
    0x80, 0x7e, 0x24, 0x41, 0x21, 0x30, 0x7, 0xfc,
    0x55, 0x42, 0x69, 0xd0, 0x8, 0xc0, 0x3f, 0x2a,
    0x80, 0xc, 0x60, 0x3, 0xe3, 0x0, 0xff, 0xe1,
    0x42, 0x16, 0x7f, 0xff, 0xf0, 0x9c, 0x0,

    /* U+F11E "" */
    0x2, 0x0, 0xff, 0xe2, 0x66, 0xa0, 0x0, 0x8c,
    0xc0, 0x1f, 0xe3, 0x8, 0xbf, 0xdc, 0xc7, 0xda,
    0x88, 0xa, 0xdf, 0x18, 0x0, 0xd0, 0x3, 0x92,
    0xbb, 0xfa, 0x90, 0x50, 0x2, 0x37, 0x0, 0x2b,
    0x88, 0x7, 0xde, 0x0, 0x7c, 0x80, 0x1, 0x47,
    0x0, 0x12, 0xb4, 0x3, 0xfd, 0xe0, 0x18, 0xd4,
    0x80, 0x38, 0x5a, 0x77, 0xc3, 0xa9, 0x87, 0xc0,
    0x40, 0x39, 0xa5, 0x88, 0x3c, 0x56, 0x78, 0x3f,
    0x80, 0x3f, 0x23, 0x82, 0x88, 0x3, 0xc0, 0x3e,
    0x5c, 0xfb, 0x80, 0xae, 0xc9, 0x7, 0x80, 0xe,
    0x23, 0x0, 0xf1, 0xb0, 0x43, 0x80, 0x78, 0xdc,
    0x0, 0xae, 0x80, 0x1f, 0xe7, 0xc8, 0x0, 0x14,
    0x58, 0x0, 0x9a, 0x40, 0x3f, 0x84, 0x40, 0x19,
    0x65, 0x80, 0x1c, 0x0, 0x39, 0xdf, 0xee, 0x6c,
    0x98, 0x6, 0x39, 0x60, 0x2, 0x31, 0x0, 0x44,
    0xd9, 0xd9, 0x8e, 0xc6, 0x0, 0xff, 0xe0, 0x9,
    0x98, 0x40, 0x3f, 0xf9, 0x7c, 0x1, 0xff, 0xc3,
    0xa6, 0x70, 0xf, 0xfe, 0x18,

    /* U+F1DE "" */
    0x0, 0xe2, 0xad, 0xa2, 0x0, 0xff, 0xe1, 0xf,
    0xa9, 0x2f, 0x88, 0x7, 0xf4, 0xff, 0xdc, 0x40,
    0x11, 0x77, 0xff, 0xe9, 0x40, 0xf, 0xfe, 0x32,
    0x7c, 0x44, 0xc0, 0x1c, 0xd1, 0x1f, 0xbc, 0x9d,
    0xe9, 0x70, 0x9, 0xe5, 0xdf, 0xf1, 0x0, 0x74,
    0x6d, 0x6c, 0x0, 0x9, 0x50, 0x3, 0xfe, 0x25,
    0x20, 0x2, 0x6d, 0x5e, 0x0, 0x63, 0x88, 0xff,
    0x58, 0x4, 0x77, 0x10, 0x3d, 0x77, 0xff, 0x0,
    0x72, 0x3b, 0xb5, 0x80, 0x3f, 0xf8, 0xcd, 0x1f,
    0xff, 0xe5, 0x0, 0xd9, 0xfe, 0x80, 0xe, 0x35,
    0x10, 0xa, 0x9c, 0xd3, 0xc, 0x3, 0xeb, 0xca,
    0xe4, 0x0, 0xa3, 0x2c, 0xc0, 0x31, 0x3b, 0xad,
    0x0, 0x2b, 0x87, 0x7f, 0xe2, 0xf8, 0x82, 0x0,
    0x73, 0xc4, 0x7f, 0x7a, 0x0, 0x7f, 0xf1, 0x92,
    0x7f, 0xd8, 0x1, 0x97, 0xff, 0xfd, 0x20, 0x11,
    0xda, 0x13, 0x50, 0x7, 0xfc,

    /* U+F6FF "" */
    0x0, 0xfe, 0x33, 0xc4, 0x1, 0xff, 0xc4, 0x1e,
    0xcc, 0xdb, 0x0, 0x1f, 0xfc, 0x36, 0x10, 0xe,
    0x70, 0xf, 0xfe, 0x2a, 0xff, 0xb4, 0x3, 0xff,
    0x8e, 0x24, 0x47, 0x0, 0xff, 0xe2, 0x88, 0x26,
    0xea, 0x80, 0x40, 0x3f, 0xf8, 0x6c, 0x80, 0x18,
    0x6c, 0x3, 0xff, 0x89, 0x7e, 0x0, 0x8e, 0x50,
    0xf, 0xc7, 0x11, 0xfc, 0x0, 0xb8, 0x8f, 0xcc,
    0x1a, 0xef, 0xfc, 0x0, 0x37, 0x7f, 0xd2, 0xcc,
    0x0, 0xff, 0xe4, 0x12, 0x47, 0xfe, 0x0, 0x47,
    0xff, 0xc0, 0x8, 0xff, 0xb4, 0x80, 0x2b, 0xf0,
    0x4, 0x72, 0x80, 0x57, 0xe0, 0x8, 0xe5, 0x0,
    0xe6, 0x40, 0xc, 0x36, 0x0, 0x64, 0x0, 0xc3,
    0x60, 0x1c, 0x20, 0x9b, 0xaa, 0x1, 0x0, 0x8,
    0x26, 0xea, 0x80, 0x40, 0x3e, 0x12, 0x23, 0x80,
    0x78, 0x48, 0x8e, 0x1, 0xfc, 0xbf, 0xed, 0x0,
    0xf2, 0xff, 0xb4, 0x3, 0xe5, 0x10, 0xe, 0x70,
    0x2, 0x88, 0x7, 0x38, 0x7, 0x17, 0x66, 0x6d,
    0x80, 0x1, 0x76, 0x66, 0xd8, 0x0, 0x80
};


/*---------------------
 *  GLYPH DESCRIPTION
 *--------------------*/

static const lv_font_fmt_txt_glyph_dsc_t glyph_dsc[] = {
    {.bitmap_index = 0, .adv_w = 0, .box_w = 0, .box_h = 0, .ofs_x = 0, .ofs_y = 0} /* id = 0 reserved */,
    {.bitmap_index = 0, .adv_w = 102, .box_w = 0, .box_h = 0, .ofs_x = 0, .ofs_y = 0},
    {.bitmap_index = 0, .adv_w = 128, .box_w = 2, .box_h = 14, .ofs_x = 3, .ofs_y = 0},
    {.bitmap_index = 12, .adv_w = 147, .box_w = 7, .box_h = 6, .ofs_x = 1, .ofs_y = 8},
    {.bitmap_index = 23, .adv_w = 268, .box_w = 15, .box_h = 14, .ofs_x = 1, .ofs_y = 0},
    {.bitmap_index = 118, .adv_w = 204, .box_w = 11, .box_h = 18, .ofs_x = 1, .ofs_y = -3},
    {.bitmap_index = 194, .adv_w = 304, .box_w = 17, .box_h = 14, .ofs_x = 1, .ofs_y = 0},
    {.bitmap_index = 299, .adv_w = 250, .box_w = 14, .box_h = 14, .ofs_x = 1, .ofs_y = 0},
    {.bitmap_index = 382, .adv_w = 88, .box_w = 3, .box_h = 6, .ofs_x = 1, .ofs_y = 8},
    {.bitmap_index = 389, .adv_w = 125, .box_w = 6, .box_h = 18, .ofs_x = 1, .ofs_y = -3},
    {.bitmap_index = 438, .adv_w = 125, .box_w = 6, .box_h = 18, .ofs_x = 1, .ofs_y = -3},
    {.bitmap_index = 485, .adv_w = 160, .box_w = 10, .box_h = 9, .ofs_x = 0, .ofs_y = 5},
    {.bitmap_index = 527, .adv_w = 268, .box_w = 13, .box_h = 13, .ofs_x = 2, .ofs_y = 0},
    {.bitmap_index = 556, .adv_w = 102, .box_w = 4, .box_h = 5, .ofs_x = 1, .ofs_y = -2},
    {.bitmap_index = 566, .adv_w = 115, .box_w = 7, .box_h = 2, .ofs_x = 0, .ofs_y = 5},
    {.bitmap_index = 571, .adv_w = 102, .box_w = 3, .box_h = 3, .ofs_x = 2, .ofs_y = 0},
    {.bitmap_index = 576, .adv_w = 108, .box_w = 7, .box_h = 16, .ofs_x = 0, .ofs_y = -2},
    {.bitmap_index = 622, .adv_w = 204, .box_w = 11, .box_h = 14, .ofs_x = 1, .ofs_y = 0},
    {.bitmap_index = 688, .adv_w = 204, .box_w = 9, .box_h = 14, .ofs_x = 2, .ofs_y = 0},
    {.bitmap_index = 715, .adv_w = 204, .box_w = 10, .box_h = 14, .ofs_x = 1, .ofs_y = 0},
    {.bitmap_index = 772, .adv_w = 204, .box_w = 11, .box_h = 14, .ofs_x = 1, .ofs_y = 0},
    {.bitmap_index = 839, .adv_w = 204, .box_w = 12, .box_h = 14, .ofs_x = 0, .ofs_y = 0},
    {.bitmap_index = 891, .adv_w = 204, .box_w = 10, .box_h = 14, .ofs_x = 1, .ofs_y = 0},
    {.bitmap_index = 947, .adv_w = 204, .box_w = 11, .box_h = 14, .ofs_x = 1, .ofs_y = 0},
    {.bitmap_index = 1020, .adv_w = 204, .box_w = 11, .box_h = 14, .ofs_x = 1, .ofs_y = 0},
    {.bitmap_index = 1071, .adv_w = 204, .box_w = 11, .box_h = 14, .ofs_x = 1, .ofs_y = 0},
    {.bitmap_index = 1147, .adv_w = 204, .box_w = 11, .box_h = 14, .ofs_x = 1, .ofs_y = 0},
    {.bitmap_index = 1221, .adv_w = 108, .box_w = 3, .box_h = 10, .ofs_x = 2, .ofs_y = 0},
    {.bitmap_index = 1234, .adv_w = 108, .box_w = 4, .box_h = 13, .ofs_x = 1, .ofs_y = -2},
    {.bitmap_index = 1254, .adv_w = 268, .box_w = 13, .box_h = 12, .ofs_x = 2, .ofs_y = 0},
    {.bitmap_index = 1316, .adv_w = 268, .box_w = 13, .box_h = 6, .ofs_x = 2, .ofs_y = 3},
    {.bitmap_index = 1336, .adv_w = 268, .box_w = 13, .box_h = 12, .ofs_x = 2, .ofs_y = 0},
    {.bitmap_index = 1398, .adv_w = 170, .box_w = 9, .box_h = 14, .ofs_x = 1, .ofs_y = 0},
    {.bitmap_index = 1449, .adv_w = 320, .box_w = 18, .box_h = 19, .ofs_x = 1, .ofs_y = -4},
    {.bitmap_index = 1600, .adv_w = 219, .box_w = 14, .box_h = 14, .ofs_x = 0, .ofs_y = 0},
    {.bitmap_index = 1676, .adv_w = 220, .box_w = 12, .box_h = 14, .ofs_x = 1, .ofs_y = 0},
    {.bitmap_index = 1737, .adv_w = 223, .box_w = 12, .box_h = 14, .ofs_x = 1, .ofs_y = 0},
    {.bitmap_index = 1800, .adv_w = 246, .box_w = 14, .box_h = 14, .ofs_x = 1, .ofs_y = 0},
    {.bitmap_index = 1863, .adv_w = 202, .box_w = 11, .box_h = 14, .ofs_x = 1, .ofs_y = 0},
    {.bitmap_index = 1895, .adv_w = 184, .box_w = 10, .box_h = 14, .ofs_x = 1, .ofs_y = 0},
    {.bitmap_index = 1920, .adv_w = 248, .box_w = 13, .box_h = 14, .ofs_x = 1, .ofs_y = 0},
    {.bitmap_index = 1994, .adv_w = 241, .box_w = 13, .box_h = 14, .ofs_x = 1, .ofs_y = 0},
    {.bitmap_index = 2016, .adv_w = 94, .box_w = 3, .box_h = 14, .ofs_x = 1, .ofs_y = 0},
    {.bitmap_index = 2021, .adv_w = 94, .box_w = 6, .box_h = 18, .ofs_x = -2, .ofs_y = -4},
    {.bitmap_index = 2040, .adv_w = 210, .box_w = 13, .box_h = 14, .ofs_x = 1, .ofs_y = 0},
    {.bitmap_index = 2101, .adv_w = 178, .box_w = 11, .box_h = 14, .ofs_x = 1, .ofs_y = 0},
    {.bitmap_index = 2115, .adv_w = 276, .box_w = 15, .box_h = 14, .ofs_x = 1, .ofs_y = 0},
    {.bitmap_index = 2186, .adv_w = 239, .box_w = 12, .box_h = 14, .ofs_x = 1, .ofs_y = 0},
    {.bitmap_index = 2239, .adv_w = 252, .box_w = 14, .box_h = 14, .ofs_x = 1, .ofs_y = 0},
    {.bitmap_index = 2320, .adv_w = 193, .box_w = 11, .box_h = 14, .ofs_x = 1, .ofs_y = 0},
    {.bitmap_index = 2359, .adv_w = 252, .box_w = 14, .box_h = 17, .ofs_x = 1, .ofs_y = -3},
    {.bitmap_index = 2455, .adv_w = 222, .box_w = 13, .box_h = 14, .ofs_x = 1, .ofs_y = 0},
    {.bitmap_index = 2517, .adv_w = 203, .box_w = 11, .box_h = 14, .ofs_x = 1, .ofs_y = 0},
    {.bitmap_index = 2585, .adv_w = 195, .box_w = 14, .box_h = 14, .ofs_x = -1, .ofs_y = 0},
    {.bitmap_index = 2608, .adv_w = 234, .box_w = 12, .box_h = 14, .ofs_x = 1, .ofs_y = 0},
    {.bitmap_index = 2646, .adv_w = 219, .box_w = 14, .box_h = 14, .ofs_x = 0, .ofs_y = 0},
    {.bitmap_index = 2723, .adv_w = 316, .box_w = 20, .box_h = 14, .ofs_x = 0, .ofs_y = 0},
    {.bitmap_index = 2849, .adv_w = 219, .box_w = 14, .box_h = 14, .ofs_x = 0, .ofs_y = 0},
    {.bitmap_index = 2930, .adv_w = 195, .box_w = 14, .box_h = 14, .ofs_x = -1, .ofs_y = 0},
    {.bitmap_index = 2981, .adv_w = 219, .box_w = 13, .box_h = 14, .ofs_x = 0, .ofs_y = 0},
    {.bitmap_index = 3041, .adv_w = 125, .box_w = 5, .box_h = 18, .ofs_x = 1, .ofs_y = -3},
    {.bitmap_index = 3058, .adv_w = 108, .box_w = 7, .box_h = 16, .ofs_x = 0, .ofs_y = -2},
    {.bitmap_index = 3102, .adv_w = 125, .box_w = 6, .box_h = 18, .ofs_x = 1, .ofs_y = -3},
    {.bitmap_index = 3121, .adv_w = 268, .box_w = 13, .box_h = 6, .ofs_x = 2, .ofs_y = 9},
    {.bitmap_index = 3153, .adv_w = 160, .box_w = 12, .box_h = 3, .ofs_x = -1, .ofs_y = -5},
    {.bitmap_index = 3163, .adv_w = 160, .box_w = 6, .box_h = 4, .ofs_x = 1, .ofs_y = 12},
    {.bitmap_index = 3175, .adv_w = 196, .box_w = 10, .box_h = 11, .ofs_x = 1, .ofs_y = 0},
    {.bitmap_index = 3231, .adv_w = 203, .box_w = 11, .box_h = 15, .ofs_x = 1, .ofs_y = 0},
    {.bitmap_index = 3290, .adv_w = 176, .box_w = 9, .box_h = 11, .ofs_x = 1, .ofs_y = 0},
    {.bitmap_index = 3333, .adv_w = 203, .box_w = 10, .box_h = 15, .ofs_x = 1, .ofs_y = 0},
    {.bitmap_index = 3388, .adv_w = 197, .box_w = 11, .box_h = 11, .ofs_x = 1, .ofs_y = 0},
    {.bitmap_index = 3441, .adv_w = 113, .box_w = 8, .box_h = 15, .ofs_x = 0, .ofs_y = 0},
    {.bitmap_index = 3472, .adv_w = 203, .box_w = 10, .box_h = 15, .ofs_x = 1, .ofs_y = -4},
    {.bitmap_index = 3541, .adv_w = 203, .box_w = 10, .box_h = 15, .ofs_x = 1, .ofs_y = 0},
    {.bitmap_index = 3573, .adv_w = 89, .box_w = 3, .box_h = 15, .ofs_x = 1, .ofs_y = 0},
    {.bitmap_index = 3584, .adv_w = 89, .box_w = 5, .box_h = 19, .ofs_x = -1, .ofs_y = -4},
    {.bitmap_index = 3608, .adv_w = 185, .box_w = 11, .box_h = 15, .ofs_x = 1, .ofs_y = 0},
    {.bitmap_index = 3655, .adv_w = 89, .box_w = 3, .box_h = 15, .ofs_x = 1, .ofs_y = 0},
    {.bitmap_index = 3660, .adv_w = 312, .box_w = 17, .box_h = 11, .ofs_x = 1, .ofs_y = 0},
    {.bitmap_index = 3711, .adv_w = 203, .box_w = 10, .box_h = 11, .ofs_x = 1, .ofs_y = 0},
    {.bitmap_index = 3740, .adv_w = 196, .box_w = 11, .box_h = 11, .ofs_x = 1, .ofs_y = 0},
    {.bitmap_index = 3797, .adv_w = 203, .box_w = 11, .box_h = 15, .ofs_x = 1, .ofs_y = -4},
    {.bitmap_index = 3860, .adv_w = 203, .box_w = 10, .box_h = 15, .ofs_x = 1, .ofs_y = -4},
    {.bitmap_index = 3917, .adv_w = 132, .box_w = 8, .box_h = 11, .ofs_x = 1, .ofs_y = 0},
    {.bitmap_index = 3939, .adv_w = 167, .box_w = 9, .box_h = 11, .ofs_x = 1, .ofs_y = 0},
    {.bitmap_index = 3985, .adv_w = 125, .box_w = 8, .box_h = 14, .ofs_x = 0, .ofs_y = 0},
    {.bitmap_index = 4016, .adv_w = 203, .box_w = 10, .box_h = 11, .ofs_x = 1, .ofs_y = 0},
    {.bitmap_index = 4042, .adv_w = 189, .box_w = 12, .box_h = 11, .ofs_x = 0, .ofs_y = 0},
    {.bitmap_index = 4099, .adv_w = 262, .box_w = 16, .box_h = 11, .ofs_x = 0, .ofs_y = 0},
    {.bitmap_index = 4184, .adv_w = 189, .box_w = 12, .box_h = 11, .ofs_x = 0, .ofs_y = 0},
    {.bitmap_index = 4242, .adv_w = 189, .box_w = 12, .box_h = 15, .ofs_x = 0, .ofs_y = -4},
    {.bitmap_index = 4314, .adv_w = 168, .box_w = 10, .box_h = 11, .ofs_x = 0, .ofs_y = 0},
    {.bitmap_index = 4357, .adv_w = 204, .box_w = 9, .box_h = 19, .ofs_x = 2, .ofs_y = -4},
    {.bitmap_index = 4417, .adv_w = 108, .box_w = 3, .box_h = 20, .ofs_x = 2, .ofs_y = -5},
    {.bitmap_index = 4424, .adv_w = 204, .box_w = 9, .box_h = 19, .ofs_x = 2, .ofs_y = -4},
    {.bitmap_index = 4486, .adv_w = 268, .box_w = 13, .box_h = 5, .ofs_x = 2, .ofs_y = 4},
    {.bitmap_index = 4514, .adv_w = 102, .box_w = 0, .box_h = 0, .ofs_x = 0, .ofs_y = 0},
    {.bitmap_index = 4514, .adv_w = 128, .box_w = 2, .box_h = 14, .ofs_x = 3, .ofs_y = -3},
    {.bitmap_index = 4526, .adv_w = 204, .box_w = 10, .box_h = 18, .ofs_x = 1, .ofs_y = -3},
    {.bitmap_index = 4590, .adv_w = 204, .box_w = 10, .box_h = 14, .ofs_x = 1, .ofs_y = 0},
    {.bitmap_index = 4646, .adv_w = 204, .box_w = 12, .box_h = 12, .ofs_x = 0, .ofs_y = 0},
    {.bitmap_index = 4706, .adv_w = 204, .box_w = 12, .box_h = 14, .ofs_x = 0, .ofs_y = 0},
    {.bitmap_index = 4771, .adv_w = 108, .box_w = 3, .box_h = 17, .ofs_x = 2, .ofs_y = -3},
    {.bitmap_index = 4785, .adv_w = 160, .box_w = 10, .box_h = 17, .ofs_x = 0, .ofs_y = -3},
    {.bitmap_index = 4865, .adv_w = 160, .box_w = 6, .box_h = 2, .ofs_x = 2, .ofs_y = 13},
    {.bitmap_index = 4871, .adv_w = 320, .box_w = 16, .box_h = 14, .ofs_x = 2, .ofs_y = 0},
    {.bitmap_index = 4972, .adv_w = 151, .box_w = 8, .box_h = 11, .ofs_x = 1, .ofs_y = 4},
    {.bitmap_index = 5013, .adv_w = 196, .box_w = 10, .box_h = 10, .ofs_x = 1, .ofs_y = 1},
    {.bitmap_index = 5060, .adv_w = 268, .box_w = 13, .box_h = 6, .ofs_x = 2, .ofs_y = 3},
    {.bitmap_index = 5073, .adv_w = 115, .box_w = 7, .box_h = 2, .ofs_x = 0, .ofs_y = 5},
    {.bitmap_index = 5078, .adv_w = 320, .box_w = 16, .box_h = 14, .ofs_x = 2, .ofs_y = 0},
    {.bitmap_index = 5178, .adv_w = 160, .box_w = 6, .box_h = 3, .ofs_x = 2, .ofs_y = 13},
    {.bitmap_index = 5185, .adv_w = 160, .box_w = 8, .box_h = 8, .ofs_x = 1, .ofs_y = 8},
    {.bitmap_index = 5215, .adv_w = 268, .box_w = 13, .box_h = 13, .ofs_x = 2, .ofs_y = 0},
    {.bitmap_index = 5252, .adv_w = 128, .box_w = 7, .box_h = 8, .ofs_x = 0, .ofs_y = 7},
    {.bitmap_index = 5280, .adv_w = 128, .box_w = 7, .box_h = 8, .ofs_x = 0, .ofs_y = 7},
    {.bitmap_index = 5308, .adv_w = 160, .box_w = 6, .box_h = 4, .ofs_x = 3, .ofs_y = 12},
    {.bitmap_index = 5320, .adv_w = 204, .box_w = 12, .box_h = 15, .ofs_x = 1, .ofs_y = -4},
    {.bitmap_index = 5357, .adv_w = 204, .box_w = 10, .box_h = 17, .ofs_x = 1, .ofs_y = -3},
    {.bitmap_index = 5393, .adv_w = 102, .box_w = 3, .box_h = 3, .ofs_x = 2, .ofs_y = 6},
    {.bitmap_index = 5398, .adv_w = 160, .box_w = 5, .box_h = 5, .ofs_x = 2, .ofs_y = -5},
    {.bitmap_index = 5411, .adv_w = 128, .box_w = 6, .box_h = 8, .ofs_x = 1, .ofs_y = 7},
    {.bitmap_index = 5428, .adv_w = 151, .box_w = 9, .box_h = 11, .ofs_x = 0, .ofs_y = 4},
    {.bitmap_index = 5472, .adv_w = 196, .box_w = 10, .box_h = 10, .ofs_x = 1, .ofs_y = 1},
    {.bitmap_index = 5519, .adv_w = 310, .box_w = 18, .box_h = 16, .ofs_x = 1, .ofs_y = -1},
    {.bitmap_index = 5624, .adv_w = 310, .box_w = 18, .box_h = 16, .ofs_x = 1, .ofs_y = -1},
    {.bitmap_index = 5730, .adv_w = 310, .box_w = 19, .box_h = 16, .ofs_x = 0, .ofs_y = -1},
    {.bitmap_index = 5851, .adv_w = 170, .box_w = 9, .box_h = 15, .ofs_x = 1, .ofs_y = -4},
    {.bitmap_index = 5901, .adv_w = 219, .box_w = 14, .box_h = 18, .ofs_x = 0, .ofs_y = 0},
    {.bitmap_index = 5993, .adv_w = 219, .box_w = 14, .box_h = 18, .ofs_x = 0, .ofs_y = 0},
    {.bitmap_index = 6084, .adv_w = 219, .box_w = 14, .box_h = 18, .ofs_x = 0, .ofs_y = 0},
    {.bitmap_index = 6179, .adv_w = 219, .box_w = 14, .box_h = 18, .ofs_x = 0, .ofs_y = 0},
    {.bitmap_index = 6275, .adv_w = 219, .box_w = 14, .box_h = 18, .ofs_x = 0, .ofs_y = 0},
    {.bitmap_index = 6367, .adv_w = 219, .box_w = 14, .box_h = 18, .ofs_x = 0, .ofs_y = 0},
    {.bitmap_index = 6463, .adv_w = 312, .box_w = 19, .box_h = 14, .ofs_x = 0, .ofs_y = 0},
    {.bitmap_index = 6548, .adv_w = 223, .box_w = 12, .box_h = 18, .ofs_x = 1, .ofs_y = -4},
    {.bitmap_index = 6629, .adv_w = 202, .box_w = 11, .box_h = 18, .ofs_x = 1, .ofs_y = 0},
    {.bitmap_index = 6675, .adv_w = 202, .box_w = 11, .box_h = 18, .ofs_x = 1, .ofs_y = 0},
    {.bitmap_index = 6721, .adv_w = 202, .box_w = 11, .box_h = 18, .ofs_x = 1, .ofs_y = 0},
    {.bitmap_index = 6771, .adv_w = 202, .box_w = 11, .box_h = 18, .ofs_x = 1, .ofs_y = 0},
    {.bitmap_index = 6819, .adv_w = 94, .box_w = 5, .box_h = 18, .ofs_x = 0, .ofs_y = 0},
    {.bitmap_index = 6835, .adv_w = 94, .box_w = 5, .box_h = 18, .ofs_x = 1, .ofs_y = 0},
    {.bitmap_index = 6850, .adv_w = 94, .box_w = 7, .box_h = 18, .ofs_x = -1, .ofs_y = 0},
    {.bitmap_index = 6874, .adv_w = 94, .box_w = 6, .box_h = 18, .ofs_x = 0, .ofs_y = 0},
    {.bitmap_index = 6891, .adv_w = 248, .box_w = 15, .box_h = 14, .ofs_x = 0, .ofs_y = 0},
    {.bitmap_index = 6972, .adv_w = 239, .box_w = 12, .box_h = 18, .ofs_x = 1, .ofs_y = 0},
    {.bitmap_index = 7045, .adv_w = 252, .box_w = 14, .box_h = 19, .ofs_x = 1, .ofs_y = 0},
    {.bitmap_index = 7143, .adv_w = 252, .box_w = 14, .box_h = 19, .ofs_x = 1, .ofs_y = 0},
    {.bitmap_index = 7240, .adv_w = 252, .box_w = 14, .box_h = 19, .ofs_x = 1, .ofs_y = 0},
    {.bitmap_index = 7340, .adv_w = 252, .box_w = 14, .box_h = 18, .ofs_x = 1, .ofs_y = 0},
    {.bitmap_index = 7441, .adv_w = 252, .box_w = 14, .box_h = 18, .ofs_x = 1, .ofs_y = 0},
    {.bitmap_index = 7538, .adv_w = 268, .box_w = 13, .box_h = 12, .ofs_x = 2, .ofs_y = 0},
    {.bitmap_index = 7606, .adv_w = 252, .box_w = 14, .box_h = 16, .ofs_x = 1, .ofs_y = -1},
    {.bitmap_index = 7712, .adv_w = 234, .box_w = 12, .box_h = 19, .ofs_x = 1, .ofs_y = 0},
    {.bitmap_index = 7767, .adv_w = 234, .box_w = 12, .box_h = 19, .ofs_x = 1, .ofs_y = 0},
    {.bitmap_index = 7822, .adv_w = 234, .box_w = 12, .box_h = 19, .ofs_x = 1, .ofs_y = 0},
    {.bitmap_index = 7880, .adv_w = 234, .box_w = 12, .box_h = 18, .ofs_x = 1, .ofs_y = 0},
    {.bitmap_index = 7935, .adv_w = 195, .box_w = 14, .box_h = 18, .ofs_x = -1, .ofs_y = 0},
    {.bitmap_index = 8001, .adv_w = 194, .box_w = 11, .box_h = 14, .ofs_x = 1, .ofs_y = 0},
    {.bitmap_index = 8049, .adv_w = 202, .box_w = 11, .box_h = 15, .ofs_x = 1, .ofs_y = 0},
    {.bitmap_index = 8117, .adv_w = 196, .box_w = 10, .box_h = 16, .ofs_x = 1, .ofs_y = 0},
    {.bitmap_index = 8189, .adv_w = 196, .box_w = 10, .box_h = 16, .ofs_x = 1, .ofs_y = 0},
    {.bitmap_index = 8262, .adv_w = 196, .box_w = 10, .box_h = 16, .ofs_x = 1, .ofs_y = 0},
    {.bitmap_index = 8339, .adv_w = 196, .box_w = 10, .box_h = 15, .ofs_x = 1, .ofs_y = 0},
    {.bitmap_index = 8414, .adv_w = 196, .box_w = 10, .box_h = 15, .ofs_x = 1, .ofs_y = 0},
    {.bitmap_index = 8485, .adv_w = 196, .box_w = 10, .box_h = 18, .ofs_x = 1, .ofs_y = 0},
    {.bitmap_index = 8568, .adv_w = 314, .box_w = 18, .box_h = 11, .ofs_x = 1, .ofs_y = 0},
    {.bitmap_index = 8659, .adv_w = 176, .box_w = 9, .box_h = 15, .ofs_x = 1, .ofs_y = -4},
    {.bitmap_index = 8718, .adv_w = 197, .box_w = 11, .box_h = 16, .ofs_x = 1, .ofs_y = 0},
    {.bitmap_index = 8788, .adv_w = 197, .box_w = 11, .box_h = 16, .ofs_x = 1, .ofs_y = 0},
    {.bitmap_index = 8858, .adv_w = 197, .box_w = 11, .box_h = 16, .ofs_x = 1, .ofs_y = 0},
    {.bitmap_index = 8932, .adv_w = 197, .box_w = 11, .box_h = 15, .ofs_x = 1, .ofs_y = 0},
    {.bitmap_index = 9000, .adv_w = 89, .box_w = 6, .box_h = 16, .ofs_x = -1, .ofs_y = 0},
    {.bitmap_index = 9020, .adv_w = 89, .box_w = 6, .box_h = 16, .ofs_x = 1, .ofs_y = 0},
    {.bitmap_index = 9040, .adv_w = 89, .box_w = 7, .box_h = 16, .ofs_x = -1, .ofs_y = 0},
    {.bitmap_index = 9063, .adv_w = 89, .box_w = 7, .box_h = 15, .ofs_x = -1, .ofs_y = 0},
    {.bitmap_index = 9080, .adv_w = 196, .box_w = 11, .box_h = 15, .ofs_x = 1, .ofs_y = 0},
    {.bitmap_index = 9158, .adv_w = 203, .box_w = 10, .box_h = 15, .ofs_x = 1, .ofs_y = 0},
    {.bitmap_index = 9207, .adv_w = 196, .box_w = 11, .box_h = 16, .ofs_x = 1, .ofs_y = 0},
    {.bitmap_index = 9282, .adv_w = 196, .box_w = 11, .box_h = 16, .ofs_x = 1, .ofs_y = 0},
    {.bitmap_index = 9356, .adv_w = 196, .box_w = 11, .box_h = 16, .ofs_x = 1, .ofs_y = 0},
    {.bitmap_index = 9434, .adv_w = 196, .box_w = 11, .box_h = 15, .ofs_x = 1, .ofs_y = 0},
    {.bitmap_index = 9510, .adv_w = 196, .box_w = 11, .box_h = 15, .ofs_x = 1, .ofs_y = 0},
    {.bitmap_index = 9582, .adv_w = 268, .box_w = 13, .box_h = 10, .ofs_x = 2, .ofs_y = 1},
    {.bitmap_index = 9614, .adv_w = 196, .box_w = 12, .box_h = 13, .ofs_x = 0, .ofs_y = -1},
    {.bitmap_index = 9689, .adv_w = 203, .box_w = 10, .box_h = 16, .ofs_x = 1, .ofs_y = 0},
    {.bitmap_index = 9733, .adv_w = 203, .box_w = 10, .box_h = 16, .ofs_x = 1, .ofs_y = 0},
    {.bitmap_index = 9777, .adv_w = 203, .box_w = 10, .box_h = 16, .ofs_x = 1, .ofs_y = 0},
    {.bitmap_index = 9825, .adv_w = 203, .box_w = 10, .box_h = 15, .ofs_x = 1, .ofs_y = 0},
    {.bitmap_index = 9867, .adv_w = 189, .box_w = 12, .box_h = 20, .ofs_x = 0, .ofs_y = -4},
    {.bitmap_index = 9958, .adv_w = 203, .box_w = 11, .box_h = 19, .ofs_x = 1, .ofs_y = -4},
    {.bitmap_index = 10024, .adv_w = 189, .box_w = 12, .box_h = 19, .ofs_x = 0, .ofs_y = -4},
    {.bitmap_index = 10112, .adv_w = 160, .box_w = 10, .box_h = 3, .ofs_x = 0, .ofs_y = 4},
    {.bitmap_index = 10121, .adv_w = 320, .box_w = 20, .box_h = 3, .ofs_x = 0, .ofs_y = 4},
    {.bitmap_index = 10134, .adv_w = 102, .box_w = 4, .box_h = 5, .ofs_x = 1, .ofs_y = 9},
    {.bitmap_index = 10145, .adv_w = 102, .box_w = 4, .box_h = 5, .ofs_x = 1, .ofs_y = 9},
    {.bitmap_index = 10155, .adv_w = 102, .box_w = 4, .box_h = 5, .ofs_x = 1, .ofs_y = -2},
    {.bitmap_index = 10165, .adv_w = 166, .box_w = 8, .box_h = 5, .ofs_x = 1, .ofs_y = 9},
    {.bitmap_index = 10186, .adv_w = 166, .box_w = 8, .box_h = 5, .ofs_x = 1, .ofs_y = 9},
    {.bitmap_index = 10206, .adv_w = 166, .box_w = 8, .box_h = 5, .ofs_x = 1, .ofs_y = -2},
    {.bitmap_index = 10226, .adv_w = 189, .box_w = 6, .box_h = 6, .ofs_x = 3, .ofs_y = 4},
    {.bitmap_index = 10243, .adv_w = 320, .box_w = 16, .box_h = 3, .ofs_x = 2, .ofs_y = 0},
    {.bitmap_index = 10260, .adv_w = 268, .box_w = 16, .box_h = 10, .ofs_x = 0, .ofs_y = 1},
    {.bitmap_index = 10308, .adv_w = 268, .box_w = 10, .box_h = 15, .ofs_x = 3, .ofs_y = 0},
    {.bitmap_index = 10343, .adv_w = 268, .box_w = 15, .box_h = 10, .ofs_x = 1, .ofs_y = 1},
    {.bitmap_index = 10389, .adv_w = 268, .box_w = 10, .box_h = 16, .ofs_x = 3, .ofs_y = -1},
    {.bitmap_index = 10427, .adv_w = 246, .box_w = 16, .box_h = 16, .ofs_x = 0, .ofs_y = -3},
    {.bitmap_index = 10501, .adv_w = 287, .box_w = 17, .box_h = 15, .ofs_x = 0, .ofs_y = 0},
    {.bitmap_index = 10594, .adv_w = 268, .box_w = 11, .box_h = 12, .ofs_x = 3, .ofs_y = 1},
    {.bitmap_index = 10644, .adv_w = 268, .box_w = 13, .box_h = 16, .ofs_x = 2, .ofs_y = -1},
    {.bitmap_index = 10727, .adv_w = 280, .box_w = 19, .box_h = 18, .ofs_x = -1, .ofs_y = -2},
    {.bitmap_index = 10832, .adv_w = 320, .box_w = 22, .box_h = 21, .ofs_x = -1, .ofs_y = -3},
    {.bitmap_index = 10954, .adv_w = 280, .box_w = 18, .box_h = 20, .ofs_x = 0, .ofs_y = -2},
    {.bitmap_index = 11057, .adv_w = 320, .box_w = 20, .box_h = 21, .ofs_x = 0, .ofs_y = -3},
    {.bitmap_index = 11202, .adv_w = 280, .box_w = 18, .box_h = 19, .ofs_x = 0, .ofs_y = -2},
    {.bitmap_index = 11289, .adv_w = 280, .box_w = 18, .box_h = 21, .ofs_x = 0, .ofs_y = -3},
    {.bitmap_index = 11430, .adv_w = 320, .box_w = 20, .box_h = 19, .ofs_x = 0, .ofs_y = -2},
    {.bitmap_index = 11555, .adv_w = 360, .box_w = 23, .box_h = 19, .ofs_x = 0, .ofs_y = -2}
};

/*---------------------
 *  CHARACTER MAPPING
 *--------------------*/

static const uint16_t unicode_list_2[] = {
    0x0, 0x1, 0x5, 0x6, 0x7, 0x9, 0xa, 0xb,
    0xf, 0x13, 0x17d, 0x17e, 0x17f, 0x180, 0x5a3, 0x68d,
    0x700, 0x704, 0xcff9, 0xd002, 0xd006, 0xd047, 0xd08d, 0xd10b,
    0xd1cb, 0xd6ec
};

/*Collect the unicode lists and glyph_id offsets*/
static const lv_font_fmt_txt_cmap_t cmaps[] =
{
    {
        .range_start = 32, .range_length = 95, .glyph_id_start = 1,
        .unicode_list = NULL, .glyph_id_ofs_list = NULL, .list_length = 0, .type = LV_FONT_FMT_TXT_CMAP_FORMAT0_TINY
    },
    {
        .range_start = 160, .range_length = 96, .glyph_id_start = 96,
        .unicode_list = NULL, .glyph_id_ofs_list = NULL, .list_length = 0, .type = LV_FONT_FMT_TXT_CMAP_FORMAT0_TINY
    },
    {
        .range_start = 8211, .range_length = 55021, .glyph_id_start = 192,
        .unicode_list = unicode_list_2, .glyph_id_ofs_list = NULL, .list_length = 26, .type = LV_FONT_FMT_TXT_CMAP_SPARSE_TINY
    }
};



/*--------------------
 *  ALL CUSTOM DATA
 *--------------------*/

#if LVGL_VERSION_MAJOR == 8
/*Store all the custom data of the font*/
static  lv_font_fmt_txt_glyph_cache_t cache;
#endif

#if LVGL_VERSION_MAJOR >= 8
static const lv_font_fmt_txt_dsc_t font_dsc = {
#else
static lv_font_fmt_txt_dsc_t font_dsc = {
#endif
    .glyph_bitmap = glyph_bitmap,
    .glyph_dsc = glyph_dsc,
    .cmaps = cmaps,
    .kern_dsc = NULL,
    .kern_scale = 0,
    .cmap_num = 3,
    .bpp = 4,
    .kern_classes = 0,
    .bitmap_format = 1,
#if LVGL_VERSION_MAJOR == 8
    .cache = &cache
#endif
};



/*-----------------
 *  PUBLIC FONT
 *----------------*/

/*Initialize a public general font descriptor*/
#if LVGL_VERSION_MAJOR >= 8
const lv_font_t wizard_font_20 = {
#else
lv_font_t wizard_font_20 = {
#endif
    .get_glyph_dsc = lv_font_get_glyph_dsc_fmt_txt,    /*Function pointer to get glyph's data*/
    .get_glyph_bitmap = lv_font_get_bitmap_fmt_txt,    /*Function pointer to get glyph's bitmap*/
    .line_height = 24,          /*The maximum line height required by the font*/
    .base_line = 5,             /*Baseline measured from the bottom of the line*/
#if !(LVGL_VERSION_MAJOR == 6 && LVGL_VERSION_MINOR == 0)
    .subpx = LV_FONT_SUBPX_NONE,
#endif
#if LV_VERSION_CHECK(7, 4, 0) || LVGL_VERSION_MAJOR >= 8
    .underline_position = 0,
    .underline_thickness = 1,
#endif
    .dsc = &font_dsc,          /*The custom font data. Will be accessed by `get_glyph_bitmap/dsc` */
#if LV_VERSION_CHECK(8, 2, 0) || LVGL_VERSION_MAJOR >= 9
    .fallback = NULL,
#endif
    .user_data = NULL,
};



#endif /*#if WIZARD_FONT_20*/
