/* Generated by tools/mkfonts.sh, do not edit. Rendered from DejaVu Sans 2.37
 * (Bitstream Vera and Arev licenses, tools/fonts/DejaVuSans-LICENSE.txt) and icons of
 * Font Awesome 7.3.1 Free Solid (SIL OFL 1.1, tools/fonts/fontawesome/LICENSE.txt). */
/*******************************************************************************
 * Size: 32 px
 * Bpp: 4
 * Opts: --bpp 4 --size 32 --format lvgl --font tools/fonts/DejaVuSans.ttf -r 0x20-0x7E,0xA0-0xFF,0x2013-0x2014,0x2018-0x201A,0x201C-0x201E,0x2022,0x2026,0x2190-0x2193,0x2713,0x2717,0x26A0,0x25B6 --font tools/fonts/fontawesome/fa-solid-900.ttf -r 0xF015,0xF1DE,0xF0A0,0xF6FF,0xF019,0xF11E,0xF00C,0xF05A --lv-include lvgl.h --lv-font-name wizard_font_32 -o src/fonts/wizard_font_32.c.tmp
 ******************************************************************************/

#ifdef LV_LVGL_H_INCLUDE_SIMPLE
#include "lvgl.h"
#else
#include "lvgl.h"
#endif

#ifndef WIZARD_FONT_32
#define WIZARD_FONT_32 1
#endif

#if WIZARD_FONT_32

/*-----------------
 *    BITMAPS
 *----------------*/

/*Store the image of the glyphs*/
static LV_ATTRIBUTE_LARGE_CONST const uint8_t glyph_bitmap[] = {
    /* U+0020 " " */

    /* U+0021 "!" */
    0x2f, 0xf8, 0x3, 0xff, 0xb8, 0x60, 0x1, 0x10,
    0x7, 0x8c, 0x4, 0x4, 0x8, 0x58, 0x33, 0xa8,
    0x3, 0xf1, 0x7f, 0xc0, 0x1f, 0xfc, 0x0,

    /* U+0022 "\"" */
    0xef, 0xb0, 0xb, 0xfd, 0x40, 0x1f, 0xff, 0x34,
    0x41, 0x80, 0x48, 0x8d,

    /* U+0023 "#" */
    0x0, 0xfe, 0xaf, 0xe0, 0xd, 0x1f, 0xe0, 0xf,
    0xfe, 0xa, 0x2, 0x0, 0x64, 0x4, 0x0, 0xff,
    0xe0, 0x10, 0x86, 0x0, 0x63, 0xc, 0x0, 0xff,
    0xe0, 0x38, 0x1, 0x0, 0x24, 0x0, 0x20, 0x7,
    0xff, 0x3, 0x0, 0x48, 0x2, 0xc0, 0x1, 0x80,
    0x7f, 0xf0, 0x10, 0x10, 0x3, 0x20, 0x20, 0x7,
    0xca, 0xcd, 0x9c, 0x80, 0x59, 0xb1, 0x80, 0x19,
    0xb1, 0x0, 0x26, 0x7a, 0x0, 0x9, 0x33, 0x80,
    0x9, 0x33, 0x9c, 0x3, 0xff, 0x9b, 0x9f, 0xf8,
    0x81, 0x7f, 0xf1, 0x82, 0x7f, 0xf2, 0x80, 0x78,
    0x48, 0x30, 0x3, 0x18, 0x60, 0x7, 0xff, 0x1,
    0xc0, 0x8, 0x1, 0x20, 0x1, 0x0, 0x3f, 0xf8,
    0x18, 0x2, 0x40, 0x16, 0x0, 0xc, 0x3, 0xff,
    0x80, 0x80, 0x80, 0x19, 0x1, 0x0, 0x3e, 0x8f,
    0xfe, 0x10, 0x5f, 0xfc, 0x60, 0x9f, 0xfa, 0x40,
    0x3f, 0xf9, 0xb7, 0x33, 0x8c, 0x6, 0x67, 0x18,
    0x2, 0x67, 0xa8, 0x0, 0x6c, 0xd8, 0x81, 0xd9,
    0xb0, 0x1, 0x19, 0xb8, 0xc0, 0x3c, 0x42, 0x1e,
    0x1, 0x8c, 0x30, 0x3, 0xff, 0x80, 0x80, 0x4,
    0x0, 0x90, 0x0, 0x80, 0x1f, 0xfc, 0xf, 0x1,
    0x20, 0xb, 0x0, 0x6, 0x1, 0xff, 0xc0, 0x40,
    0x40, 0xc, 0x80, 0x80, 0x1f, 0xfc, 0x1, 0x20,
    0xc0, 0xc, 0x61, 0x80, 0x1f, 0xc0,

    /* U+0024 "$" */
    0x0, 0xfb, 0x34, 0x3, 0xff, 0xbc, 0x73, 0xbe,
    0x65, 0xfb, 0x92, 0xa0, 0x1a, 0x31, 0x88, 0x3,
    0x11, 0xb5, 0x20, 0x1, 0xdc, 0x0, 0x6b, 0x32,
    0xca, 0x72, 0x0, 0xd2, 0x0, 0xb9, 0x40, 0x1,
    0xac, 0x6d, 0xb0, 0x18, 0x82, 0x20, 0x3, 0xf2,
    0x10, 0x30, 0x0, 0x80, 0x3f, 0xf8, 0x2, 0x0,
    0x50, 0xf, 0xfe, 0x2, 0x80, 0xd, 0x80, 0x3f,
    0xe1, 0x60, 0x4, 0xe3, 0x88, 0x7, 0xf4, 0xa8,
    0x0, 0xe0, 0x89, 0xb4, 0xa0, 0x1e, 0xab, 0x40,
    0xc, 0x4b, 0x5c, 0xa0, 0x1c, 0x97, 0xd6, 0x40,
    0x20, 0x1, 0xa7, 0x0, 0xf0, 0xa0, 0x97, 0x59,
    0x80, 0x20, 0x80, 0x3f, 0xc9, 0x86, 0x0, 0x50,
    0xf, 0xfe, 0x4, 0x80, 0x34, 0x3, 0xff, 0x80,
    0xc0, 0x10, 0x80, 0x7f, 0xc8, 0x0, 0x24, 0xd4,
    0x0, 0xfc, 0x70, 0x0, 0xb0, 0x2b, 0xe9, 0x64,
    0x0, 0x35, 0xe0, 0x1, 0x4d, 0x84, 0x5, 0xa6,
    0xcc, 0xa5, 0x0, 0x9, 0x40, 0x7d, 0x8e, 0x82,
    0x1, 0x89, 0x6e, 0xc0, 0x18, 0xe2, 0xfb, 0xcc,
    0xbf, 0x69, 0x0, 0x3f, 0xfd, 0xd5, 0x60, 0x1f,
    0x0,

    /* U+0025 "%" */
    0x0, 0x9b, 0x3f, 0xdb, 0x2, 0x1, 0xfc, 0x3f,
    0xe6, 0x0, 0xfa, 0xe4, 0xc0, 0x4, 0xfe, 0x40,
    0x1f, 0xa8, 0xd, 0x80, 0x3d, 0x8, 0xd, 0xbd,
    0x20, 0x3c, 0x1, 0xf2, 0xa0, 0x70, 0x7, 0xcc,
    0x9, 0x24, 0x2d, 0x0, 0x66, 0x0, 0xe1, 0xb0,
    0x72, 0x0, 0xf1, 0x8, 0x68, 0x6, 0x60, 0x2,
    0x0, 0x74, 0x9, 0x40, 0x7, 0xc2, 0x0, 0x20,
    0xc, 0x20, 0xf, 0x0, 0xc6, 0xc1, 0x20, 0x1f,
    0x84, 0x0, 0x40, 0x18, 0x40, 0x1e, 0x1, 0xb8,
    0x19, 0x0, 0x3f, 0x10, 0x86, 0x80, 0x67, 0x0,
    0x20, 0x5, 0x4, 0x30, 0x1, 0xfe, 0x60, 0x48,
    0x11, 0x34, 0x81, 0x98, 0x0, 0x4e, 0x16, 0x20,
    0x1f, 0xe8, 0x40, 0x7e, 0xe4, 0x80, 0xf0, 0x5,
    0xc0, 0x8a, 0x1, 0xff, 0xc0, 0xb9, 0x30, 0x1,
    0x3f, 0x90, 0x1, 0x8c, 0x24, 0x0, 0x77, 0xdf,
    0xae, 0x1, 0xe6, 0xcf, 0xf6, 0xc0, 0x80, 0x6,
    0x42, 0x8, 0x1b, 0x10, 0x40, 0xa3, 0x44, 0x3,
    0xff, 0x83, 0x60, 0x6e, 0x5, 0x20, 0x9b, 0xf2,
    0x5, 0x60, 0x1f, 0xfc, 0x5, 0x50, 0x78, 0x2,
    0x0, 0x16, 0x40, 0xce, 0xa, 0x40, 0x1f, 0xf5,
    0x83, 0x98, 0x1, 0x1, 0x80, 0x35, 0x0, 0x10,
    0x3, 0xfd, 0x22, 0x50, 0x0, 0x11, 0x7, 0x0,
    0x62, 0x0, 0x78, 0x7, 0xf1, 0xb0, 0x48, 0x4,
    0x60, 0x1, 0x0, 0xe1, 0x0, 0xff, 0xb8, 0x15,
    0x0, 0x23, 0x0, 0x8, 0x7, 0x8, 0x7, 0xf9,
    0xc8, 0x6c, 0x3, 0x8, 0x83, 0x80, 0x30, 0x80,
    0x3c, 0x3, 0xe2, 0x80, 0x81, 0x0, 0xe4, 0x6,
    0x0, 0xd2, 0x0, 0x40, 0xf, 0xb8, 0x11, 0x80,
    0x3d, 0x20, 0xb, 0x20, 0x57, 0x5, 0x20, 0xf,
    0x31, 0x84, 0x80, 0x7c, 0x72, 0x9, 0xbf, 0x40,
    0x56, 0x1, 0xe1, 0x80, 0x82, 0x0, 0xfc, 0xd6,
    0x82, 0x4, 0xfa, 0x20,

    /* U+0026 "&" */
    0x0, 0xe3, 0xad, 0xff, 0x75, 0xb9, 0x0, 0x7f,
    0xf0, 0x27, 0x14, 0x80, 0x2, 0x91, 0xa6, 0x1,
    0xfe, 0x86, 0x0, 0x13, 0x3b, 0x18, 0x7, 0xff,
    0x5, 0xc0, 0x11, 0xb3, 0x13, 0x9a, 0xe2, 0x1,
    0xfc, 0x80, 0x3, 0x70, 0xe, 0x28, 0x20, 0xf,
    0xfe, 0x3, 0x0, 0x7f, 0xf1, 0x94, 0x0, 0x80,
    0x1f, 0xfc, 0x61, 0x40, 0x19, 0x0, 0xff, 0xe3,
    0x50, 0x1, 0xa0, 0x3, 0xff, 0x8b, 0x0, 0x13,
    0xc0, 0x7, 0xff, 0xe, 0xd8, 0x29, 0x1, 0xe4,
    0x3, 0xf4, 0xc9, 0xc0, 0x12, 0x81, 0x2b, 0x68,
    0xd, 0x20, 0x1e, 0x26, 0x66, 0x81, 0xb0, 0x1b,
    0x0, 0x2c, 0xc1, 0xa8, 0x3, 0x9c, 0x1, 0xa1,
    0x40, 0x9, 0x0, 0xd8, 0x60, 0xb6, 0x1, 0xb0,
    0x0, 0xa0, 0x80, 0x4, 0x0, 0xed, 0x30, 0x4b,
    0x0, 0x98, 0xc, 0x80, 0x80, 0x2, 0x1, 0xc3,
    0xa4, 0x9, 0x80, 0xe0, 0x8, 0x0, 0x8, 0x0,
    0xc0, 0x3c, 0x38, 0x40, 0x7b, 0x0, 0x88, 0x0,
    0x28, 0x2, 0x80, 0x3e, 0x1c, 0x20, 0x20, 0x5,
    0x0, 0x5a, 0x0, 0x64, 0x0, 0xf8, 0x78, 0x2,
    0x20, 0xc, 0xc4, 0x0, 0xb7, 0x0, 0xf3, 0x68,
    0x4, 0x5a, 0x1, 0xb0, 0x40, 0x11, 0xd5, 0x32,
    0xbf, 0x91, 0x7, 0x10, 0x3b, 0x0, 0x87, 0xd0,
    0x0, 0x2a, 0xcc, 0x40, 0x1, 0xe4, 0x68, 0x1,
    0x24, 0x2, 0x1b, 0xc6, 0x31, 0x1, 0x26, 0xbc,
    0x30, 0x39, 0x0, 0x34, 0x0,

    /* U+0027 "'" */
    0xef, 0xb0, 0xf, 0xfe, 0x4a, 0x20, 0xc0,

    /* U+0028 "(" */
    0x0, 0xed, 0xfa, 0x0, 0xce, 0x41, 0x0, 0x10,
    0xc0, 0x31, 0x0, 0x52, 0x0, 0xb0, 0x8, 0x5c,
    0x10, 0x80, 0x26, 0x0, 0x70, 0x6, 0xa0, 0x2,
    0x80, 0x44, 0x40, 0x40, 0xc, 0xa0, 0xc, 0x0,
    0xd8, 0x0, 0x30, 0xc, 0xa0, 0x5, 0x0, 0xc2,
    0x0, 0x10, 0x8, 0x80, 0x4, 0x1, 0x84, 0x3,
    0xfc, 0x20, 0x1f, 0x8, 0x6, 0x20, 0x1, 0x80,
    0x61, 0x0, 0x8, 0x7, 0x18, 0x0, 0x80, 0x32,
    0x80, 0x1c, 0x3, 0x60, 0x3, 0x0, 0x32, 0x80,
    0x10, 0x3, 0x94, 0x8, 0x80, 0x1a, 0x40, 0x14,
    0x1, 0x8c, 0xc0, 0xc0, 0x1d, 0x0, 0x2a, 0x1,
    0x90, 0xc2, 0x0, 0x3b, 0xc0, 0x94, 0x3, 0x1d,
    0x39, 0x80,

    /* U+0029 ")" */
    0x2f, 0xf2, 0x80, 0x62, 0x50, 0xb0, 0xe, 0x80,
    0x18, 0x0, 0xc4, 0xa0, 0xe2, 0x1, 0xb8, 0x0,
    0xc0, 0x19, 0x8, 0x24, 0x3, 0x94, 0x5, 0x0,
    0x35, 0x80, 0x38, 0x3, 0x18, 0x1, 0x0, 0x38,
    0xc0, 0x48, 0x3, 0x28, 0x1, 0x0, 0x37, 0x0,
    0x38, 0x3, 0x8, 0x0, 0x80, 0x31, 0x80, 0x4,
    0x3, 0xff, 0x86, 0x20, 0x18, 0xc0, 0x6, 0x1,
    0xb8, 0x1, 0xc0, 0x18, 0xc0, 0x6, 0x1, 0x94,
    0x0, 0xa0, 0x10, 0x88, 0xc, 0x40, 0x27, 0x0,
    0x58, 0x6, 0xd0, 0x3, 0x0, 0x42, 0x80, 0x82,
    0x1, 0x30, 0x3, 0xc0, 0x34, 0x81, 0xa0, 0x4,
    0xa2, 0x1e, 0x1, 0xa0, 0x14, 0xc0, 0x22, 0x57,
    0xb0, 0xc,

    /* U+002A "*" */
    0x0, 0xfb, 0xb8, 0x1, 0xff, 0xdc, 0x9d, 0x40,
    0xf, 0xc9, 0xb2, 0x1, 0x15, 0xd0, 0x80, 0x61,
    0xab, 0x20, 0xa, 0x75, 0x55, 0xce, 0x0, 0x7e,
    0x55, 0x6c, 0x80, 0x45, 0x58, 0x70, 0x22, 0x83,
    0xca, 0x20, 0xf, 0x1e, 0x90, 0x0, 0xb4, 0xc0,
    0x3e, 0x18, 0xe2, 0x0, 0x17, 0x40, 0x80, 0x73,
    0xfb, 0xa6, 0x88, 0xb5, 0x1f, 0xdc, 0x2, 0xc8,
    0xa, 0xb2, 0x0, 0x15, 0xd0, 0x46, 0x0, 0x29,
    0xf9, 0x40, 0x3c, 0xbc, 0xf2, 0x0, 0x68, 0x0,
    0xff, 0x42, 0x80, 0x7f, 0xf3, 0x1d, 0xc0, 0x1f,
    0x0,

    /* U+002B "+" */
    0x0, 0xfe, 0x22, 0x8, 0x7, 0xff, 0x1b, 0x36,
    0x80, 0x3f, 0xff, 0xe0, 0x1f, 0xff, 0xf0, 0xf,
    0x35, 0x57, 0xe1, 0x5, 0xaa, 0xfc, 0x9e, 0xab,
    0xf8, 0x0, 0x2a, 0xbf, 0x88, 0x3, 0xff, 0x93,
    0x3f, 0xff, 0x84, 0x13, 0xff, 0xf3, 0x0, 0x7f,
    0xff, 0xc0, 0x3f, 0xff, 0xe0, 0x1f, 0xfc, 0x60,

    /* U+002C "," */
    0x2, 0xbb, 0x80, 0xc, 0x89, 0x0, 0x7e, 0x20,
    0x1, 0x80, 0x30, 0x1, 0x0, 0x4, 0x3, 0x40,
    0x21, 0xf, 0x0, 0x20, 0x21, 0x80, 0x0,

    /* U+002D "-" */
    0x49, 0x9f, 0xc6, 0xcd, 0xf8, 0x3, 0xf8,

    /* U+002E "." */
    0x9f, 0xf5, 0x80, 0x7f, 0xf0, 0x0,

    /* U+002F "/" */
    0x0, 0xfd, 0xfe, 0xa0, 0xf, 0x94, 0x1, 0xe0,
    0x1f, 0x78, 0x1, 0x40, 0x3e, 0x40, 0x40, 0xf,
    0x90, 0x43, 0x40, 0x3e, 0xd0, 0x3, 0x80, 0x7c,
    0x80, 0x62, 0x1, 0xe2, 0x20, 0x58, 0x7, 0xca,
    0x0, 0x50, 0xf, 0xac, 0x8, 0x80, 0x1e, 0x13,
    0x5, 0x0, 0xf9, 0xc0, 0x18, 0x1, 0xf6, 0x80,
    0xa0, 0x7, 0xc8, 0x8, 0x1, 0xf2, 0x80, 0x3c,
    0x3, 0xef, 0x0, 0x28, 0x7, 0xc8, 0x8, 0x1,
    0xf1, 0x88, 0x68, 0x7, 0xd6, 0x0, 0x70, 0xf,
    0x94, 0xc, 0x40, 0x3c, 0x44, 0xb, 0x0, 0xf9,
    0x40, 0x8, 0x1, 0xf5, 0x80, 0x98, 0x7, 0x84,
    0xc1, 0xc0, 0x3e, 0x70, 0x6, 0x80, 0x7d, 0xa0,
    0x4, 0x0, 0xfb, 0x1e, 0x80, 0x3f, 0x0,

    /* U+0030 "0" */
    0x0, 0xc5, 0x1b, 0xdf, 0xb4, 0x80, 0x1f, 0x9b,
    0x5c, 0x84, 0x9, 0x6e, 0x80, 0x3c, 0xd2, 0x0,
    0x26, 0x74, 0x0, 0x2d, 0x80, 0x62, 0x90, 0x3,
    0xec, 0xc5, 0xd8, 0x0, 0x8e, 0x1, 0x40, 0x1,
    0x20, 0x3, 0x25, 0x0, 0x24, 0x2, 0x50, 0x4,
    0x0, 0x79, 0x48, 0x5, 0x41, 0x40, 0x4, 0x60,
    0x1f, 0x50, 0x3, 0xc3, 0x40, 0x8, 0x1, 0xf8,
    0xc0, 0xe, 0x6, 0x0, 0xe0, 0xf, 0xca, 0x0,
    0x20, 0x70, 0x1, 0x0, 0x7e, 0x10, 0x8, 0x84,
    0x3, 0xff, 0x88, 0x60, 0x1, 0x0, 0xfe, 0x10,
    0x0, 0x98, 0x0, 0x40, 0x3f, 0x84, 0x0, 0x22,
    0x0, 0xff, 0xe2, 0x38, 0x0, 0x80, 0x3f, 0x8,
    0x4, 0x46, 0x0, 0xe0, 0xf, 0xca, 0x0, 0x20,
    0xd0, 0x2, 0x0, 0x7e, 0x30, 0x3, 0x82, 0x80,
    0x8, 0x80, 0x1f, 0x50, 0x3, 0xc0, 0xa, 0x0,
    0x80, 0xf, 0x29, 0x0, 0x14, 0x1, 0x0, 0x5,
    0x80, 0xc, 0x76, 0x0, 0x80, 0x8, 0xa4, 0x0,
    0xfb, 0x31, 0x78, 0x20, 0x8e, 0x1, 0x9a, 0x0,
    0x4, 0xce, 0x80, 0x5, 0xb0, 0xf, 0x3e, 0xb9,
    0x8, 0x12, 0xdd, 0x0, 0x60,

    /* U+0031 "1" */
    0x1, 0x47, 0xae, 0xff, 0x90, 0x3, 0x9f, 0xae,
    0x14, 0x40, 0x3f, 0xf9, 0x82, 0x8f, 0x5b, 0xe2,
    0x1, 0xf9, 0xae, 0x14, 0x80, 0x3f, 0xff, 0xe0,
    0x1f, 0xff, 0xf0, 0xf, 0xff, 0xf8, 0x7, 0xfd,
    0x55, 0xc2, 0x0, 0x8a, 0xac, 0x80, 0xab, 0xc0,
    0x11, 0xaa, 0xe2, 0x0, 0xff, 0xe1, 0x80,

    /* U+0032 "2" */
    0x0, 0x13, 0x56, 0xff, 0xba, 0xdc, 0x40, 0x32,
    0x66, 0xca, 0x90, 0x0, 0x52, 0x39, 0xc0, 0x2c,
    0x30, 0x8, 0x91, 0x4, 0x1, 0x44, 0x80, 0x64,
    0xae, 0xdb, 0xb6, 0xe8, 0xc0, 0xc, 0x81, 0x9b,
    0x6a, 0x20, 0x18, 0xb0, 0x80, 0x1e, 0x8, 0x40,
    0x1f, 0xd0, 0x0, 0x40, 0xf, 0xfe, 0x3, 0x80,
    0x7f, 0xf0, 0xd8, 0x0, 0x20, 0x1f, 0xfc, 0xd,
    0x0, 0x20, 0x7, 0xfc, 0x4c, 0x0, 0x90, 0xf,
    0xfb, 0x80, 0xa, 0x60, 0x1f, 0xeb, 0x30, 0x2a,
    0x0, 0xff, 0x52, 0x0, 0xf8, 0x7, 0xfa, 0x94,
    0x7, 0x8, 0x3, 0xfa, 0x94, 0x7, 0x8, 0x3,
    0xfa, 0x94, 0x7, 0x8, 0x3, 0xfa, 0xd4, 0x7,
    0x8, 0x3, 0xfa, 0xd0, 0x7, 0x8, 0x3, 0xfa,
    0xd0, 0xb, 0x8, 0x3, 0xfb, 0x10, 0xb, 0x8,
    0x3, 0xfa, 0x4c, 0x0, 0x37, 0x55, 0xfc, 0x26,
    0x1, 0x1a, 0xaf, 0xf8, 0xc0, 0x3f, 0xf8, 0x80,

    /* U+0033 "3" */
    0x1, 0x48, 0xbd, 0xef, 0xf6, 0xd2, 0x0, 0x76,
    0x5b, 0xa1, 0x8, 0x0, 0x96, 0xf4, 0x80, 0x3c,
    0x24, 0x88, 0x30, 0x8, 0xb0, 0x80, 0x15, 0x4e,
    0xe6, 0xdd, 0xb3, 0xe8, 0x40, 0x64, 0x0, 0xea,
    0x20, 0x1e, 0x5a, 0x0, 0x20, 0x80, 0x7f, 0xc8,
    0x1, 0x10, 0x7, 0xff, 0xc, 0x40, 0x3f, 0xe6,
    0x0, 0x9, 0x0, 0x7e, 0x13, 0x99, 0x0, 0x20,
    0x3, 0xa3, 0xfe, 0xec, 0x60, 0x5, 0x30, 0x7,
    0xff, 0x1, 0xb9, 0x40, 0x3d, 0xac, 0xc5, 0x41,
    0x6, 0xc4, 0x0, 0xf2, 0xcc, 0xaa, 0xfa, 0x84,
    0xad, 0x80, 0x3f, 0xe5, 0xc0, 0x4, 0x90, 0x7,
    0xfc, 0x4c, 0x0, 0xa0, 0xf, 0xfe, 0x7, 0x80,
    0xc, 0x3, 0xff, 0x86, 0xe0, 0x1f, 0xfc, 0xc,
    0x0, 0x30, 0x7, 0xfc, 0x6a, 0x0, 0xc8, 0xa4,
    0x0, 0xf0, 0xbe, 0x0, 0x9, 0x85, 0x6f, 0xf6,
    0xea, 0xf7, 0xa0, 0x0, 0x3c, 0x2, 0x1, 0x12,
    0x2a, 0x10, 0x4, 0x78, 0x61, 0x1b, 0xa, 0x40,
    0x10, 0x9b, 0xe6, 0x8, 0x0,

    /* U+0034 "4" */
    0x0, 0xfe, 0x1f, 0xfc, 0x60, 0x1f, 0xfc, 0xa,
    0x0, 0xff, 0xe2, 0x32, 0x0, 0x7f, 0xf0, 0xc6,
    0x41, 0x84, 0x3, 0xff, 0x83, 0x40, 0x32, 0x1,
    0xff, 0xc1, 0x64, 0xa, 0x0, 0xff, 0xe0, 0x8c,
    0x82, 0xa0, 0x7, 0xff, 0x6, 0x80, 0x6c, 0x3,
    0xff, 0x82, 0xc8, 0x16, 0x20, 0x1f, 0xfc, 0x1,
    0x90, 0x45, 0x0, 0xff, 0xe0, 0xd0, 0x2, 0x80,
    0x3f, 0xf8, 0x2c, 0x81, 0x22, 0x1, 0xff, 0xc0,
    0x19, 0x4, 0x60, 0xf, 0xfe, 0xd, 0x0, 0x24,
    0x3, 0xff, 0x82, 0xa8, 0x10, 0x40, 0x1f, 0xfc,
    0x12, 0x0, 0x47, 0xff, 0xc2, 0x0, 0xcf, 0xf4,
    0x80, 0x7f, 0xf1, 0x8d, 0x57, 0xfc, 0x1, 0x22,
    0xab, 0x12, 0xab, 0xfc, 0x20, 0x8, 0xaa, 0x28,
    0x7, 0xff, 0xf0,

    /* U+0035 "5" */
    0x8, 0xff, 0xff, 0xb4, 0x3, 0xff, 0x94, 0x6a,
    0xbf, 0x90, 0x3, 0xd3, 0x55, 0xfa, 0x40, 0x3f,
    0xfd, 0x5d, 0x9f, 0xee, 0xb7, 0x10, 0xf, 0xc8,
    0x60, 0x1, 0x48, 0xe6, 0x0, 0xf8, 0x91, 0x50,
    0x40, 0x29, 0x90, 0x5, 0xd3, 0xdb, 0x75, 0x7d,
    0x64, 0x0, 0x65, 0x0, 0x33, 0x4, 0x3, 0x93,
    0x4c, 0x1, 0x0, 0x1f, 0xfc, 0xe, 0x0, 0x11,
    0x80, 0x7f, 0xc4, 0x60, 0x5, 0x0, 0xff, 0xe0,
    0x30, 0x3, 0x80, 0x3f, 0xfa, 0xc, 0x0, 0xe0,
    0xf, 0xf8, 0x8c, 0x0, 0xa0, 0x1f, 0xf7, 0x0,
    0x4, 0xe2, 0xd4, 0x3, 0xc9, 0xa6, 0x0, 0xb0,
    0x2, 0x57, 0xed, 0xd5, 0xf5, 0x90, 0x1, 0x94,
    0x3, 0x89, 0x15, 0x4, 0x2, 0x99, 0x0, 0x23,
    0x21, 0x8, 0x40, 0x4, 0xb3, 0xec, 0x1, 0x0,

    /* U+0036 "6" */
    0x0, 0xf3, 0x5e, 0xff, 0xb6, 0xd8, 0x80, 0x3c,
    0xbd, 0x28, 0x40, 0x2, 0x49, 0xf0, 0xe, 0x7a,
    0x10, 0x1, 0x22, 0x8, 0x40, 0x3c, 0xd0, 0x0,
    0x7e, 0xdb, 0xb6, 0xf6, 0x40, 0x4, 0x32, 0x0,
    0xb8, 0x10, 0xe, 0x35, 0x0, 0xa0, 0x0, 0xe8,
    0x1, 0xff, 0xc0, 0x60, 0x4, 0x80, 0x7f, 0xf0,
    0x10, 0x0, 0x82, 0x53, 0xbf, 0xdb, 0x24, 0x1,
    0x8c, 0x0, 0x6d, 0xac, 0x40, 0x24, 0xdb, 0x0,
    0x16, 0x80, 0x12, 0x40, 0x55, 0xd8, 0x40, 0xf,
    0x0, 0x1, 0x0, 0x18, 0x2f, 0x54, 0x4f, 0x30,
    0x1, 0xd0, 0x1c, 0x2, 0x2a, 0x0, 0xe9, 0x40,
    0x7, 0x83, 0x80, 0x50, 0x1, 0xf4, 0x0, 0x10,
    0x4, 0x2, 0x40, 0xf, 0x8c, 0x2, 0x33, 0x0,
    0x42, 0x1, 0xf8, 0x80, 0xf, 0xe0, 0x1f, 0xfc,
    0x45, 0x0, 0x84, 0x3, 0xf1, 0x0, 0x1c, 0xc8,
    0x0, 0x80, 0x1f, 0x18, 0x4, 0x61, 0x40, 0x8,
    0x0, 0xfa, 0x0, 0x8, 0x0, 0x71, 0x2, 0xa0,
    0xe, 0x94, 0x0, 0x40, 0x5, 0x40, 0x5, 0xea,
    0x89, 0xe6, 0x0, 0x41, 0x80, 0x49, 0x62, 0x2,
    0xae, 0xc2, 0x0, 0x97, 0x0, 0xe4, 0xe9, 0x31,
    0x1, 0x37, 0xe6, 0x0, 0x80,

    /* U+0037 "7" */
    0x6f, 0xff, 0xfe, 0x15, 0x0, 0x7f, 0xf0, 0xc8,
    0x8a, 0xbf, 0xe4, 0x0, 0xa9, 0x2a, 0xbf, 0xd8,
    0x0, 0x32, 0x0, 0xff, 0xa4, 0x1, 0x40, 0x1f,
    0xf2, 0x8, 0x1, 0x80, 0x3f, 0xee, 0x0, 0x30,
    0x7, 0xfc, 0x2a, 0x0, 0xa0, 0xf, 0xf9, 0x80,
    0x4, 0x60, 0x1f, 0xf5, 0x0, 0x28, 0x3, 0xfe,
    0x32, 0x0, 0x30, 0x7, 0xfd, 0x20, 0x5, 0x10,
    0xf, 0xf0, 0xa8, 0x3, 0x80, 0x3f, 0xe7, 0x0,
    0x12, 0x0, 0x7f, 0xd4, 0x0, 0xa0, 0xf, 0xf8,
    0xcc, 0x0, 0x60, 0xf, 0xfa, 0x80, 0x8, 0x20,
    0x1f, 0xf3, 0x0, 0x3c, 0x3, 0xfe, 0x60, 0x0,
    0xa0, 0x7, 0xfd, 0x40, 0x6, 0x0, 0xff, 0x88,
    0xc0, 0x14, 0x1, 0xff, 0x50, 0x1, 0x8, 0x3,
    0xfe, 0x60, 0x7, 0x0, 0x7e,

    /* U+0038 "8" */
    0x0, 0xcd, 0x7d, 0xfe, 0xec, 0x82, 0x0, 0xf2,
    0x74, 0xa0, 0x80, 0x4, 0xdf, 0x64, 0x3, 0x1d,
    0x88, 0x1, 0x19, 0xd4, 0x40, 0xd, 0x40, 0x17,
    0x80, 0xf, 0x6e, 0x62, 0xb9, 0xc0, 0xa, 0x60,
    0x46, 0x0, 0xe2, 0x0, 0xe8, 0x30, 0x5, 0x83,
    0x0, 0x4, 0x80, 0x3e, 0x40, 0x0, 0x83, 0x80,
    0x4, 0x3, 0xf0, 0x80, 0x38, 0xc, 0x2, 0x60,
    0xf, 0xb, 0x80, 0x14, 0x1, 0x0, 0x9, 0x91,
    0x88, 0x13, 0xf8, 0x84, 0x90, 0x1, 0xdc, 0x0,
    0x6c, 0xef, 0xd8, 0x14, 0xc6, 0x0, 0xd1, 0x8a,
    0x1, 0xe2, 0xc2, 0x0, 0xe2, 0x95, 0x4, 0x77,
    0x28, 0x94, 0x79, 0x80, 0x49, 0xaa, 0x7b, 0x71,
    0xa, 0xe7, 0x1, 0xc2, 0x1, 0xb0, 0x1d, 0x20,
    0xe, 0x85, 0x0, 0x40, 0x48, 0x1, 0xc4, 0x3,
    0xe9, 0x0, 0x28, 0x20, 0x3, 0xc0, 0x3f, 0x18,
    0x4, 0x40, 0x1f, 0xfc, 0x57, 0x0, 0x78, 0x7,
    0xe3, 0x0, 0x88, 0xc0, 0xe, 0x20, 0x1f, 0x48,
    0x0, 0xc2, 0x80, 0x3, 0xa4, 0x1, 0xd2, 0xa0,
    0x9, 0x2, 0x80, 0x1, 0xed, 0xcc, 0x57, 0x30,
    0x1, 0x14, 0x0, 0xf0, 0x1, 0x23, 0x3a, 0x88,
    0x1, 0xac, 0x3, 0x3f, 0x42, 0x8, 0x0, 0x4d,
    0xf6, 0x40, 0x20,

    /* U+0039 "9" */
    0x0, 0xcd, 0x7d, 0xfd, 0xb0, 0x40, 0x1f, 0x27,
    0x4a, 0x8, 0x9, 0x3e, 0xc0, 0x7, 0x25, 0x88,
    0x1, 0x5d, 0x8c, 0x0, 0xf0, 0x1, 0xd, 0x80,
    0x13, 0xaa, 0x27, 0x2c, 0x0, 0xe8, 0x0, 0x60,
    0x1, 0x58, 0x80, 0x64, 0xa0, 0x4, 0x80, 0x2c,
    0x1, 0x40, 0x1f, 0x29, 0x1, 0x18, 0x10, 0x1,
    0x0, 0x3f, 0x38, 0x2, 0xc0, 0x40, 0x3f, 0xe3,
    0x0, 0x18, 0x8, 0x1, 0x80, 0x3f, 0x10, 0x1,
    0x41, 0x40, 0x1e, 0x1, 0xf0, 0xa0, 0x0, 0x43,
    0x80, 0xa, 0x80, 0x1e, 0xb0, 0xe, 0x53, 0x0,
    0x5c, 0x10, 0x1, 0x31, 0x40, 0x30, 0x86, 0x90,
    0x1, 0xf7, 0xfd, 0x66, 0x12, 0x1, 0x8, 0xe,
    0xb8, 0x7, 0x8b, 0x14, 0x3, 0xe8, 0xfb, 0x98,
    0x9c, 0xd3, 0x50, 0x1, 0x0, 0x79, 0x19, 0xd8,
    0xc0, 0x18, 0x0, 0x40, 0xf, 0xfe, 0xa, 0x80,
    0x30, 0x3, 0xff, 0x80, 0xe0, 0x1, 0x50, 0xf,
    0xf9, 0x20, 0x1, 0x0, 0x12, 0xb8, 0x80, 0x73,
    0xd8, 0x1, 0x18, 0x2, 0x28, 0xed, 0xbb, 0x67,
    0xc0, 0x0, 0xec, 0x3, 0xe2, 0x44, 0x18, 0x4,
    0xd8, 0x1, 0xcd, 0x4c, 0x62, 0x2, 0x6f, 0xb2,
    0x1, 0xc0,

    /* U+003A ":" */
    0x3f, 0xf8, 0x1c, 0x3, 0xff, 0x84, 0x9f, 0xf0,
    0x7, 0xff, 0x74, 0xff, 0xe0, 0x70, 0xf, 0xfe,
    0x10,

    /* U+003B ";" */
    0x4, 0xff, 0x80, 0x3f, 0xf8, 0x4e, 0x1, 0xc7,
    0xff, 0x0, 0x7f, 0xf8, 0xa, 0xee, 0x0, 0x32,
    0x24, 0x1, 0xf8, 0x80, 0x6, 0x0, 0xc0, 0x4,
    0x0, 0x10, 0xd, 0x0, 0x84, 0x3c, 0x0, 0x80,
    0x86, 0x0,

    /* U+003C "<" */
    0x0, 0xff, 0xe3, 0xaa, 0x0, 0x7f, 0xf1, 0xe,
    0x7e, 0x88, 0x3, 0xff, 0x82, 0x51, 0xb8, 0xc0,
    0x1f, 0xfc, 0x11, 0x6c, 0xd7, 0x20, 0x1, 0x3b,
    0x80, 0x3f, 0x2d, 0xf4, 0x98, 0x0, 0x5b, 0x36,
    0x4, 0x3, 0x8e, 0x7a, 0x90, 0x2, 0x5b, 0xe9,
    0x30, 0xe, 0x28, 0xdc, 0x61, 0x0, 0x25, 0x7d,
    0x20, 0x7, 0x93, 0x35, 0xc8, 0x0, 0x71, 0xd6,
    0xa0, 0x1f, 0xda, 0x60, 0x2, 0x7d, 0xc7, 0x10,
    0xf, 0xfe, 0x19, 0x11, 0x80, 0x3f, 0xf8, 0x54,
    0xa0, 0x12, 0xdf, 0x49, 0x80, 0x7f, 0xc7, 0x5f,
    0x48, 0x0, 0x16, 0xcd, 0x72, 0x0, 0xff, 0x96,
    0xfa, 0x8, 0x0, 0x51, 0xb8, 0xc2, 0x1, 0xfe,
    0x17, 0xdc, 0x71, 0x0, 0x1c, 0xf5, 0xa8, 0x7,
    0xfc, 0x71, 0xd6, 0xa0, 0x12, 0x57, 0xd1, 0x0,
    0x7f, 0xc9, 0x5f, 0x28, 0x1, 0x2a, 0x0, 0x7f,
    0xf0, 0x9a, 0xfa, 0x8, 0x3, 0xff, 0x8c, 0x2f,
    0xb8, 0xa0,

    /* U+003D "=" */
    0x9f, 0xff, 0xfe, 0x3b, 0x0, 0x7f, 0xf2, 0x7d,
    0x57, 0xff, 0x8e, 0x4d, 0x55, 0xff, 0xc7, 0x40,
    0xf, 0xfe, 0xf3, 0x55, 0x7f, 0xf1, 0xd3, 0xd5,
    0x7f, 0xf8, 0xe4, 0x1, 0xff, 0xc9,

    /* U+003E ">" */
    0x54, 0x0, 0xff, 0xe3, 0xe5, 0xf4, 0x10, 0x7,
    0xff, 0x18, 0x5f, 0x71, 0xc4, 0x3, 0xff, 0x83,
    0x6c, 0x20, 0x3, 0x8e, 0xb5, 0x0, 0xff, 0x8a,
    0x7a, 0xd4, 0x2, 0x4a, 0xf9, 0x40, 0xf, 0xf9,
    0x2b, 0xe9, 0x0, 0x26, 0xbe, 0x82, 0x0, 0xff,
    0x96, 0xfa, 0xc, 0x0, 0x2f, 0xb8, 0xe2, 0x1,
    0xfe, 0x17, 0xcd, 0x72, 0x0, 0x1c, 0x75, 0x98,
    0x7, 0xfc, 0x51, 0xb8, 0xc2, 0x0, 0x45, 0x0,
    0xff, 0xe1, 0x31, 0x8, 0x7, 0xff, 0xd, 0x2b,
    0xe9, 0x0, 0x2, 0xc8, 0x1, 0xf8, 0xe7, 0xad,
    0x40, 0x25, 0xbe, 0x92, 0x0, 0xe2, 0x8d, 0xc6,
    0x10, 0x1, 0xcf, 0xd2, 0x0, 0x70, 0xb6, 0x6b,
    0x90, 0x0, 0xa3, 0x71, 0x80, 0x3c, 0x97, 0xd2,
    0x60, 0x1, 0x6c, 0xd7, 0x20, 0xf, 0xda, 0x80,
    0x12, 0xdf, 0x49, 0x80, 0x7f, 0xf0, 0x4e, 0x7a,
    0x90, 0x3, 0xff, 0x85, 0xba, 0xc6, 0x10, 0xf,
    0xfe, 0x20,

    /* U+003F "?" */
    0x0, 0x24, 0xef, 0x7f, 0x5b, 0x0, 0x49, 0xb6,
    0xc4, 0x20, 0x29, 0x3a, 0x41, 0xe4, 0x0, 0x46,
    0x52, 0x0, 0x17, 0x80, 0xa, 0x7e, 0xe6, 0xb6,
    0x40, 0x4, 0xdf, 0xac, 0x1, 0xcc, 0xa0, 0xc,
    0x40, 0xf, 0xda, 0x0, 0x10, 0xf, 0xed, 0x0,
    0x18, 0x7, 0xe3, 0x50, 0x5, 0x0, 0x7c, 0x7a,
    0x0, 0x82, 0x0, 0xf1, 0xe0, 0x83, 0xb8, 0x3,
    0xc7, 0x80, 0x8, 0x80, 0x7, 0x87, 0x40, 0x10,
    0xe0, 0x1f, 0x30, 0x82, 0xb8, 0x7, 0xec, 0x0,
    0x70, 0x7, 0xf3, 0x80, 0x1c, 0x3, 0xff, 0x94,
    0xc4, 0x41, 0x0, 0xfe, 0xad, 0xd1, 0x0, 0x7f,
    0xf2, 0xbb, 0xfc, 0x80, 0x1f, 0xfe, 0x0,

    /* U+0040 "@" */
    0x0, 0xff, 0xe0, 0x9, 0x9c, 0x20, 0x1f, 0xfc,
    0x71, 0x6b, 0xfe, 0xcc, 0xbb, 0x94, 0xa0, 0x1f,
    0xfc, 0x37, 0xf9, 0x40, 0xf, 0xa, 0xd7, 0x30,
    0x7, 0xfc, 0x7d, 0x2, 0xb, 0x5b, 0xdf, 0xed,
    0x95, 0x1, 0x9b, 0x10, 0xf, 0xcd, 0x82, 0x11,
    0xf4, 0xa4, 0x20, 0x2, 0x6a, 0xe5, 0x4, 0xc2,
    0x0, 0xf2, 0xc8, 0x1f, 0x38, 0x7, 0xf8, 0x6a,
    0xc0, 0xbc, 0x40, 0x31, 0xd0, 0x26, 0x8, 0x7,
    0xff, 0x5, 0x2c, 0xa, 0xc0, 0x37, 0x81, 0xd8,
    0x7, 0xff, 0x11, 0x28, 0x15, 0x0, 0xa, 0x61,
    0xc0, 0x1c, 0x75, 0xdf, 0xd4, 0x80, 0xf9, 0x0,
    0x5, 0x50, 0x40, 0x2, 0x1, 0x88, 0x3, 0x36,
    0x28, 0x80, 0xad, 0xc7, 0x19, 0x0, 0x52, 0x6,
    0x46, 0x41, 0x60, 0x19, 0x24, 0x0, 0xf5, 0x6e,
    0xe, 0xc0, 0x1c, 0x64, 0x8, 0x80, 0x32, 0x0,
    0xd2, 0x3, 0xb0, 0xa9, 0x1a, 0x20, 0x1f, 0x38,
    0x66, 0x82, 0x0, 0x63, 0x20, 0x82, 0x0, 0xc5,
    0x60, 0x1f, 0x10, 0xb, 0x87, 0x0, 0x64, 0x0,
    0x38, 0x7, 0x94, 0x3, 0xff, 0x80, 0x60, 0x1b,
    0xc0, 0x2, 0x1, 0xf1, 0x0, 0x78, 0x40, 0x40,
    0x3e, 0x10, 0x10, 0xf, 0xfe, 0x1a, 0x86, 0x88,
    0x10, 0x6, 0xe0, 0x11, 0x0, 0x7c, 0x40, 0x1c,
    0x46, 0x8, 0xc1, 0xc0, 0x18, 0xc0, 0xe, 0x1,
    0xe5, 0x0, 0xf4, 0x81, 0x9b, 0x41, 0xc0, 0x32,
    0x10, 0x41, 0x0, 0x61, 0xb0, 0xe, 0x94, 0xf,
    0x5, 0x1, 0x30, 0xd, 0x0, 0x3b, 0x8, 0x87,
    0xf1, 0x0, 0x33, 0xeb, 0x5, 0x18, 0x11, 0x84,
    0x0, 0x65, 0x80, 0x3, 0xdd, 0xa0, 0x59, 0x80,
    0x70, 0x44, 0xc5, 0x0, 0xa0, 0x11, 0x0, 0x19,
    0xf1, 0x44, 0x5, 0x6e, 0x40, 0x49, 0xaf, 0x4c,
    0x3, 0x22, 0x2, 0x88, 0x3, 0x1d, 0x77, 0xf5,
    0x20, 0x4f, 0x6c, 0xa0, 0x7, 0xd4, 0x22, 0xf1,
    0x0, 0xff, 0xe5, 0x8e, 0x81, 0x7a, 0x0, 0x7f,
    0xf0, 0xa, 0x88, 0x3, 0xf1, 0xe0, 0x8a, 0xe8,
    0x80, 0x3f, 0xc, 0x6a, 0xf8, 0x7, 0xf1, 0xf9,
    0x82, 0xee, 0xa5, 0x95, 0x15, 0xf3, 0x9c, 0x6,
    0x40, 0x3f, 0xc3, 0x96, 0x40, 0x4d, 0x35, 0x75,
    0x6, 0x3, 0x1c, 0x80, 0x1f, 0xfc, 0x4, 0xdc,
    0x74, 0x10, 0x0, 0x9b, 0xdf, 0x38, 0x7, 0xc0,

    /* U+0041 "A" */
    0x0, 0xfc, 0x3f, 0xf7, 0x0, 0x7f, 0xf1, 0x5c,
    0x2, 0x14, 0x0, 0xff, 0xe2, 0x58, 0x6, 0xf0,
    0xf, 0xfe, 0x19, 0x90, 0x29, 0x82, 0x8, 0x7,
    0xff, 0xa, 0x80, 0x1d, 0x40, 0x6, 0x0, 0xff,
    0xe1, 0x30, 0xa, 0x38, 0x2, 0x80, 0x3f, 0xf8,
    0x2a, 0x0, 0x60, 0x15, 0x2, 0x30, 0xf, 0xfe,
    0x4, 0x80, 0x28, 0x1, 0xc0, 0x9, 0x0, 0xff,
    0x88, 0xc0, 0xc8, 0x0, 0x82, 0xa, 0x1, 0xff,
    0x50, 0x2, 0xc0, 0x33, 0x80, 0x18, 0x3, 0xfc,
    0xc0, 0x6, 0x0, 0xd4, 0x0, 0xa0, 0xf, 0xe4,
    0x10, 0x41, 0x0, 0xc6, 0x40, 0x64, 0x1, 0xfb,
    0x80, 0x1c, 0x1, 0xea, 0x0, 0x58, 0x7, 0xc2,
    0xa0, 0x5, 0x0, 0xf3, 0x0, 0x1c, 0x3, 0xe6,
    0x0, 0xd, 0x57, 0xd6, 0x0, 0x15, 0x0, 0xf5,
    0x0, 0x5, 0x57, 0xf0, 0x5, 0xc0, 0x1c, 0x64,
    0x1, 0xff, 0xc2, 0x41, 0x0, 0xd4, 0x0, 0x7f,
    0xff, 0xf3, 0x0, 0x18, 0x3, 0x30, 0x2, 0x80,
    0x3f, 0xda, 0x0, 0x90, 0x9, 0x80, 0x4, 0x40,
    0xf, 0xf2, 0x8, 0xa, 0x0, 0x28, 0x1, 0x40,
    0x1f, 0xfc, 0x6, 0x0, 0x70, 0x11, 0x80, 0x18,
    0x3, 0xff, 0x81, 0x60, 0x5, 0x1a, 0x0, 0x18,
    0x80, 0x7f, 0xf0, 0xc, 0x80, 0xe,

    /* U+0042 "B" */
    0xdf, 0xff, 0xdd, 0x92, 0x60, 0x1f, 0xfc, 0x11,
    0x36, 0xca, 0x0, 0xf2, 0x33, 0x65, 0x40, 0x9,
    0x6c, 0x3, 0xbe, 0x67, 0x55, 0xfb, 0x0, 0x11,
    0x0, 0x1f, 0xfc, 0x9, 0x30, 0x6, 0x80, 0x7f,
    0xf0, 0x50, 0x0, 0x40, 0x1f, 0xfc, 0x42, 0x0,
    0xff, 0xe0, 0xa0, 0x3, 0xc0, 0x3f, 0xf8, 0x10,
    0x60, 0x2c, 0x1, 0xbe, 0x67, 0xaf, 0x9c, 0x7,
    0x40, 0x39, 0x19, 0xb9, 0x4, 0x1f, 0x8c, 0x3,
    0xff, 0x84, 0xfa, 0x60, 0x1d, 0x7f, 0xfd, 0xd6,
    0xa0, 0x58, 0x80, 0x1f, 0xe1, 0x4a, 0x80, 0x5,
    0x0, 0x7f, 0xf0, 0x5c, 0x40, 0x54, 0x3, 0xff,
    0x82, 0xa0, 0xc, 0x0, 0xff, 0xe0, 0x88, 0x0,
    0xc0, 0x3f, 0xf8, 0x2c, 0x0, 0x30, 0xf, 0xfe,
    0x1, 0x98, 0x1, 0xe0, 0x1f, 0xf2, 0x68, 0x0,
    0x5c, 0x2, 0xf9, 0x9e, 0xad, 0xb1, 0x0, 0x58,
    0x80, 0x48, 0xcd, 0xca, 0x40, 0x1, 0xa5, 0x0,
    0xff, 0x89, 0x67, 0x94, 0x0,

    /* U+0043 "C" */
    0x0, 0xf8, 0xe2, 0xf7, 0xfd, 0xd9, 0x28, 0x1,
    0xf8, 0xf3, 0xe, 0x84, 0x0, 0x13, 0x6b, 0xe6,
    0x0, 0xe7, 0xc3, 0x0, 0x8d, 0x54, 0x84, 0x0,
    0x19, 0x80, 0x9, 0xe0, 0x0, 0x55, 0xf9, 0x54,
    0xbd, 0xe8, 0x10, 0x10, 0x2, 0x40, 0x1, 0x75,
    0x40, 0x3c, 0x2f, 0xce, 0x1, 0x48, 0x0, 0xe8,
    0x3, 0xfe, 0x88, 0x2, 0x90, 0x3, 0x80, 0x3f,
    0xf8, 0x22, 0x1e, 0x0, 0x42, 0x0, 0xff, 0xe1,
    0xa0, 0x3, 0x0, 0x3f, 0xf8, 0x82, 0x0, 0x30,
    0xf, 0xfe, 0x19, 0x0, 0x4e, 0x1, 0xff, 0xc7,
    0x10, 0xf, 0xfe, 0x38, 0x80, 0x7f, 0xf0, 0xc8,
    0x2, 0x70, 0xf, 0xfe, 0x20, 0x80, 0xc, 0x3,
    0xff, 0x88, 0x80, 0xc, 0x0, 0xff, 0xe2, 0x78,
    0x1, 0x8, 0x3, 0xff, 0x86, 0xa4, 0x0, 0xe0,
    0xf, 0xfe, 0x8, 0x80, 0x24, 0x0, 0x74, 0x1,
    0xff, 0x44, 0x0, 0x9, 0x0, 0x5, 0xd5, 0x0,
    0xf0, 0xbf, 0x38, 0x6, 0x78, 0x0, 0x15, 0x7e,
    0x55, 0x2f, 0x7a, 0x4, 0x4, 0x3, 0x3e, 0x18,
    0x4, 0x6a, 0xa4, 0x20, 0x0, 0xcc, 0x0, 0x71,
    0xe6, 0x1c, 0xc8, 0x0, 0x26, 0xd7, 0xcc, 0x0,

    /* U+0044 "D" */
    0xdf, 0xff, 0xbb, 0x69, 0xd0, 0x3, 0xff, 0x86,
    0x24, 0xb1, 0x7d, 0x0, 0x1f, 0x91, 0x9a, 0x54,
    0x30, 0x8, 0x5f, 0x90, 0x3, 0xdf, 0x33, 0x55,
    0xe7, 0xe2, 0x80, 0x6, 0xcc, 0x3, 0xff, 0x82,
    0x75, 0x62, 0x0, 0xd1, 0x0, 0xff, 0xe1, 0x26,
    0x80, 0x6, 0x40, 0x3f, 0xf8, 0x66, 0xc0, 0x7,
    0x0, 0xff, 0xe2, 0x58, 0x4, 0x60, 0x1f, 0xfc,
    0x32, 0x10, 0x2, 0x0, 0x7f, 0xf1, 0x14, 0x1,
    0xc0, 0x1f, 0xfc, 0x41, 0x0, 0x18, 0x7, 0xff,
    0x10, 0xc0, 0x2, 0x1, 0xff, 0xc4, 0x30, 0x0,
    0x80, 0x7f, 0xf1, 0x4, 0x0, 0x60, 0x1f, 0xfc,
    0x45, 0x0, 0x70, 0x7, 0xff, 0xc, 0x84, 0x0,
    0x80, 0x1f, 0xfc, 0x3b, 0x0, 0x8c, 0x3, 0xff,
    0x84, 0x6c, 0x0, 0x70, 0xf, 0xfe, 0x12, 0x68,
    0x0, 0x64, 0x3, 0xff, 0x80, 0x75, 0x62, 0x0,
    0xd1, 0x0, 0xdf, 0x33, 0x55, 0xe7, 0xe2, 0x80,
    0x6, 0xcc, 0x3, 0x91, 0x9a, 0x54, 0x30, 0x8,
    0x5f, 0x90, 0x3, 0xfe, 0x12, 0x48, 0xbe, 0x80,
    0xe,

    /* U+0045 "E" */
    0xdf, 0xff, 0xfe, 0xf, 0x0, 0x7f, 0xf2, 0xd,
    0x57, 0xfc, 0xe0, 0x1a, 0x2a, 0xbf, 0xd2, 0x1,
    0xff, 0xff, 0x0, 0xfe, 0x8a, 0xaf, 0xf2, 0x0,
    0x63, 0x55, 0xff, 0x10, 0x7, 0xff, 0x22, 0xff,
    0xff, 0xcc, 0x1, 0xff, 0xff, 0x0, 0xff, 0xee,
    0xc5, 0x57, 0xfc, 0x20, 0x11, 0xaa, 0xff, 0xc6,
    0x1, 0xff, 0xc4,

    /* U+0046 "F" */
    0xdf, 0xff, 0xfe, 0x4, 0x0, 0x7f, 0xf1, 0x4d,
    0x57, 0xfb, 0x40, 0x28, 0xaa, 0xfe, 0x50, 0xf,
    0xff, 0xed, 0xff, 0xfe, 0x80, 0xf, 0xfe, 0x31,
    0xaa, 0xfe, 0xd0, 0xd, 0x15, 0x5f, 0x94, 0x3,
    0xff, 0xfe, 0x1, 0xff, 0xf6,

    /* U+0047 "G" */
    0x0, 0xf8, 0x9e, 0xf7, 0xbf, 0xb6, 0x9c, 0x80,
    0x3f, 0x8e, 0xf6, 0x10, 0x84, 0x4, 0x96, 0x37,
    0x14, 0x3, 0xcf, 0x88, 0x1, 0x1a, 0x2a, 0x8c,
    0x40, 0x7, 0x50, 0x1, 0x9e, 0x0, 0x5, 0x3f,
    0x97, 0x54, 0xce, 0xd7, 0x10, 0x10, 0x9, 0x20,
    0x0, 0xba, 0xc0, 0x1f, 0x14, 0x73, 0x88, 0x5,
    0x20, 0x3, 0xa0, 0xf, 0xfe, 0x4, 0x40, 0x0,
    0xa4, 0x0, 0xe0, 0xf, 0xfe, 0x2f, 0x80, 0x10,
    0x80, 0x3f, 0xf8, 0xa8, 0x0, 0xc0, 0xf, 0xfe,
    0x30, 0x80, 0xc, 0x3, 0xff, 0x8a, 0x40, 0x13,
    0x80, 0x7c, 0x33, 0x3f, 0x84, 0x3, 0x8, 0x7,
    0xe6, 0x6f, 0xc6, 0x1, 0xff, 0xca, 0x20, 0x9,
    0x80, 0x3e, 0x1f, 0xfe, 0x0, 0xe1, 0x0, 0x18,
    0x7, 0xff, 0x19, 0x0, 0x18, 0x1, 0xff, 0xc6,
    0xf0, 0x2, 0x10, 0x7, 0xff, 0x15, 0x48, 0x1,
    0xc0, 0x1f, 0xfc, 0x69, 0x0, 0x1d, 0x0, 0x7f,
    0xf1, 0x51, 0xc0, 0xb, 0xac, 0x1, 0xf1, 0x40,
    0x7, 0xd1, 0x0, 0x1, 0x4f, 0xe5, 0xd5, 0x2f,
    0x74, 0xe0, 0x3, 0x30, 0x6, 0x7c, 0x40, 0x8,
    0xd1, 0x54, 0x84, 0x0, 0x3a, 0xc1, 0x0, 0xe3,
    0xbc, 0x84, 0x21, 0x1, 0x24, 0x8c, 0xc2, 0x80,
    0x0,

    /* U+0048 "H" */
    0xdf, 0xf2, 0x0, 0x7f, 0x8f, 0xfd, 0xc0, 0x1f,
    0xff, 0xf0, 0xf, 0xff, 0xe4, 0x55, 0x7f, 0xa0,
    0x3, 0xc6, 0xab, 0xfe, 0x40, 0xf, 0xfe, 0x65,
    0xff, 0xff, 0xb0, 0x3, 0xff, 0xfe, 0x1, 0xff,
    0xff, 0x0, 0xff, 0xea, 0x80,

    /* U+0049 "I" */
    0xdf, 0xf2, 0x0, 0x7f, 0xff, 0xc0, 0x3f, 0xf8,
    0x20,

    /* U+004A "J" */
    0x0, 0xed, 0xff, 0x20, 0x7, 0xff, 0xfc, 0x3,
    0xff, 0xfe, 0x1, 0xff, 0xe0, 0x30, 0xf, 0xc2,
    0x0, 0x70, 0xc, 0x20, 0x11, 0x0, 0x67, 0x0,
    0x8, 0x80, 0x23, 0x80, 0x3, 0x3, 0xde, 0x60,
    0x40, 0x12, 0x1a, 0x86, 0x1, 0x58, 0x80, 0x42,
    0x6f, 0xc8, 0x0,

    /* U+004B "K" */
    0xdf, 0xf2, 0x0, 0x7f, 0x5f, 0xfc, 0xa0, 0x1f,
    0xfc, 0x1, 0xc4, 0x0, 0x5a, 0x80, 0x7f, 0xc3,
    0x86, 0x3, 0x88, 0x1, 0xff, 0x16, 0x10, 0xe,
    0x18, 0x7, 0xfc, 0x58, 0x40, 0x5e, 0x40, 0x1f,
    0xf1, 0xe0, 0x81, 0xe0, 0x80, 0x7f, 0xc9, 0x82,
    0x7, 0x82, 0x1, 0xff, 0x2d, 0x80, 0x13, 0x0,
    0x3f, 0xf8, 0xd, 0x40, 0x5, 0xb0, 0xf, 0xfe,
    0x7, 0xc8, 0x1, 0xe8, 0x3, 0xff, 0x82, 0x80,
    0x6, 0x80, 0xf, 0xfe, 0x2b, 0x90, 0x7, 0xff,
    0xa, 0x4, 0x7, 0x8, 0x3, 0xff, 0x82, 0x78,
    0x20, 0x38, 0x40, 0x1f, 0xfc, 0x12, 0xc1, 0x1,
    0xc2, 0x0, 0xff, 0xe0, 0x96, 0x8, 0xe, 0x10,
    0x7, 0xff, 0x4, 0xb0, 0x40, 0x70, 0x80, 0x3f,
    0xf8, 0x25, 0x82, 0x3, 0x84, 0x1, 0xff, 0xc1,
    0x2c, 0x10, 0x1c, 0x20, 0xf, 0xfe, 0x9, 0x60,
    0x80, 0xe1, 0x80, 0x7f, 0xf0, 0x4b, 0x4, 0x7,
    0x4c, 0x3, 0xff, 0x82, 0x58, 0x20, 0x3a, 0x60,
    0x1f, 0xfc, 0x12, 0xc1, 0x1, 0xc3,

    /* U+004C "L" */
    0xdf, 0xf2, 0x0, 0x7f, 0xff, 0xc0, 0x3f, 0xff,
    0xe0, 0x1f, 0xff, 0xf0, 0xf, 0xff, 0xf4, 0x55,
    0x7f, 0x9c, 0x2, 0x35, 0x5f, 0xf6, 0x80, 0x7f,
    0xf0, 0xc0,

    /* U+004D "M" */
    0xdf, 0xfc, 0x20, 0x1f, 0xe6, 0xff, 0xce, 0x1,
    0xce, 0x1, 0xfe, 0xa0, 0xf, 0xf5, 0x0, 0x7f,
    0x11, 0x80, 0x7e, 0x40, 0x32, 0x0, 0xfd, 0x40,
    0x4, 0x0, 0xf7, 0x0, 0x28, 0x3, 0xf3, 0x1,
    0x90, 0x7, 0x98, 0xc1, 0x80, 0x3e, 0x51, 0xa,
    0x0, 0xfd, 0x40, 0x2a, 0x1, 0xee, 0x0, 0x30,
    0x7, 0xe6, 0x0, 0x70, 0x7, 0xa, 0x3, 0x0,
    0x7f, 0x94, 0x10, 0x40, 0x33, 0x0, 0x28, 0x3,
    0xfd, 0x20, 0x6, 0x0, 0xd4, 0x4, 0x60, 0x1f,
    0xe3, 0x20, 0xa0, 0x8, 0xc8, 0x28, 0x3, 0xff,
    0x81, 0x40, 0x46, 0x0, 0xa0, 0x3, 0x0, 0x7f,
    0xf0, 0x18, 0x1, 0x40, 0x6, 0x4, 0x10, 0xf,
    0xfe, 0x0, 0xa0, 0x30, 0x30, 0x3, 0x80, 0x3f,
    0xf8, 0x5c, 0x0, 0x5a, 0x1, 0x50, 0xf, 0xfe,
    0x12, 0x88, 0x41, 0x83, 0x80, 0x7f, 0xf1, 0x1c,
    0x8, 0x1, 0x60, 0x1f, 0xfc, 0x4a, 0x0, 0x8c,
    0x80, 0x3f, 0xf8, 0x86, 0xec, 0xc8, 0x0, 0xff,
    0xe3, 0x44, 0xc9, 0x0, 0x3f, 0xff, 0xe0,

    /* U+004E "N" */
    0xdf, 0xfa, 0x80, 0x3f, 0x93, 0xfd, 0x80, 0x19,
    0x4c, 0x3, 0xff, 0x8b, 0x0, 0x1f, 0xfc, 0x54,
    0x40, 0x7, 0xff, 0x9, 0x80, 0x10, 0x1, 0xff,
    0xc2, 0xa2, 0x3, 0x50, 0xf, 0xfe, 0x14, 0x0,
    0x20, 0x3, 0xff, 0x84, 0xa6, 0x4, 0xc0, 0x1f,
    0xfc, 0x28, 0x0, 0x40, 0x7, 0xff, 0x9, 0x10,
    0x2, 0xe0, 0x1f, 0xfc, 0x29, 0x0, 0x40, 0x80,
    0x7f, 0xf0, 0x49, 0x40, 0x10, 0x1, 0xff, 0xc2,
    0x80, 0x3, 0x10, 0x7, 0xff, 0x4, 0x98, 0x1,
    0x0, 0x1f, 0xfc, 0x28, 0x0, 0x29, 0x80, 0x7f,
    0xf0, 0x46, 0x0, 0x10, 0x1, 0xff, 0xc2, 0x71,
    0x4, 0x40, 0x7, 0xff, 0xa, 0x0, 0x10, 0x1,
    0xff, 0xc2, 0x62, 0x3, 0xd0, 0xf, 0xfe, 0x14,
    0x0, 0x18, 0x3, 0xff, 0x84, 0xa6, 0x1, 0xff,
    0xc5, 0x80, 0xf, 0xfe, 0x2a, 0x20, 0x3, 0x0,

    /* U+004F "O" */
    0x0, 0xf9, 0x27, 0x7b, 0xfb, 0x69, 0x40, 0x3f,
    0xf8, 0xb, 0xb6, 0xc4, 0x20, 0x24, 0xb5, 0xcc,
    0x1, 0xfd, 0x14, 0x40, 0x1, 0x56, 0x52, 0x0,
    0xc, 0xd0, 0x7, 0xd0, 0xe0, 0x3, 0xce, 0xa9,
    0xad, 0xd2, 0x80, 0x16, 0xc0, 0x39, 0x1c, 0x0,
    0xb8, 0x60, 0x1c, 0x55, 0x0, 0x4, 0x70, 0xd,
    0x20, 0x3, 0xa0, 0xf, 0xe7, 0x60, 0x4, 0x8,
    0x1, 0x48, 0x1, 0xc0, 0x1f, 0xf4, 0x80, 0x52,
    0x0, 0xf0, 0x1, 0x90, 0x7, 0xff, 0x1, 0x80,
    0xa, 0x0, 0x40, 0x5, 0x80, 0x7f, 0xf0, 0x74,
    0x0, 0x42, 0x2, 0x0, 0x30, 0xf, 0xfe, 0xa,
    0x80, 0x44, 0x40, 0x9, 0xc0, 0x3f, 0xf8, 0x22,
    0x1, 0x30, 0x6, 0x10, 0xf, 0xfe, 0xe9, 0x0,
    0x4c, 0x1, 0xff, 0xc1, 0x10, 0x9, 0x80, 0x40,
    0x6, 0x1, 0xff, 0xc1, 0x50, 0x8, 0x81, 0x0,
    0x16, 0x1, 0xff, 0xc1, 0xd0, 0x1, 0x8, 0x78,
    0x0, 0xc8, 0x3, 0xff, 0x80, 0xe0, 0x5, 0x0,
    0x29, 0x0, 0x38, 0x3, 0xfe, 0x91, 0x0, 0x48,
    0x5, 0x0, 0x3, 0x90, 0xf, 0xe7, 0x60, 0x4,
    0x8, 0x4, 0xae, 0x0, 0x6c, 0x30, 0xe, 0x2a,
    0x80, 0x2, 0x38, 0x7, 0x43, 0x80, 0xf, 0x36,
    0xa6, 0xb7, 0x4a, 0x0, 0x5b, 0x0, 0xfa, 0x28,
    0x80, 0x4, 0xac, 0xa4, 0x0, 0x19, 0xa0, 0xf,
    0xe5, 0xdb, 0x62, 0x10, 0x12, 0x5a, 0xe6, 0x0,
    0xe0,

    /* U+0050 "P" */
    0xdf, 0xff, 0xbb, 0x24, 0xc0, 0x3f, 0xf8, 0x2,
    0x6d, 0x96, 0x20, 0x1c, 0x8c, 0xd2, 0xa0, 0x4,
    0x98, 0x1, 0xdf, 0x33, 0x55, 0xfb, 0x0, 0xa,
    0x0, 0x3f, 0xe9, 0x40, 0x2, 0x80, 0x7f, 0xf0,
    0x3c, 0x0, 0x42, 0x1, 0xff, 0x30, 0x4, 0x60,
    0x1f, 0xf0, 0x80, 0x7f, 0xf0, 0xd4, 0x2, 0x20,
    0xf, 0xf0, 0xc0, 0x0, 0xc0, 0x3f, 0x85, 0xbc,
    0x40, 0x10, 0x1, 0xaf, 0xff, 0x74, 0x88, 0x1,
    0xd0, 0x3, 0xff, 0x80, 0x55, 0x0, 0x1c, 0x8c,
    0xd9, 0xe7, 0x35, 0x40, 0x3d, 0xf3, 0x3a, 0x18,
    0xc0, 0x3f, 0xff, 0xe0, 0x1f, 0xfe, 0xe0,

    /* U+0051 "Q" */
    0x0, 0xf9, 0x27, 0x7b, 0xfb, 0x69, 0x40, 0x3f,
    0xf8, 0xb, 0xb6, 0xc4, 0x20, 0x24, 0xb5, 0xcc,
    0x1, 0xfd, 0x14, 0x40, 0x1, 0x56, 0x52, 0x0,
    0xc, 0xd0, 0x7, 0xd0, 0xe0, 0x3, 0xce, 0xa9,
    0xad, 0xd2, 0x80, 0x16, 0xc0, 0x39, 0x1c, 0x0,
    0xb8, 0x60, 0x1c, 0x55, 0x0, 0x4, 0x70, 0xd,
    0x20, 0x3, 0xa0, 0xf, 0xe7, 0x60, 0x4, 0x8,
    0x1, 0x48, 0x1, 0xc0, 0x1f, 0xf4, 0x80, 0x52,
    0x0, 0xf0, 0x1, 0x90, 0x7, 0xff, 0x1, 0x80,
    0xa, 0x0, 0x40, 0x5, 0x80, 0x7f, 0xf0, 0x74,
    0x0, 0x42, 0x2, 0x0, 0x30, 0xf, 0xfe, 0xa,
    0x80, 0x44, 0x40, 0x9, 0xc0, 0x3f, 0xf8, 0x22,
    0x1, 0x30, 0x6, 0x10, 0xf, 0xfe, 0xe9, 0x0,
    0x4c, 0x1, 0xff, 0xc1, 0x10, 0x8, 0x40, 0x40,
    0x6, 0x1, 0xff, 0xc1, 0x50, 0x9, 0x41, 0x0,
    0x18, 0x1, 0xff, 0xc1, 0xc0, 0x1, 0x8, 0x78,
    0x1, 0x8, 0x3, 0xff, 0x80, 0xc0, 0x5, 0x0,
    0x29, 0x0, 0x38, 0x3, 0xfe, 0x91, 0x0, 0x48,
    0x5, 0x20, 0x3, 0x90, 0xf, 0xe6, 0x60, 0x2,
    0x4, 0x2, 0x47, 0x0, 0x35, 0x98, 0x7, 0xc,
    0xc8, 0x0, 0x8e, 0x1, 0xd0, 0xe0, 0x4, 0xcd,
    0xa9, 0xac, 0xe6, 0x0, 0x2d, 0x80, 0x7d, 0x14,
    0x40, 0x2, 0x56, 0x53, 0x0, 0xc, 0xd0, 0x7,
    0xf2, 0xed, 0xb1, 0x8, 0x7, 0x43, 0x0, 0x7f,
    0xf0, 0x12, 0x77, 0xbf, 0xcc, 0x0, 0x95, 0x0,
    0xff, 0xe3, 0x4b, 0x0, 0x29, 0x0, 0x3f, 0xf8,
    0xd2, 0xc0, 0xb, 0x40, 0xf, 0xfe, 0x34, 0xc9,
    0xdc, 0x60, 0x10,

    /* U+0052 "R" */
    0xdf, 0xff, 0xbb, 0x69, 0x0, 0x3f, 0xf8, 0x62,
    0x4b, 0x78, 0x40, 0x1f, 0x91, 0x9a, 0x54, 0x10,
    0x1, 0xe0, 0x80, 0x7d, 0xf3, 0x35, 0x5f, 0x40,
    0x0, 0x60, 0x3, 0xff, 0x84, 0xec, 0x0, 0x70,
    0xf, 0xfe, 0x1d, 0x0, 0x4, 0x40, 0x1f, 0xfc,
    0x21, 0x0, 0x8c, 0x3, 0xff, 0x84, 0x20, 0x1f,
    0xfc, 0x6a, 0x0, 0x88, 0x3, 0xff, 0x82, 0xec,
    0x0, 0x60, 0xf, 0xbe, 0x67, 0x5f, 0x40, 0x0,
    0xa0, 0x3, 0xe4, 0x66, 0xc8, 0x20, 0x5, 0xc1,
    0x0, 0xff, 0xe1, 0xa5, 0x88, 0x7, 0xeb, 0xff,
    0xba, 0xd0, 0x13, 0x4, 0x3, 0xff, 0x80, 0x29,
    0x6c, 0x5, 0xa0, 0x1f, 0xfc, 0x39, 0x20, 0x36,
    0x0, 0xff, 0xe1, 0xc8, 0x2, 0x0, 0x3f, 0xf8,
    0x68, 0x60, 0x30, 0x1, 0xff, 0xc3, 0x80, 0x3,
    0x88, 0x7, 0xff, 0x9, 0xc, 0x1, 0x20, 0x1f,
    0xfc, 0x38, 0x0, 0x38, 0x80, 0x7f, 0xf0, 0x90,
    0xc0, 0x12, 0x1, 0xff, 0xc3, 0x90, 0x3, 0x88,

    /* U+0053 "S" */
    0x0, 0x85, 0xaf, 0xbf, 0xed, 0xb8, 0x40, 0xe,
    0x6e, 0x94, 0x10, 0x8, 0x91, 0xef, 0xc4, 0x1,
    0x12, 0x1, 0x1a, 0xb2, 0xa0, 0x80, 0x46, 0x6,
    0xe0, 0x4, 0xdc, 0xa9, 0xab, 0xec, 0x71, 0x0,
    0x48, 0x0, 0xec, 0x80, 0x3c, 0x71, 0xc4, 0xe,
    0x0, 0x90, 0xf, 0xfe, 0x90, 0x80, 0x30, 0x3,
    0xff, 0x83, 0x60, 0x6, 0x60, 0x7, 0xff, 0x1,
    0xc8, 0x1, 0x3d, 0x4e, 0x60, 0x1f, 0xde, 0x60,
    0x1, 0x58, 0xcf, 0xd8, 0x30, 0xe, 0x2c, 0xa4,
    0x0, 0xe2, 0x7c, 0xb1, 0x0, 0xe5, 0xbf, 0xc9,
    0x62, 0x0, 0x93, 0xc8, 0x3, 0xe3, 0x69, 0xdd,
    0x30, 0x0, 0x78, 0x3, 0xfe, 0x29, 0x90, 0x0,
    0xcc, 0x1, 0xff, 0xc0, 0x61, 0x0, 0x20, 0x7,
    0xff, 0x4, 0x80, 0x1e, 0x1, 0xff, 0xc1, 0x20,
    0x7, 0x28, 0x7, 0xfc, 0xa2, 0x0, 0x59, 0xf9,
    0x30, 0xf, 0x9e, 0x80, 0x4, 0x60, 0x6, 0xcf,
    0xca, 0x99, 0x5f, 0xc0, 0x5, 0xc0, 0x82, 0x1,
    0x1a, 0xb3, 0x10, 0x2, 0x3d, 0x30, 0x8e, 0xc8,
    0x42, 0x0, 0x84, 0xdf, 0x30, 0x40, 0x0,

    /* U+0054 "T" */
    0x1f, 0xff, 0xfe, 0x3d, 0x0, 0x7f, 0xf2, 0x95,
    0x7f, 0x0, 0x46, 0xab, 0xf6, 0xd, 0x57, 0xe2,
    0x0, 0x4d, 0x57, 0xcc, 0x1, 0xff, 0xff, 0x0,
    0xff, 0xff, 0x80, 0x7f, 0xff, 0xc0, 0x3f, 0xff,
    0xe0, 0x1f, 0xff, 0xf0, 0xf, 0xfe, 0x60,

    /* U+0055 "U" */
    0x3f, 0xf8, 0x3, 0xfe, 0x8f, 0xf5, 0x0, 0x7f,
    0xff, 0xc0, 0x3f, 0xff, 0xe0, 0x1f, 0xff, 0xf0,
    0xf, 0xfe, 0xc8, 0x80, 0xc, 0x40, 0x21, 0x0,
    0xff, 0x18, 0x0, 0x48, 0x2, 0x50, 0xf, 0xf3,
    0x80, 0x38, 0xc, 0x1, 0xa0, 0x1f, 0xc4, 0x40,
    0x2, 0x5, 0x0, 0x18, 0x80, 0x3f, 0x40, 0x0,
    0x88, 0xc, 0x40, 0xc, 0x40, 0xe, 0x1a, 0x50,
    0x4, 0x0, 0x5c, 0x0, 0x1b, 0xda, 0x9a, 0xce,
    0x50, 0x3, 0xa8, 0x4, 0x7a, 0x60, 0x2, 0x56,
    0x53, 0x0, 0xa6, 0x0, 0x38, 0xb2, 0xd8, 0x84,
    0x0, 0x29, 0x1c, 0xc0, 0x10,

    /* U+0056 "V" */
    0x8f, 0xf5, 0x80, 0x7f, 0xf0, 0xb7, 0xfc, 0xd4,
    0x0, 0x42, 0x0, 0xff, 0xe0, 0x19, 0x0, 0x1c,
    0x8c, 0x1, 0x40, 0x1f, 0xfc, 0xa, 0x0, 0x28,
    0x85, 0x0, 0x18, 0x3, 0xff, 0x80, 0xc0, 0xe,
    0x0, 0x30, 0x0, 0x50, 0x3, 0xfc, 0xc0, 0x1,
    0x40, 0x9, 0x80, 0x1c, 0x1, 0xfe, 0xa0, 0x4,
    0x80, 0x6a, 0x0, 0x28, 0x7, 0xf1, 0x18, 0x1,
    0x80, 0x31, 0x90, 0x1, 0x80, 0x3f, 0x50, 0x1,
    0x4, 0x3, 0xa8, 0x1, 0x40, 0x1f, 0x98, 0x1,
    0xc0, 0x1e, 0x60, 0x1, 0x90, 0x7, 0x90, 0x40,
    0x54, 0x3, 0xc2, 0xa0, 0xa, 0x0, 0xf7, 0x0,
    0x1c, 0x3, 0xf7, 0x0, 0x18, 0x3, 0x85, 0x40,
    0x16, 0x1, 0xf9, 0x4, 0x5, 0x40, 0x33, 0x0,
    0xc, 0x80, 0x3f, 0x98, 0x1, 0xc0, 0x1a, 0x80,
    0x14, 0x1, 0xfe, 0xa0, 0x2, 0x8, 0x0, 0xc8,
    0x0, 0xc0, 0x1f, 0xe2, 0x30, 0x3, 0x0, 0x28,
    0x0, 0xa0, 0x1f, 0xfc, 0x9, 0x0, 0x50, 0x1,
    0xc0, 0x12, 0x1, 0xff, 0xc0, 0x50, 0x1, 0x1a,
    0x88, 0x11, 0x80, 0x7f, 0xf0, 0x58, 0x1, 0x5c,
    0x0, 0xa0, 0xf, 0xfe, 0x15, 0x0, 0x19, 0x0,
    0xc, 0x1, 0xff, 0xc2, 0x32, 0x0, 0xc8, 0x20,
    0x1f, 0xfc, 0x3b, 0x0, 0xde, 0x1, 0xff, 0xc4,
    0x70, 0x8, 0x50, 0x3, 0xf0,

    /* U+0057 "W" */
    0xdf, 0xf2, 0x80, 0x7e, 0x1f, 0xfa, 0xc0, 0x3f,
    0xaf, 0xfc, 0xea, 0x0, 0xf0, 0xf, 0xc8, 0x1,
    0x20, 0x7, 0xf2, 0x0, 0x13, 0x0, 0x8, 0x1,
    0xfb, 0x0, 0x31, 0x80, 0x7c, 0x60, 0x11, 0xa0,
    0x0, 0x48, 0x3, 0xe4, 0x3, 0x0, 0x20, 0x7,
    0xc8, 0x0, 0x40, 0x1, 0x80, 0x10, 0x3, 0xc2,
    0x41, 0x66, 0x18, 0x1, 0xf6, 0x0, 0x30, 0x0,
    0x80, 0xc, 0x0, 0xf2, 0x0, 0x11, 0x0, 0x80,
    0x1f, 0x20, 0x1, 0x0, 0x18, 0x0, 0x40, 0xf,
    0x60, 0x0, 0xf0, 0x0, 0x60, 0x1c, 0x60, 0x1,
    0x30, 0x2, 0x0, 0x4, 0x80, 0x39, 0x1, 0x1,
    0x40, 0x8, 0x1, 0xc8, 0x0, 0x40, 0xc, 0x60,
    0x4, 0x0, 0xc2, 0x41, 0x80, 0x26, 0x18, 0x1,
    0xd6, 0x0, 0xc0, 0xc, 0x80, 0xc, 0x0, 0xc8,
    0x0, 0x40, 0x2, 0x82, 0x0, 0x71, 0x80, 0x10,
    0x3, 0x60, 0x1, 0x0, 0x36, 0x0, 0xc, 0x1,
    0x80, 0x3, 0x0, 0x90, 0x0, 0x24, 0x1, 0x90,
    0x0, 0x24, 0x1, 0x20, 0x20, 0x4, 0x80, 0x4,
    0x0, 0xb0, 0x0, 0x80, 0x1e, 0x30, 0x2, 0x0,
    0x4, 0x83, 0x0, 0x21, 0x20, 0xc0, 0x9, 0x0,
    0x18, 0x1, 0xe4, 0x0, 0x60, 0x1, 0x0, 0x8,
    0x1, 0x90, 0x10, 0x2, 0x30, 0x2, 0x0, 0x7b,
    0x0, 0x8, 0x0, 0xc0, 0x1, 0x80, 0x6c, 0x0,
    0x20, 0x20, 0x0, 0x48, 0x3, 0xc8, 0x0, 0x12,
    0x4, 0x4, 0x0, 0xe4, 0x0, 0x60, 0x60, 0x1,
    0x0, 0x3f, 0x20, 0x1, 0x4, 0x83, 0x0, 0x38,
    0x48, 0x10, 0x10, 0x1, 0x80, 0x1f, 0xb0, 0x1,
    0x88, 0x0, 0x40, 0xf, 0x20, 0x18, 0x98, 0x1,
    0x0, 0x3f, 0x20, 0x1, 0x30, 0x0, 0x60, 0x1e,
    0xc0, 0x4, 0x80, 0x4, 0x80, 0x3f, 0x18, 0x0,
    0x58, 0x10, 0x3, 0xe4, 0x0, 0x38, 0x1, 0xc0,
    0x3f, 0xc8, 0x1, 0xb0, 0x3, 0xe1, 0x20, 0xd,
    0x80, 0x1f, 0xec, 0x0, 0xc8, 0x1, 0xf9, 0x0,
    0x32, 0x0, 0x7f, 0x90, 0x3, 0x18, 0x7, 0xec,
    0x0, 0x88, 0x40, 0x38,

    /* U+0058 "X" */
    0x0, 0x57, 0xfa, 0xc0, 0x3f, 0xc9, 0xff, 0x10,
    0x2, 0xc4, 0x11, 0x80, 0x3f, 0xd, 0x0, 0x24,
    0x80, 0x3, 0x40, 0x9, 0x20, 0xf, 0xac, 0x41,
    0x18, 0x3, 0x23, 0x0, 0x38, 0x3, 0xca, 0xa0,
    0x1a, 0x0, 0xf4, 0x88, 0x1b, 0x80, 0x61, 0xb0,
    0x5, 0x88, 0x7, 0xd4, 0x0, 0x82, 0x0, 0xa8,
    0x41, 0x14, 0x3, 0xf2, 0x30, 0x3, 0x80, 0xc,
    0x80, 0x34, 0x1, 0xfe, 0x92, 0x3, 0x72, 0x90,
    0x5, 0x88, 0x7, 0xfd, 0xc0, 0x8, 0xf0, 0x2,
    0xa8, 0x3, 0xff, 0x80, 0x6e, 0x0, 0x20, 0x1b,
    0x0, 0xff, 0xe1, 0x40, 0x80, 0x54, 0x20, 0x1f,
    0xfc, 0x24, 0x10, 0x9, 0xc0, 0x3f, 0xf8, 0x74,
    0x1, 0xb8, 0x3, 0xff, 0x85, 0x22, 0x6, 0x40,
    0x50, 0x1, 0xff, 0xc0, 0x46, 0x0, 0x77, 0x0,
    0xe, 0x60, 0x1f, 0xe1, 0xa0, 0x4, 0x91, 0xb8,
    0x3, 0x80, 0x3f, 0xd6, 0x20, 0x8c, 0x0, 0x83,
    0x2, 0x90, 0xf, 0xca, 0xa0, 0x4, 0x80, 0x6e,
    0x0, 0x31, 0x80, 0x78, 0x6c, 0x1, 0x24, 0x1,
    0x8a, 0x0, 0x1c, 0x1, 0xeb, 0x10, 0x46, 0x0,
    0xf3, 0x98, 0x14, 0x80, 0x65, 0x50, 0x2, 0x80,
    0x3f, 0x70, 0x1, 0x90, 0x0, 0x36, 0x0, 0xa1,
    0x0, 0xfc, 0x50, 0x0, 0x90, 0x5, 0x8, 0x22,
    0x80, 0x7f, 0x9c, 0xc0, 0xa4,

    /* U+0059 "Y" */
    0xb, 0xff, 0x50, 0x7, 0xfc, 0x5f, 0xf2, 0x5,
    0x8, 0x2a, 0x80, 0x3f, 0xdc, 0x0, 0x64, 0x1,
    0xb0, 0x5, 0x88, 0x7, 0xe7, 0x30, 0x29, 0x0,
    0x95, 0x40, 0x34, 0x1, 0xf1, 0x40, 0x3, 0x80,
    0x3a, 0xc4, 0x11, 0x80, 0x3d, 0xe0, 0x7, 0x30,
    0xe, 0x1a, 0x0, 0x49, 0x0, 0x68, 0x20, 0x28,
    0x0, 0xf9, 0x18, 0x1, 0xc0, 0x11, 0xb8, 0x3,
    0xc0, 0x3f, 0xa4, 0x80, 0xdc, 0x1, 0xc0, 0x8,
    0x20, 0xf, 0xf4, 0x80, 0x20, 0xa0, 0x80, 0xdc,
    0x3, 0xfe, 0x47, 0x0, 0x7b, 0x80, 0x38, 0x3,
    0xff, 0x83, 0x4, 0x4, 0x0, 0x92, 0x0, 0xff,
    0xe1, 0x70, 0x4, 0x8c, 0x1, 0xff, 0xc3, 0x32,
    0x0, 0x70, 0x7, 0xff, 0xfc, 0x3, 0xff, 0xfe,
    0x1, 0xff, 0xf8,

    /* U+005A "Z" */
    0x3f, 0xff, 0xfe, 0x31, 0x0, 0x7f, 0xf2, 0x5,
    0x57, 0xff, 0x84, 0x1, 0x9, 0x12, 0xab, 0xff,
    0x83, 0xa0, 0x15, 0x0, 0x7f, 0xf0, 0x96, 0x0,
    0x12, 0x80, 0x1f, 0xfc, 0x12, 0xa0, 0x3, 0x30,
    0x3, 0xff, 0x82, 0x38, 0x0, 0x49, 0x0, 0xff,
    0xe1, 0x68, 0x81, 0x50, 0x7, 0xff, 0xa, 0x4c,
    0x1, 0xe2, 0x1, 0xff, 0xc1, 0x76, 0x0, 0x59,
    0x0, 0x7f, 0xf0, 0x52, 0x0, 0x10, 0x80, 0x1f,
    0xfc, 0x12, 0xa0, 0x2, 0xb8, 0x7, 0xff, 0xb,
    0xc4, 0xe, 0x80, 0x3f, 0xf8, 0x56, 0x40, 0x3a,
    0x1, 0xff, 0xc2, 0x84, 0x0, 0x68, 0x80, 0x7f,
    0xf0, 0x59, 0xc0, 0x14, 0x60, 0x1f, 0xfc, 0x13,
    0x90, 0x3, 0xa8, 0x7, 0xff, 0x4, 0x74, 0x0,
    0x90, 0x1, 0xff, 0xc2, 0xd1, 0x2, 0xb0, 0xf,
    0xfe, 0x15, 0x18, 0xf, 0x80, 0x7f, 0xf0, 0x99,
    0x40, 0x7, 0x15, 0x5f, 0xfc, 0x15, 0xf0, 0x8,
    0x95, 0x7f, 0xf8, 0x44, 0x1, 0xff, 0xc8,

    /* U+005B "[" */
    0x4f, 0xff, 0x30, 0x7, 0xfc, 0x97, 0x73, 0x80,
    0x42, 0x89, 0x8, 0x7, 0xff, 0xfc, 0x3, 0xff,
    0xfe, 0x1, 0xff, 0xd1, 0x13, 0x38, 0x40, 0x24,
    0xcc, 0x9c, 0x3, 0xf0,

    /* U+005C "\\" */
    0xdf, 0xc0, 0xf, 0xca, 0x6, 0x20, 0x1f, 0x58,
    0x1, 0xc0, 0x3e, 0x31, 0xd, 0x0, 0xfc, 0xe0,
    0x80, 0x1f, 0xb0, 0x0, 0xa0, 0x1f, 0x28, 0x3,
    0xc0, 0x3f, 0x20, 0x20, 0x7, 0xed, 0x1, 0x40,
    0xf, 0x9c, 0x1, 0xa0, 0x1f, 0x9, 0x82, 0x0,
    0x7e, 0xb0, 0x22, 0x0, 0x7c, 0xa0, 0x5, 0x0,
    0xf8, 0x88, 0x16, 0x1, 0xf9, 0x40, 0xc4, 0x3,
    0xec, 0x0, 0x38, 0x7, 0xc8, 0x21, 0xa0, 0x1f,
    0x90, 0x10, 0x3, 0xf7, 0x80, 0x14, 0x3, 0xe5,
    0x0, 0x78, 0x7, 0xe4, 0x4, 0x0, 0xfd, 0xa0,
    0x26, 0x1, 0xf3, 0x80, 0x2c, 0x3, 0xe1, 0x30,
    0x50, 0xf, 0xd6, 0x4, 0x40, 0xf, 0x94, 0x0,
    0xa0, 0x1f, 0x14, 0x39, 0x0,

    /* U+005D "]" */
    0xef, 0xfe, 0xb0, 0xf, 0xb6, 0xed, 0x40, 0x11,
    0xa2, 0x1c, 0x3, 0xff, 0xfe, 0x1, 0xff, 0xff,
    0x0, 0xf8, 0xce, 0x70, 0xb, 0x73, 0x14, 0x1,
    0xfe,

    /* U+005E "^" */
    0x0, 0xfd, 0x3f, 0xf3, 0x0, 0x7f, 0xf0, 0xe1,
    0x80, 0x29, 0x50, 0xf, 0xfe, 0xb, 0xb8, 0x0,
    0x40, 0xa, 0x40, 0xf, 0xf9, 0xa0, 0x1, 0x1a,
    0xa0, 0xb, 0x40, 0xf, 0xe5, 0x90, 0x4, 0xb8,
    0x53, 0x0, 0x2c, 0xc0, 0x3e, 0x5a, 0x0, 0x53,
    0x0, 0x53, 0x0, 0xd, 0x20, 0xe, 0x4a, 0x0,
    0x5a, 0x80, 0x73, 0xc8, 0xe, 0x10, 0x4, 0x76,
    0x3, 0x88, 0x1, 0xf3, 0x50, 0xe, 0x8, 0x1e,
    0x0, 0xe1, 0x80, 0x7f, 0x2d, 0x80, 0xe0, 0x80,

    /* U+005F "_" */
    0x14, 0x4f, 0xfe, 0x20, 0xa5, 0xdf, 0xff, 0x11,
    0x0, 0x3f, 0xf8, 0xc0,

    /* U+0060 "`" */
    0x1d, 0xff, 0x10, 0x6, 0x1f, 0x10, 0xe0, 0xe,
    0x2d, 0x3, 0x90, 0xe, 0x39, 0x6, 0x40, 0xe,
    0x67, 0xa, 0x10, 0xe, 0x85, 0x1d, 0x0,

    /* U+0061 "a" */
    0x0, 0x8d, 0xef, 0xbf, 0xdd, 0x6e, 0x20, 0x1d,
    0x79, 0x8, 0x20, 0x1, 0x48, 0xf4, 0x0, 0xce,
    0x2, 0x8f, 0x10, 0x51, 0x1, 0xb3, 0x0, 0x92,
    0xfa, 0xe1, 0xdd, 0x5c, 0xe0, 0xe, 0x0, 0xa1,
    0x0, 0x3e, 0x85, 0x2, 0x30, 0xf, 0xfe, 0x7,
    0x0, 0x10, 0x3, 0xc2, 0x66, 0x44, 0x88, 0x1,
    0xc0, 0x11, 0x4f, 0x73, 0x31, 0x77, 0x48, 0x0,
    0xc0, 0xd, 0xac, 0x20, 0x1f, 0xc2, 0x9, 0x20,
    0x6, 0xbd, 0xff, 0xda, 0x1, 0xbc, 0x1, 0x52,
    0x84, 0x1, 0x84, 0x3, 0x20, 0xa, 0x80, 0x7c,
    0xa0, 0x1e, 0x30, 0xf, 0xda, 0x1, 0xe2, 0x0,
    0xf9, 0x10, 0x1, 0x8c, 0x1, 0x40, 0x1c, 0x96,
    0x1, 0xd0, 0x0, 0x5d, 0x97, 0x8c, 0xb0, 0x70,
    0xc, 0x90, 0x0, 0x26, 0x87, 0x30, 0x9a, 0x0,
    0xe7, 0xc5, 0x10, 0x12, 0x7d, 0x60, 0xc,

    /* U+0062 "b" */
    0x1f, 0xf6, 0x0, 0x7f, 0xff, 0xc0, 0x3f, 0xfa,
    0x2d, 0x7d, 0xfd, 0x46, 0x1, 0xf8, 0x72, 0x50,
    0x40, 0x57, 0x20, 0x3, 0xed, 0x31, 0x68, 0x73,
    0x0, 0x3c, 0x0, 0x71, 0x99, 0x3a, 0x5e, 0x32,
    0x40, 0xe, 0x60, 0x1c, 0x56, 0x1, 0xcc, 0xe0,
    0x8, 0x0, 0xeb, 0x0, 0xfa, 0x0, 0x8, 0x20,
    0x19, 0xc0, 0x3f, 0x20, 0x1, 0x40, 0x21, 0x10,
    0x7, 0xe3, 0x0, 0x18, 0x4, 0x60, 0x1f, 0xde,
    0x0, 0xf0, 0xf, 0xfe, 0x41, 0x80, 0x7f, 0x78,
    0x3, 0xc0, 0x21, 0x10, 0x7, 0xe3, 0x0, 0x18,
    0x6, 0x70, 0xf, 0xc8, 0x0, 0x50, 0xd, 0x60,
    0x1f, 0x40, 0x1, 0x4, 0x3, 0x15, 0x80, 0x73,
    0x38, 0x2, 0x0, 0x31, 0x99, 0x3a, 0x5e, 0x32,
    0x40, 0xe, 0x60, 0x1d, 0xa6, 0x2d, 0xe, 0x60,
    0x7, 0x80, 0xf, 0xe, 0x49, 0x88, 0xa, 0xe4,
    0x0, 0x40,

    /* U+0063 "c" */
    0x0, 0xe3, 0x8c, 0xef, 0xf6, 0xca, 0x80, 0x61,
    0xac, 0x73, 0x10, 0x1, 0x35, 0x48, 0x0, 0x71,
    0x40, 0x6, 0xd0, 0xea, 0x20, 0x1a, 0x88, 0x6,
    0xf2, 0x5e, 0x2b, 0xb3, 0x0, 0x88, 0x0, 0x62,
    0x0, 0x78, 0xd4, 0x3c, 0x0, 0xe4, 0x1, 0xfe,
    0x40, 0x5, 0x0, 0x7f, 0x88, 0x0, 0x24, 0x1,
    0xfe, 0x10, 0x1, 0x80, 0x7f, 0xf3, 0x84, 0x0,
    0x60, 0x1f, 0xf1, 0x0, 0x4, 0x80, 0x3f, 0xe4,
    0x0, 0x50, 0x7, 0xfd, 0xe0, 0x7, 0x20, 0xf,
    0xf2, 0x20, 0x1, 0x88, 0x1, 0xe3, 0x50, 0x5,
    0x10, 0xd, 0xe4, 0x3c, 0x57, 0x66, 0x0, 0x3,
    0x88, 0x0, 0x37, 0x87, 0x51, 0x0, 0xe1, 0xbc,
    0x62, 0x10, 0x1, 0x35, 0xc8,

    /* U+0064 "d" */
    0x0, 0xff, 0xe0, 0xbf, 0xf9, 0x80, 0x3f, 0xff,
    0xe0, 0x1f, 0xfc, 0x21, 0x8d, 0xfe, 0xd8, 0x10,
    0xf, 0xc9, 0xee, 0x40, 0x24, 0xfe, 0x80, 0x1e,
    0x3b, 0x10, 0x16, 0x87, 0x21, 0xbe, 0x0, 0xee,
    0x0, 0x2f, 0x4b, 0xc6, 0xc0, 0x30, 0x6, 0x62,
    0x2, 0xa0, 0xe, 0x76, 0x0, 0xea, 0x0, 0x40,
    0x7, 0xd0, 0x1, 0xc6, 0x0, 0x50, 0xf, 0x84,
    0xc0, 0x22, 0x0, 0x10, 0x7, 0xf2, 0x80, 0x42,
    0x0, 0x10, 0xf, 0xee, 0x0, 0xff, 0xe2, 0x78,
    0x4, 0x20, 0x1, 0x0, 0xfe, 0x10, 0x8, 0x80,
    0x4, 0x1, 0xfc, 0xa0, 0x18, 0xc0, 0xa, 0x1,
    0xf0, 0x98, 0x6, 0xa0, 0x4, 0x0, 0x7d, 0x0,
    0x1c, 0xc2, 0x5, 0x40, 0x1c, 0xec, 0x1, 0xea,
    0x0, 0x2f, 0x4b, 0xc6, 0xc0, 0x30, 0x7, 0x25,
    0x80, 0x5, 0xa1, 0xc8, 0x6f, 0x80, 0x3c, 0x9c,
    0xe4, 0x0, 0x27, 0xf4, 0x0, 0xc0,

    /* U+0065 "e" */
    0x0, 0xe3, 0x9d, 0xef, 0xeb, 0x60, 0xf, 0xd5,
    0x8c, 0x42, 0x2, 0x93, 0xc6, 0x1, 0x87, 0x54,
    0x0, 0x8f, 0xc, 0x40, 0x38, 0x60, 0x15, 0x10,
    0x2f, 0x5c, 0x3c, 0xec, 0x0, 0x34, 0x0, 0x88,
    0x4, 0xa1, 0x0, 0xe7, 0x60, 0x16, 0xe, 0x0,
    0x40, 0x7, 0xeb, 0x0, 0x60, 0x20, 0x0, 0xc0,
    0x3f, 0x10, 0x1, 0xc4, 0x40, 0xf, 0xff, 0xf0,
    0x0, 0x88, 0x1, 0xff, 0xc7, 0x2b, 0xbf, 0xfe,
    0x6, 0x8, 0x0, 0xd1, 0x3f, 0xf8, 0x6, 0x40,
    0x1, 0x20, 0xf, 0xfe, 0xa, 0x0, 0x2c, 0x3,
    0xff, 0x83, 0xe0, 0x6, 0x30, 0xf, 0xfe, 0x2,
    0x20, 0x1, 0x8a, 0x1, 0xf2, 0x5a, 0x0, 0x2c,
    0xc0, 0x15, 0xb2, 0xee, 0x8b, 0xfb, 0x41, 0x0,
    0xb1, 0x80, 0x4, 0xd1, 0x7, 0x40, 0x0, 0xb0,
    0x6, 0x9d, 0x73, 0x10, 0x0, 0x9b, 0xdf, 0x18,

    /* U+0066 "f" */
    0x0, 0xe3, 0xad, 0xff, 0xb8, 0x3, 0x36, 0x29,
    0x0, 0x7c, 0x32, 0x0, 0x58, 0x99, 0x58, 0x4,
    0x80, 0x5, 0xa7, 0x66, 0x28, 0x4, 0x40, 0xc,
    0x0, 0xfd, 0xe0, 0x1f, 0x93, 0xfc, 0xe0, 0x9,
    0xff, 0xc2, 0x1, 0xff, 0xc0, 0x5b, 0xb2, 0x80,
    0x1e, 0xef, 0x8, 0x91, 0x4, 0x0, 0xe4, 0x4c,
    0x1, 0xff, 0xff, 0x0, 0xff, 0xff, 0x80, 0x7f,
    0xf1, 0xc0,

    /* U+0067 "g" */
    0x0, 0xc3, 0x1b, 0xfd, 0xb0, 0x20, 0xff, 0xe6,
    0x0, 0x97, 0x9c, 0x80, 0x49, 0xfd, 0x0, 0x3c,
    0x94, 0x0, 0x16, 0x87, 0x31, 0xbe, 0x0, 0xea,
    0x0, 0x2f, 0x4b, 0xc6, 0x48, 0x30, 0x6, 0x61,
    0x3, 0xa0, 0xe, 0x66, 0x0, 0x75, 0x0, 0x24,
    0x3, 0xe8, 0x0, 0xe3, 0x0, 0x28, 0x7, 0xc2,
    0x80, 0x11, 0x0, 0x8, 0x3, 0xf8, 0x80, 0x21,
    0x0, 0x8, 0x7, 0xf7, 0x0, 0x7f, 0xf1, 0x3c,
    0x2, 0x10, 0x0, 0x80, 0x7f, 0x8, 0x4, 0x40,
    0x2, 0x0, 0xfe, 0x20, 0xc, 0x60, 0x4, 0x0,
    0xf8, 0x50, 0x3, 0x50, 0x2, 0x0, 0x3e, 0x90,
    0xe, 0x61, 0x3, 0xa0, 0xe, 0x67, 0x0, 0xf5,
    0x0, 0x17, 0xa5, 0xe3, 0x24, 0x18, 0x3, 0x92,
    0x80, 0x2, 0xd0, 0xe6, 0x37, 0xc0, 0x3, 0x0,
    0x97, 0x9c, 0x80, 0x4, 0xfe, 0x9e, 0x0, 0x10,
    0xc, 0x31, 0xbf, 0xed, 0x81, 0x3, 0x0, 0x30,
    0x7, 0xff, 0x5, 0x40, 0x4, 0x1, 0xff, 0xc0,
    0x71, 0x5, 0x0, 0x86, 0x4, 0x3, 0xcd, 0x0,
    0x9, 0x0, 0x8d, 0xfa, 0xe1, 0x99, 0x1b, 0x20,
    0x6, 0x30, 0xf, 0x23, 0xcc, 0x9c, 0x80, 0xf,
    0x20, 0x18, 0xb1, 0xcc, 0x80, 0x2, 0x6f, 0xb0,
    0x1, 0x0,

    /* U+0068 "h" */
    0x1f, 0xf6, 0x0, 0x7f, 0xff, 0xc0, 0x3f, 0xf9,
    0x6b, 0x7d, 0xfd, 0x68, 0x1, 0xfa, 0xa8, 0x82,
    0x2, 0x97, 0x20, 0x1e, 0xa5, 0x5, 0x76, 0x20,
    0x3, 0x30, 0x3, 0x1a, 0xab, 0xaa, 0x27, 0x5c,
    0x1, 0x0, 0x1c, 0x74, 0x20, 0x1a, 0x8, 0x4,
    0xc0, 0x34, 0x0, 0x7c, 0xa0, 0x5, 0x0, 0xc8,
    0x1, 0xf6, 0x80, 0x38, 0x2, 0x20, 0xf, 0xfe,
    0x18, 0x80, 0x7f, 0xc2, 0x1, 0xff, 0xff, 0x0,
    0xff, 0xfc, 0x80,

    /* U+0069 "i" */
    0xff, 0x70, 0x7, 0x95, 0x4f, 0x54, 0x90, 0xb,
    0xfd, 0xc0, 0x1f, 0xfe, 0x70,

    /* U+006A "j" */
    0x0, 0xdf, 0xee, 0x0, 0xff, 0xe3, 0x2a, 0x9c,
    0x3, 0x55, 0x24, 0x3, 0xfe, 0xff, 0x70, 0x7,
    0xff, 0xfc, 0x3, 0xff, 0xda, 0x60, 0x11, 0x0,
    0x18, 0x2, 0x50, 0x1, 0xa3, 0xd4, 0x0, 0x2b,
    0x61, 0x40, 0xe, 0x40, 0x1, 0x4a, 0x80,

    /* U+006B "k" */
    0x1f, 0xf6, 0x0, 0x7f, 0xff, 0xc0, 0x3f, 0xfa,
    0xc7, 0xdf, 0xe7, 0x0, 0xff, 0x97, 0x4, 0x25,
    0xc0, 0x3f, 0xcd, 0x40, 0xa, 0x60, 0xf, 0xf3,
    0xc8, 0x3, 0x14, 0x3, 0xfd, 0x30, 0x3, 0xa6,
    0x1, 0xfe, 0xa6, 0x2, 0xc2, 0x0, 0xff, 0x5a,
    0x81, 0xe1, 0x0, 0x7f, 0xe, 0xa0, 0x26, 0x8,
    0x7, 0xf8, 0x88, 0x0, 0xa0, 0xf, 0xfe, 0x1,
    0x10, 0x1, 0xa2, 0x1, 0xff, 0xe, 0x10, 0x1e,
    0x88, 0x7, 0xfc, 0x38, 0x60, 0x7a, 0x20, 0x1f,
    0xf0, 0xe9, 0x81, 0xe8, 0x80, 0x7f, 0xc3, 0xa6,
    0x7, 0x82, 0x1, 0xff, 0xe, 0x18, 0x16, 0x8,
    0x7, 0xff, 0x3, 0xc, 0xb, 0x4, 0x3, 0xff,
    0x81, 0x86, 0x5, 0x82, 0x1, 0xff, 0xc0, 0xc3,
    0x2, 0xc1,

    /* U+006C "l" */
    0xff, 0x70, 0x7, 0xff, 0xe4,

    /* U+006D "m" */
    0x1f, 0xf6, 0x0, 0x16, 0xfb, 0xf6, 0x44, 0x3,
    0x14, 0xef, 0xf5, 0xa0, 0x7, 0xeb, 0xa4, 0x10,
    0x26, 0xe3, 0x0, 0x46, 0xb1, 0x0, 0xa5, 0xc0,
    0x7, 0xad, 0x5, 0x5d, 0x44, 0x1, 0xa0, 0xee,
    0x4, 0x76, 0x20, 0x3, 0xa8, 0x6, 0x34, 0x5e,
    0xa8, 0xaf, 0x20, 0x1a, 0x82, 0xdb, 0x89, 0xd6,
    0x0, 0x48, 0x7, 0x1d, 0x0, 0x61, 0x90, 0x2,
    0x87, 0x90, 0x6, 0x91, 0x3, 0x10, 0xd, 0xe0,
    0x1e, 0x40, 0x9, 0x88, 0x3, 0xc8, 0x0, 0x50,
    0xc, 0x60, 0x1f, 0x10, 0x3, 0x40, 0x3e, 0xd0,
    0x1, 0x0, 0x44, 0x1, 0xf8, 0x40, 0xc, 0x1,
    0xfe, 0x10, 0x8, 0x40, 0x3f, 0xff, 0xe0, 0x1f,
    0xff, 0xf0, 0xf, 0xff, 0xf8, 0x7, 0xff, 0x74,

    /* U+006E "n" */
    0x1f, 0xf6, 0x0, 0x16, 0xfb, 0xfa, 0xd0, 0x3,
    0xf5, 0x51, 0x4, 0x5, 0x2e, 0x40, 0x3d, 0x4a,
    0xa, 0xec, 0x40, 0x6, 0x60, 0x6, 0x35, 0x57,
    0x54, 0x4e, 0xb8, 0x2, 0x0, 0x38, 0xe8, 0x40,
    0x34, 0x10, 0x9, 0x80, 0x68, 0x0, 0xf9, 0x40,
    0xa, 0x1, 0x90, 0x3, 0xed, 0x0, 0x70, 0x4,
    0x40, 0x1f, 0xfc, 0x31, 0x0, 0xff, 0x84, 0x3,
    0xff, 0xfe, 0x1, 0xff, 0xf9,

    /* U+006F "o" */
    0x0, 0xe6, 0xbe, 0xff, 0x6c, 0x98, 0x7, 0xc7,
    0xb2, 0x82, 0x0, 0x26, 0xc9, 0x0, 0xe3, 0xc2,
    0x0, 0x2c, 0x39, 0x80, 0x1a, 0xc0, 0x37, 0x0,
    0xf, 0xa9, 0xe3, 0x28, 0x0, 0x8e, 0x0, 0x62,
    0x1, 0xd1, 0x0, 0xcb, 0x20, 0x9, 0x0, 0x50,
    0x2, 0x4, 0x3, 0xcc, 0x40, 0x2a, 0x6, 0x0,
    0x70, 0xf, 0xca, 0x0, 0xc2, 0x0, 0x8, 0x80,
    0x3f, 0x68, 0x0, 0x84, 0x0, 0x60, 0x1f, 0xc2,
    0x0, 0x70, 0xf, 0xfe, 0x28, 0x80, 0xc, 0x3,
    0xf8, 0x40, 0xe, 0x40, 0x1, 0x10, 0x7, 0xed,
    0x0, 0x10, 0x18, 0x1, 0xc0, 0x3f, 0x28, 0x3,
    0x2, 0x80, 0x10, 0x1, 0xf3, 0x10, 0xa, 0x83,
    0x10, 0xe, 0x8, 0x6, 0x59, 0x0, 0x48, 0x5,
    0xc0, 0x3, 0xea, 0x78, 0xca, 0x0, 0x23, 0x80,
    0x47, 0x84, 0x0, 0x58, 0x73, 0x0, 0x35, 0x80,
    0x71, 0xec, 0xa0, 0x80, 0x9, 0xb2, 0x40, 0x20,

    /* U+0070 "p" */
    0x1f, 0xf6, 0x0, 0x1a, 0xfb, 0xfa, 0x8c, 0x3,
    0xf0, 0xe4, 0xa0, 0x80, 0xae, 0x40, 0x7, 0xda,
    0x62, 0xd0, 0xe6, 0x0, 0x78, 0x0, 0xe3, 0x32,
    0x74, 0xbc, 0x64, 0x80, 0x1c, 0xc0, 0x38, 0xac,
    0x3, 0x99, 0xc0, 0x10, 0x1, 0xd6, 0x1, 0xf4,
    0x0, 0x10, 0x40, 0x33, 0x80, 0x7e, 0x40, 0x2,
    0x80, 0x42, 0x20, 0xf, 0xc6, 0x0, 0x30, 0x8,
    0xc0, 0x3f, 0xbc, 0x1, 0xe0, 0x1f, 0xfc, 0x83,
    0x0, 0xfe, 0xf0, 0x7, 0x80, 0x42, 0x20, 0xf,
    0xc6, 0x0, 0x30, 0xc, 0xe0, 0x1f, 0x90, 0x0,
    0xa0, 0x1a, 0xc0, 0x3e, 0x80, 0x2, 0x8, 0x6,
    0x2b, 0x0, 0xe6, 0x70, 0x4, 0x0, 0x63, 0x32,
    0x74, 0xbc, 0x64, 0x80, 0x1c, 0xc0, 0x3b, 0x4c,
    0x5a, 0x1c, 0xc0, 0xf, 0x0, 0x1e, 0x1c, 0x93,
    0x10, 0x15, 0xc8, 0x0, 0xfe, 0x6c, 0xef, 0xea,
    0x30, 0xf, 0xff, 0xf8, 0x7, 0xff, 0x4c,

    /* U+0071 "q" */
    0x0, 0xc3, 0x1b, 0xfd, 0xb0, 0x20, 0xff, 0xe6,
    0x0, 0x93, 0xdc, 0x80, 0x49, 0xfd, 0x0, 0x3c,
    0x76, 0x20, 0x2d, 0xe, 0x43, 0x7c, 0x1, 0xdc,
    0x0, 0x5e, 0x97, 0x8d, 0x80, 0x60, 0xc, 0xc4,
    0x5, 0x40, 0x1c, 0xec, 0x1, 0xd4, 0x0, 0x80,
    0xf, 0xa0, 0x3, 0x8c, 0x0, 0xa0, 0x1f, 0x9,
    0x80, 0x44, 0x0, 0x20, 0xf, 0xe5, 0x0, 0x84,
    0x0, 0x20, 0x1f, 0xdc, 0x1, 0xff, 0xc4, 0xf0,
    0x8, 0x40, 0x2, 0x1, 0xfc, 0x20, 0x11, 0x0,
    0x8, 0x3, 0xf9, 0x40, 0x31, 0x80, 0x14, 0x3,
    0xe1, 0x30, 0xd, 0x40, 0x8, 0x0, 0xfa, 0x0,
    0x39, 0x84, 0xa, 0x80, 0x39, 0xd8, 0x3, 0xd4,
    0x0, 0x5e, 0x97, 0x8d, 0x80, 0x60, 0xe, 0x4b,
    0x0, 0xb, 0x43, 0x90, 0xdf, 0x0, 0x79, 0x39,
    0xc8, 0x0, 0x4f, 0xe8, 0x1, 0xf8, 0x63, 0x7f,
    0xdb, 0x2, 0x1, 0xff, 0xff, 0x0, 0xff, 0xea,
    0x0,

    /* U+0072 "r" */
    0x1f, 0xf6, 0x0, 0x16, 0xfb, 0xfc, 0x40, 0x18,
    0x6e, 0x90, 0x40, 0x3e, 0xa4, 0x4, 0x65, 0x20,
    0xc, 0x68, 0x7d, 0x73, 0x5a, 0x40, 0x18, 0xb0,
    0x40, 0x3f, 0xa0, 0x3, 0xfe, 0x50, 0xf, 0xf1,
    0x0, 0x7f, 0xc2, 0x1, 0xff, 0xff, 0x0, 0xff,
    0xee, 0x80,

    /* U+0073 "s" */
    0x0, 0x8e, 0x77, 0xfd, 0xdb, 0x90, 0x60, 0x1a,
    0x31, 0x88, 0x0, 0x24, 0x6f, 0x84, 0x0, 0x77,
    0x0, 0x11, 0xe2, 0xe, 0x80, 0x1d, 0x20, 0xb,
    0xb4, 0x3b, 0xa2, 0xfe, 0x8c, 0x4, 0x40, 0x88,
    0x0, 0xf9, 0x44, 0x3, 0x38, 0x7, 0xfc, 0x22,
    0x3, 0x70, 0xf, 0xfa, 0x40, 0x11, 0xf4, 0xc6,
    0x1, 0xf3, 0xb8, 0x2, 0x59, 0xcf, 0xa3, 0x0,
    0xe8, 0xe8, 0x40, 0xc, 0xb9, 0x40, 0x1c, 0x2f,
    0x7f, 0x90, 0x60, 0x5, 0x80, 0xf, 0xc6, 0xf9,
    0x0, 0x6, 0x0, 0xff, 0x9c, 0x0, 0x22, 0x0,
    0xff, 0x84, 0x0, 0x29, 0x48, 0x1, 0xf3, 0x88,
    0x18, 0x1, 0x6f, 0xae, 0x1d, 0xd3, 0xb0, 0x0,
    0x80, 0xc, 0x28, 0xf1, 0x6, 0x20, 0x1a, 0x40,
    0x4d, 0x95, 0x21, 0x0, 0xa, 0x47, 0xa8, 0x0,

    /* U+0074 "t" */
    0x0, 0xa2, 0xc, 0x1, 0xfc, 0xee, 0xb0, 0xf,
    0xfe, 0xf1, 0x7f, 0x80, 0x5, 0xff, 0xd8, 0x1,
    0xff, 0xc0, 0x2b, 0xb0, 0x0, 0x6e, 0xfb, 0xc1,
    0x10, 0x0, 0x34, 0x4e, 0x30, 0xf, 0xff, 0xf8,
    0x7, 0xff, 0x68, 0x80, 0x3f, 0x8c, 0x0, 0x60,
    0x1f, 0xac, 0x1, 0xb0, 0xec, 0xc5, 0x0, 0x9c,
    0x80, 0x5e, 0x26, 0x60, 0xd, 0xb0, 0x62, 0x1,
    0x80,

    /* U+0075 "u" */
    0x4f, 0xf4, 0x80, 0x7e, 0x8f, 0xf3, 0x0, 0x7f,
    0xff, 0xc0, 0x3f, 0xff, 0xe0, 0x1f, 0xe7, 0x0,
    0x18, 0x7, 0xe2, 0x0, 0x84, 0x0, 0xc0, 0x1f,
    0x90, 0x2, 0x20, 0x1, 0x90, 0x7, 0x9c, 0x40,
    0x32, 0x80, 0x38, 0x40, 0x33, 0xc0, 0x7, 0x40,
    0x0, 0xfe, 0xa2, 0x7a, 0x5, 0x80, 0x31, 0x50,
    0x0, 0x55, 0xd8, 0x4b, 0x4, 0x3, 0x97, 0x58,
    0x80, 0x4e, 0x34, 0x80, 0x30,

    /* U+0076 "v" */
    0xd, 0xff, 0x10, 0x7, 0xf1, 0xff, 0xb0, 0x14,
    0x1, 0x40, 0x1f, 0xd4, 0x0, 0xa0, 0xa0, 0x3,
    0x0, 0x7f, 0x38, 0x1, 0xc0, 0x8c, 0x5, 0x0,
    0x3e, 0x51, 0x4, 0x10, 0x5, 0x0, 0x38, 0x3,
    0xee, 0x0, 0x70, 0x4, 0xe0, 0x5, 0x0, 0xf0,
    0xa0, 0x1, 0x40, 0x21, 0x50, 0x2, 0x80, 0x73,
    0x80, 0x18, 0x3, 0xbc, 0x1, 0xc0, 0x1d, 0x40,
    0xa, 0x0, 0xe5, 0x10, 0x41, 0x0, 0x88, 0xc0,
    0x4c, 0x3, 0xce, 0x0, 0x70, 0xa, 0x80, 0xc,
    0x1, 0xf5, 0x0, 0x28, 0x2, 0x50, 0x5, 0x0,
    0x7c, 0x64, 0x6, 0x40, 0x64, 0x6, 0x40, 0x1f,
    0xa8, 0x1, 0x41, 0x40, 0xa, 0x0, 0xfe, 0x50,
    0x3, 0x3, 0x80, 0x1c, 0x3, 0xf8, 0x8c, 0x6,
    0x4, 0x10, 0x40, 0x3f, 0xd4, 0x0, 0x70, 0x7,
    0x0, 0x7f, 0xce, 0x1, 0x85, 0x40, 0x3f, 0xe1,
    0x50, 0x9, 0xc0, 0x3c,

    /* U+0077 "w" */
    0x8f, 0xf2, 0x80, 0x7a, 0xff, 0xdc, 0x1, 0xe2,
    0xff, 0x5e, 0x0, 0x30, 0x3, 0xc8, 0x0, 0x12,
    0x0, 0xe4, 0x0, 0x62, 0x0, 0x10, 0x3, 0x8c,
    0x3, 0x20, 0x7, 0x60, 0x1, 0x0, 0xc0, 0x84,
    0x3, 0x58, 0x0, 0x43, 0x0, 0x39, 0x0, 0x4c,
    0x10, 0x0, 0x80, 0x19, 0x0, 0xdc, 0x10, 0x3,
    0x18, 0x82, 0x0, 0x30, 0x1, 0x80, 0x18, 0xc1,
    0x30, 0x4, 0x80, 0x24, 0x0, 0x60, 0x1, 0x0,
    0xe, 0x1, 0x20, 0x3, 0x10, 0x0, 0xa0, 0x16,
    0x0, 0x10, 0x2, 0x30, 0x12, 0x0, 0x60, 0x1,
    0x4, 0x83, 0x0, 0x24, 0x1, 0x20, 0xa, 0xc0,
    0x8, 0x0, 0x40, 0x40, 0x2, 0x2, 0x0, 0xc,
    0x0, 0x80, 0x19, 0x0, 0x18, 0x0, 0x30, 0xc0,
    0x6, 0x0, 0xc, 0x10, 0x1, 0x80, 0x18, 0xc0,
    0x8, 0x8, 0x0, 0x40, 0x2, 0x0, 0x10, 0x30,
    0x0, 0x80, 0x1c, 0x80, 0x25, 0x80, 0x3, 0x0,
    0x9, 0x86, 0x2, 0x0, 0x90, 0x7, 0x60, 0x1,
    0x10, 0x8, 0x1, 0x90, 0x11, 0x0, 0x4, 0x0,
    0xf2, 0x0, 0x34, 0xc3, 0x0, 0x36, 0x0, 0x3c,
    0x1, 0x80, 0x1e, 0x30, 0x2, 0x0, 0x10, 0x3,
    0x20, 0x1, 0x0, 0x8, 0x1, 0xf2, 0x0, 0x63,
    0x0, 0xe3, 0x0, 0x84, 0x80, 0x3e, 0xc0, 0x9,
    0x0, 0x3c, 0x80, 0x12, 0x0, 0x7e, 0x40, 0xb,
    0x0, 0x3d, 0x80, 0x16, 0x0, 0x60,

    /* U+0078 "x" */
    0x2, 0xff, 0x90, 0x3, 0xe3, 0xff, 0x8c, 0xa,
    0x40, 0x14, 0x20, 0x1e, 0xe0, 0x4, 0x18, 0x1,
    0x90, 0x6, 0x80, 0x3a, 0x88, 0x11, 0xc0, 0x35,
    0x8, 0x23, 0x0, 0x4a, 0xa0, 0x1a, 0x0, 0xe1,
    0xd0, 0x4, 0x90, 0x15, 0x0, 0x2c, 0x40, 0x3c,
    0x6e, 0x0, 0xf0, 0xe0, 0x3, 0x28, 0x7, 0xe8,
    0x30, 0x2e, 0x30, 0x29, 0x0, 0xff, 0x70, 0x0,
    0x40, 0x1e, 0x1, 0xff, 0x14, 0x0, 0x50, 0x40,
    0x1f, 0xf0, 0xc8, 0x5, 0x60, 0x1f, 0xfc, 0xb,
    0x10, 0x8, 0xdc, 0x3, 0xfc, 0xca, 0x3, 0x60,
    0x8, 0x30, 0xf, 0xc5, 0x20, 0xa, 0x48, 0x0,
    0x70, 0x7, 0xee, 0x0, 0x3a, 0x3, 0xa0, 0x15,
    0x0, 0x7a, 0xc, 0xe, 0x0, 0x2a, 0x10, 0x55,
    0x0, 0x64, 0x70, 0x7, 0x0, 0x61, 0xa0, 0x5,
    0x10, 0x0, 0x68, 0x1, 0x24, 0x1, 0xc8, 0xc0,
    0xe, 0x0, 0x50, 0x82, 0xb0, 0x7, 0xd2, 0x40,
    0x70,

    /* U+0079 "y" */
    0xd, 0xff, 0x18, 0x7, 0xf2, 0x7f, 0xb0, 0x28,
    0x1, 0x40, 0x1f, 0xdc, 0x0, 0xa0, 0x60, 0x3,
    0x80, 0x7f, 0x28, 0x1, 0x80, 0x54, 0x5, 0x40,
    0x3e, 0x60, 0x3, 0x0, 0x5c, 0x0, 0xe0, 0xf,
    0xa8, 0x1, 0x40, 0x12, 0x10, 0x20, 0x80, 0x71,
    0x18, 0x11, 0x80, 0x6a, 0x0, 0x48, 0x7, 0x58,
    0x2, 0x80, 0x39, 0x80, 0xc, 0x1, 0xce, 0x0,
    0x60, 0xe, 0x15, 0x1, 0x40, 0x9, 0x44, 0x14,
    0x40, 0x3d, 0xc0, 0xe, 0x0, 0xb8, 0x1, 0xc0,
    0x1f, 0x20, 0x82, 0x88, 0xa, 0x0, 0xa0, 0x7,
    0xe9, 0x0, 0x38, 0x30, 0x1, 0x80, 0x3f, 0x98,
    0x1, 0x41, 0x40, 0xa, 0x0, 0xfe, 0x14, 0x3,
    0x72, 0x4, 0x20, 0xf, 0xf7, 0x80, 0x20, 0x1,
    0xc0, 0x1f, 0xf2, 0x8, 0x4, 0x2a, 0x1, 0xff,
    0xc0, 0x60, 0x9, 0xc0, 0x3f, 0xf8, 0x34, 0x1,
    0x58, 0x7, 0xff, 0x4, 0x40, 0x6, 0x40, 0x1f,
    0xfc, 0x1a, 0x0, 0x50, 0x7, 0xff, 0x9, 0x80,
    0xc, 0x1, 0xff, 0xc1, 0x80, 0x3, 0x0, 0x7f,
    0x8d, 0x9e, 0xdc, 0x1, 0x0, 0x1f, 0xe4, 0x98,
    0x40, 0x4, 0x88, 0x7, 0xff, 0x4, 0x53, 0x18,
    0x3, 0xf8,

    /* U+007A "z" */
    0x3f, 0xff, 0xfe, 0xb, 0x0, 0x7f, 0xf0, 0xca,
    0xab, 0xfa, 0x40, 0x23, 0x15, 0x5f, 0xea, 0x0,
    0x22, 0x80, 0x7f, 0x51, 0x81, 0x58, 0x7, 0xf3,
    0xa8, 0xf, 0x80, 0x7f, 0x24, 0x0, 0x28, 0x80,
    0x3f, 0x15, 0x80, 0x25, 0x0, 0x3f, 0xf, 0x80,
    0x19, 0x80, 0x1f, 0xda, 0x40, 0x92, 0x1, 0xfd,
    0x26, 0x5, 0x40, 0x1f, 0xce, 0xc0, 0x3e, 0x20,
    0x1f, 0x92, 0x0, 0x14, 0x40, 0x1f, 0x8a, 0xc0,
    0x12, 0x80, 0x1f, 0x87, 0xc0, 0xc, 0xc0, 0xf,
    0xe8, 0x20, 0x1c, 0x55, 0xfe, 0x23, 0x0, 0xd,
    0x57, 0xf9, 0x0, 0x3f, 0xf8, 0x60,

    /* U+007B "{" */
    0x0, 0xf0, 0xc6, 0x77, 0xf9, 0x40, 0x38, 0xbd,
    0xcc, 0x40, 0x3f, 0x40, 0x81, 0x45, 0xd9, 0x0,
    0x39, 0x0, 0x18, 0xe8, 0x81, 0x0, 0xc2, 0x20,
    0x21, 0x0, 0xff, 0x84, 0x3, 0xf8, 0xc0, 0x3f,
    0xfb, 0xae, 0x1, 0xfc, 0x20, 0x1f, 0xfc, 0x6,
    0x0, 0x8, 0x7, 0xf4, 0x80, 0x30, 0x3, 0x91,
    0xd, 0x86, 0x4, 0xc0, 0x1d, 0x76, 0x93, 0x6,
    0xc0, 0xf, 0xf9, 0x48, 0x3, 0xdf, 0xed, 0x70,
    0x3d, 0x10, 0xf, 0x8a, 0x14, 0x5, 0x80, 0x3f,
    0xb8, 0x1, 0xa0, 0x1f, 0xcc, 0x0, 0x10, 0xf,
    0xfe, 0x6b, 0x80, 0x7f, 0xf5, 0xcc, 0x3, 0xff,
    0x86, 0x20, 0x1f, 0xc2, 0x20, 0x22, 0x0, 0x7f,
    0x20, 0x3, 0xdd, 0x10, 0x20, 0x1d, 0x2, 0x5,
    0x17, 0x64, 0x0, 0xe2, 0xf7, 0x31, 0x0, 0x80,

    /* U+007C "|" */
    0xff, 0x58, 0x7, 0xff, 0xfc, 0x3, 0xff, 0x8c,

    /* U+007D "}" */
    0xff, 0x76, 0xc9, 0x80, 0x7f, 0x9, 0x36, 0x30,
    0x7, 0xae, 0xd4, 0xa0, 0x9, 0x0, 0xf2, 0x21,
    0x68, 0xc0, 0x8, 0x1, 0xfd, 0x60, 0x2, 0x0,
    0xfe, 0x10, 0x0, 0x80, 0x7f, 0xfc, 0x4c, 0x1,
    0xe0, 0x1f, 0xc2, 0x0, 0x30, 0xf, 0xe5, 0x0,
    0x21, 0x0, 0x7e, 0x16, 0x0, 0x64, 0x22, 0x4,
    0x3, 0xa6, 0x44, 0x2f, 0x76, 0x40, 0xf, 0x79,
    0x0, 0x7f, 0xa9, 0x80, 0xef, 0xfc, 0xa0, 0x18,
    0x54, 0x7, 0x10, 0x3, 0xe5, 0x0, 0x20, 0x7,
    0xf0, 0x80, 0x8, 0x3, 0xf8, 0xc0, 0x1e, 0x1,
    0xff, 0xf1, 0x10, 0x0, 0x80, 0x7f, 0x58, 0x0,
    0x80, 0x39, 0x10, 0xb4, 0x60, 0x4, 0x0, 0xeb,
    0xb5, 0x28, 0x2, 0x40, 0x3f, 0x89, 0xb1, 0x80,
    0x3c,

    /* U+007E "~" */
    0x0, 0x85, 0x62, 0x5d, 0x0, 0x3f, 0xca, 0xa0,
    0x1a, 0xea, 0x76, 0x8b, 0xfa, 0x50, 0xe, 0x3b,
    0xa3, 0x5e, 0x50, 0xf, 0x96, 0xbf, 0x2a, 0x9b,
    0x88, 0x0, 0xc0, 0x17, 0xcf, 0xec, 0x83, 0x0,
    0x8d, 0x54, 0x40, 0x34, 0xc0, 0xdd, 0x6, 0x2,
    0x6f, 0x9b, 0x8, 0x20, 0x29, 0x3c, 0xa1, 0x12,
    0x1, 0xf8, 0x9e, 0xfb, 0xfa, 0xd8, 0x2,

    /* U+00A0 " " */

    /* U+00A1 "¡" */
    0x2f, 0xf8, 0x3, 0xff, 0x80, 0x5f, 0xf0, 0x7,
    0xf6, 0x75, 0x1, 0xb, 0x0, 0x80, 0x80, 0x46,
    0x20, 0x11, 0x80, 0x4, 0x3, 0xff, 0xb8,

    /* U+00A2 "¢" */
    0x0, 0xfc, 0x72, 0x20, 0x1f, 0xfc, 0x5, 0x62,
    0x0, 0xff, 0xf5, 0x24, 0xec, 0x86, 0x75, 0x28,
    0x6, 0x1b, 0xb3, 0x10, 0x4, 0x2b, 0x50, 0x0,
    0x2f, 0x40, 0x2, 0x20, 0x19, 0x84, 0x1, 0xb8,
    0x40, 0xb6, 0xf4, 0x2a, 0x77, 0x34, 0x14, 0xc0,
    0x1e, 0x40, 0x1e, 0x35, 0x9, 0x0, 0x41, 0x0,
    0x7f, 0x8c, 0x0, 0xc0, 0x1f, 0xe3, 0x0, 0x8,
    0x80, 0x3f, 0xce, 0x0, 0x20, 0xf, 0xfe, 0x73,
    0x80, 0x4, 0x3, 0xfe, 0x20, 0x1, 0x0, 0x7f,
    0xc2, 0x40, 0x4, 0x0, 0xff, 0x94, 0x1, 0x0,
    0x1f, 0xf4, 0x80, 0xe, 0x40, 0x3f, 0x8, 0xd,
    0x0, 0x1b, 0x14, 0x40, 0x6, 0xfb, 0x20, 0x5,
    0x90, 0x1, 0xd4, 0x6, 0x62, 0x8, 0x3, 0x36,
    0xa8, 0x7, 0xc9, 0x60, 0x18, 0xab, 0xf1, 0x81,
    0xf3, 0xec, 0xc0, 0x3e, 0x3f, 0xb, 0x30, 0xf,
    0xfe, 0xe9, 0x88, 0x80, 0x30,

    /* U+00A3 "£" */
    0x0, 0xf0, 0xc6, 0x77, 0xf6, 0x42, 0x0, 0x79,
    0x79, 0xcc, 0x40, 0x4d, 0xec, 0xc0, 0x31, 0x50,
    0x4, 0xae, 0xe4, 0x0, 0xfa, 0x0, 0x5, 0xd5,
    0x10, 0xbf, 0xa1, 0x0, 0xca, 0x0, 0x91, 0x0,
    0xe5, 0x20, 0x8, 0x80, 0x24, 0x0, 0xff, 0x98,
    0x0, 0x20, 0x1f, 0xfc, 0x33, 0x0, 0xff, 0xee,
    0x89, 0x9c, 0x1, 0x19, 0xf8, 0x2, 0x7c, 0xc4,
    0x0, 0xb, 0x33, 0xc0, 0x1f, 0xfc, 0x76, 0xff,
    0x58, 0x0, 0xbf, 0xfc, 0x1, 0xff, 0xff, 0x0,
    0xff, 0xe6, 0x55, 0x50, 0x0, 0x2a, 0xaf, 0xca,
    0xb8, 0xc0, 0x25, 0x5f, 0xda, 0x1, 0xff, 0xc4,

    /* U+00A4 "¤" */
    0x0, 0x20, 0x7, 0xff, 0x0, 0x50, 0x1, 0x76,
    0x50, 0xf, 0xf0, 0xe5, 0xa1, 0xa0, 0x52, 0x80,
    0xd, 0x9d, 0x40, 0x3, 0x84, 0x1a, 0x76, 0x0,
    0xa8, 0xdc, 0x98, 0xaf, 0x8c, 0x20, 0x59, 0x4,
    0xb0, 0x3, 0x90, 0x7, 0x39, 0x2, 0xd0, 0x4,
    0x90, 0x0, 0x19, 0xef, 0xc4, 0x0, 0xd, 0x0,
    0x75, 0x80, 0xfb, 0x8, 0x1d, 0xb0, 0xa, 0x0,
    0x63, 0x30, 0x58, 0x80, 0x74, 0x88, 0x68, 0x6,
    0x50, 0x2, 0x80, 0x7c, 0x80, 0xa0, 0x1f, 0xfc,
    0x33, 0x1, 0x0, 0xc4, 0x0, 0x20, 0xf, 0x94,
    0x18, 0x3, 0x20, 0x2, 0xc0, 0x3c, 0x66, 0xd,
    0x0, 0xe6, 0x6, 0x70, 0xc, 0x7a, 0x2, 0xc0,
    0x1c, 0x40, 0x8, 0xd8, 0x85, 0xe0, 0x80, 0x98,
    0x6, 0xb4, 0x0, 0x89, 0xdc, 0x80, 0x1b, 0xc,
    0x1, 0x68, 0x7, 0xd4, 0x80, 0x2, 0x7e, 0x90,
    0x6, 0x1a, 0x20, 0xf, 0x5, 0x6f, 0xfd, 0xb0,
    0x2d, 0x20, 0xa, 0x4a, 0x3c, 0x0, 0xff, 0x34,
    0xac, 0x82, 0xe0, 0x7, 0xff, 0x1, 0xa8, 0x0,

    /* U+00A5 "¥" */
    0x7f, 0xf4, 0x0, 0x7f, 0x8f, 0xfd, 0x80, 0xe4,
    0xe, 0x20, 0x1f, 0xde, 0x0, 0xf0, 0x4, 0x0,
    0x20, 0x3, 0xf2, 0x18, 0x29, 0x80, 0x14, 0xc1,
    0x88, 0x3, 0xe9, 0x0, 0x40, 0x6, 0xf0, 0x4,
    0x80, 0x79, 0x88, 0x1c, 0x80, 0x31, 0xa0, 0x22,
    0x0, 0x3a, 0x0, 0x64, 0x3, 0xd2, 0x0, 0x80,
    0xc, 0xe2, 0x12, 0x20, 0x1e, 0x26, 0x3, 0x50,
    0x0, 0xc0, 0xb, 0x80, 0x7e, 0x80, 0x5, 0x80,
    0x20, 0x1, 0x60, 0x1e, 0xef, 0xf7, 0x0, 0x5,
    0xc9, 0x80, 0x15, 0xff, 0x18, 0x0, 0xc0, 0x3d,
    0x32, 0x0, 0xff, 0x6f, 0xfe, 0x90, 0x14, 0x4,
    0xff, 0xe3, 0x0, 0xf9, 0x8c, 0x2, 0x90, 0xf,
    0xfe, 0x15, 0x0, 0x10, 0x80, 0x3f, 0x77, 0xff,
    0x48, 0x1, 0x3f, 0xfc, 0x60, 0x3, 0x0, 0xff,
    0xe3, 0x6f, 0xff, 0x48, 0x0, 0xff, 0xfc, 0x60,
    0x1f, 0xff, 0xf0, 0xf, 0xfe, 0xe0,

    /* U+00A6 "¦" */
    0xff, 0x58, 0x7, 0xff, 0x48, 0x84, 0x5b, 0xd4,
    0x1, 0xfd, 0xbd, 0x44, 0x22, 0x0, 0xff, 0xe9,
    0x0,

    /* U+00A7 "§" */
    0x0, 0x86, 0x37, 0xfd, 0xb6, 0xe6, 0x1, 0x93,
    0x9c, 0x80, 0x4, 0x91, 0x80, 0x10, 0xd0, 0x0,
    0xe6, 0xe9, 0x84, 0x3, 0x38, 0x82, 0x63, 0x22,
    0xcf, 0x58, 0x5, 0xc0, 0xd, 0x0, 0xf2, 0x0,
    0x5c, 0x0, 0xc0, 0xf, 0xf3, 0x80, 0x16, 0x0,
    0x3f, 0x86, 0x80, 0xf, 0x84, 0x1, 0xff, 0xc0,
    0x3d, 0x91, 0x0, 0xe6, 0xa0, 0x67, 0x0, 0x37,
    0xa8, 0x4, 0x32, 0xd, 0x31, 0xa8, 0x3, 0x52,
    0x0, 0x70, 0x4, 0x0, 0xa, 0xe8, 0x41, 0xa4,
    0x38, 0x0, 0x20, 0x19, 0x70, 0x41, 0x8f, 0x80,
    0xc, 0x1, 0xc5, 0x40, 0x4, 0x70, 0x4, 0xa8,
    0x7, 0x20, 0x4, 0x32, 0x0, 0xa9, 0x10, 0x8,
    0xc0, 0x6, 0xd, 0x40, 0x6, 0xf6, 0x0, 0x70,
    0x12, 0x0, 0x17, 0x94, 0x6, 0x77, 0x44, 0x3e,
    0x1, 0x86, 0xac, 0x80, 0x88, 0x3e, 0x40, 0x1e,
    0x4d, 0x70, 0x0, 0xc8, 0x7, 0xf4, 0x50, 0x1,
    0xc8, 0x3, 0xf9, 0x58, 0x0, 0x80, 0x1f, 0xee,
    0x0, 0x8, 0x0, 0x88, 0x1, 0xeb, 0x0, 0x18,
    0x1, 0xf7, 0x21, 0x51, 0xb4, 0xc0, 0x90, 0x3,
    0x1b, 0xd5, 0xc9, 0x0, 0xf8, 0x4, 0xb4, 0xc6,
    0x20, 0x3, 0x8e, 0x20, 0x0,

    /* U+00A8 "¨" */
    0x12, 0x20, 0x80, 0x4, 0x88, 0x37, 0xba, 0x90,
    0x4, 0xee, 0xac, 0x3, 0xff, 0x90,

    /* U+00A9 "©" */
    0x0, 0xf8, 0x5a, 0xf7, 0xfd, 0xb6, 0xc2, 0x1,
    0xff, 0xc0, 0x19, 0xe9, 0x56, 0x55, 0x32, 0xcf,
    0x48, 0x80, 0x7f, 0x1f, 0xb2, 0x5f, 0x5d, 0x52,
    0xfb, 0x11, 0xbc, 0xc0, 0x3e, 0x4c, 0xb, 0xb2,
    0x0, 0x78, 0xee, 0xc1, 0x88, 0x1, 0xc5, 0x63,
    0x88, 0x0, 0x6a, 0xcd, 0xba, 0x51, 0x4f, 0x2b,
    0x20, 0xd, 0xe1, 0x84, 0x9, 0xd2, 0xa6, 0x48,
    0xb5, 0x60, 0x3e, 0x1e, 0x1, 0x31, 0x49, 0x2,
    0x58, 0x8a, 0x7b, 0xfa, 0xdc, 0xc0, 0x5, 0x24,
    0xc0, 0xb, 0x26, 0x0, 0x50, 0x17, 0xb0, 0x80,
    0xa4, 0x48, 0x4, 0xc5, 0x60, 0x44, 0xa0, 0x3,
    0x8, 0x48, 0x80, 0x7f, 0xca, 0x44, 0x40, 0x40,
    0x6, 0x0, 0xa0, 0x7, 0xff, 0x2, 0xc1, 0x4,
    0x8, 0x0, 0xe0, 0xa0, 0x1f, 0xfc, 0x12, 0x1,
    0xf0, 0x10, 0x1, 0x80, 0x80, 0x7f, 0xf0, 0x44,
    0x3f, 0xc0, 0x20, 0x3, 0x1, 0x0, 0xff, 0xe0,
    0x88, 0x78, 0x81, 0x0, 0x1c, 0x14, 0x3, 0xff,
    0x82, 0x40, 0x28, 0x8, 0x0, 0xc0, 0x14, 0x0,
    0xff, 0xe0, 0x58, 0x21, 0x12, 0x80, 0xc, 0x21,
    0x22, 0x1, 0xff, 0x29, 0x10, 0x2c, 0x98, 0x1,
    0x40, 0x5e, 0xc4, 0x2, 0x71, 0x20, 0x13, 0x15,
    0x80, 0x18, 0xa4, 0x81, 0x2c, 0x45, 0x3b, 0xfd,
    0x8e, 0x60, 0x2, 0x92, 0x60, 0xb, 0xc3, 0x8,
    0x13, 0xa5, 0x4c, 0x8d, 0x6a, 0x80, 0x3e, 0x1e,
    0x1, 0x8a, 0xc7, 0x10, 0x0, 0xd5, 0x9b, 0x94,
    0xa0, 0x9e, 0x56, 0x40, 0x1c, 0x98, 0x17, 0x63,
    0x0, 0xf1, 0xdd, 0x83, 0x10, 0x3, 0xe3, 0xf6,
    0x4c, 0xeb, 0xaa, 0x5f, 0x62, 0x37, 0x98, 0x7,
    0xf0, 0xcf, 0x4a, 0xb2, 0xa9, 0x96, 0x7a, 0x44,
    0x3, 0x80,

    /* U+00AA "ª" */
    0x0, 0x2d, 0x6f, 0x7f, 0x5a, 0x0, 0x49, 0x4a,
    0x46, 0x22, 0x4b, 0x80, 0x3, 0xad, 0xfe, 0xf7,
    0x18, 0x1c, 0xc0, 0xe9, 0x0, 0x21, 0x93, 0xa,
    0x0, 0xfe, 0x40, 0x50, 0x0, 0xc6, 0x77, 0xfc,
    0xe0, 0x40, 0x7c, 0xe6, 0x22, 0x22, 0x8, 0x5,
    0xc0, 0x79, 0xfd, 0xba, 0x90, 0x1, 0x10, 0x3c,
    0xc0, 0x37, 0x0, 0x7f, 0x85, 0x80, 0x4, 0x0,
    0xf2, 0x0, 0x26, 0x0, 0x69, 0x3, 0xdf, 0xf5,
    0x9b, 0x0, 0x4d, 0x46, 0x0, 0x27, 0xfd, 0x47,
    0x0, 0x2e, 0x7f, 0xb6, 0x5, 0x2e, 0x40, 0x3f,
    0xf8, 0x3b, 0xff, 0xfd, 0xc0, 0x20, 0x1f, 0xe0,

    /* U+00AB "«" */
    0x0, 0xf8, 0xc0, 0x3c, 0x60, 0x1e, 0x7f, 0x0,
    0xea, 0xa0, 0x7, 0x4c, 0x0, 0x75, 0xa8, 0x7,
    0x53, 0x2, 0x80, 0x7, 0x10, 0x30, 0x2, 0xb5,
    0x7, 0x90, 0x2c, 0x30, 0xa5, 0x1, 0xd4, 0x9,
    0x80, 0x3c, 0x20, 0xb5, 0x2, 0xf2, 0xa, 0x60,
    0x4c, 0x11, 0x6a, 0x0, 0x28, 0x42, 0x54, 0x1,
    0x0, 0xc, 0x20, 0xb, 0x0, 0x10, 0x60, 0xa,
    0x0, 0x70, 0x80, 0x49, 0x82, 0x2c, 0x40, 0x6a,
    0x3, 0xc2, 0x0, 0x8f, 0x8, 0x2d, 0x41, 0x6c,
    0xb, 0xc, 0x2, 0x2c, 0x30, 0xa7, 0x4, 0xc1,
    0x16, 0x20, 0x4, 0x38, 0x81, 0x60, 0x3, 0xc2,
    0xd, 0x0, 0xeb, 0x60, 0xc, 0x58, 0x60, 0x1f,
    0x4c, 0x80, 0x30, 0xe6, 0x80,

    /* U+00AC "¬" */
    0x6a, 0xaf, 0xfe, 0x3a, 0x7a, 0xaf, 0xff, 0x1c,
    0x80, 0x3f, 0xf9, 0x33, 0xff, 0xff, 0xc4, 0xc0,
    0xf, 0xff, 0xf8, 0x7, 0xff, 0x98, 0x9d, 0xca,

    /* U+00AD "­" */
    0x49, 0x9f, 0xc6, 0xcd, 0xf8, 0x3, 0xf8,

    /* U+00AE "®" */
    0x0, 0xf8, 0x5a, 0xf7, 0xfd, 0xb6, 0xc2, 0x1,
    0xff, 0xc0, 0x19, 0xe9, 0x56, 0x55, 0x32, 0xcf,
    0x48, 0x80, 0x7f, 0x1f, 0xb2, 0x5f, 0x5d, 0x52,
    0xfb, 0x11, 0xbc, 0xc0, 0x3e, 0x4c, 0xb, 0xb2,
    0x0, 0x78, 0xee, 0xc1, 0x88, 0x1, 0xc5, 0x63,
    0x88, 0xf3, 0x3c, 0xe6, 0x0, 0x4f, 0x2b, 0x20,
    0xd, 0xe1, 0x84, 0x16, 0xcd, 0xd1, 0x9a, 0x40,
    0x3e, 0x1e, 0x1, 0x31, 0x49, 0x0, 0x65, 0xff,
    0xac, 0x4b, 0x80, 0x5, 0x24, 0xc0, 0xb, 0x26,
    0x0, 0xfe, 0x49, 0x3, 0x10, 0x3, 0x15, 0x81,
    0x12, 0x80, 0x3f, 0xe1, 0x0, 0xf2, 0x91, 0x10,
    0x10, 0x3, 0xfe, 0xd0, 0x21, 0x0, 0xac, 0x10,
    0x40, 0x80, 0x3c, 0xf3, 0x2a, 0xd4, 0x9, 0x0,
    0xc4, 0x3, 0xe0, 0x20, 0x1e, 0x26, 0x62, 0x93,
    0x72, 0x0, 0x61, 0xf, 0xf0, 0x8, 0x7, 0x97,
    0xf4, 0xc1, 0xc0, 0x3c, 0x21, 0xe2, 0x4, 0x1,
    0xf8, 0xb4, 0x45, 0x40, 0x1c, 0x40, 0x28, 0x8,
    0x1, 0xfc, 0x36, 0x8, 0xc0, 0x1a, 0xc1, 0x8,
    0x94, 0x1, 0xfe, 0x54, 0x8, 0x10, 0x9, 0x48,
    0x81, 0x64, 0xc0, 0x1f, 0xe9, 0x1, 0x80, 0x3,
    0x15, 0x80, 0x18, 0xa4, 0x80, 0x8, 0xb8, 0x1,
    0x8a, 0x54, 0xc4, 0xa4, 0x98, 0x2, 0xf0, 0xc2,
    0x8, 0xa6, 0x0, 0xe6, 0xaa, 0x7, 0x87, 0x80,
    0x62, 0xb1, 0xc4, 0x0, 0xff, 0x27, 0x95, 0x90,
    0x7, 0x26, 0x5, 0xd8, 0xc0, 0x3c, 0x77, 0x60,
    0xc4, 0x0, 0xf8, 0xfd, 0x93, 0x3a, 0xea, 0x97,
    0xd8, 0x8d, 0xe6, 0x1, 0xfc, 0x33, 0xd2, 0xac,
    0xaa, 0x65, 0x9e, 0x91, 0x0, 0xe0,

    /* U+00AF "¯" */
    0x35, 0x5f, 0xc7, 0x35, 0x5f, 0xa4, 0x3, 0xfc,

    /* U+00B0 "°" */
    0x0, 0x26, 0x7f, 0xad, 0x0, 0x28, 0xb3, 0x0,
    0x25, 0xb8, 0x23, 0x84, 0x6e, 0x9c, 0x21, 0x3c,
    0x1d, 0xc4, 0x48, 0x70, 0xf5, 0xa, 0x0, 0xd4,
    0xa, 0x0, 0x30, 0xc, 0x60, 0x5, 0x6, 0x0,
    0xcc, 0xb, 0xc1, 0xe, 0x22, 0x78, 0xf, 0x56,
    0x8, 0xee, 0x40, 0x3a, 0x4, 0xd1, 0x80, 0xe,
    0xe0, 0x0,

    /* U+00B1 "±" */
    0x0, 0xfe, 0xef, 0xb0, 0xf, 0xff, 0xf8, 0x7,
    0xff, 0x6e, 0x7f, 0xff, 0x8, 0x27, 0xff, 0xe6,
    0x0, 0xff, 0xe4, 0xfa, 0xaf, 0xe0, 0x0, 0xaa,
    0xfe, 0x26, 0xaa, 0xfc, 0x20, 0xb5, 0x5f, 0x90,
    0x3, 0xff, 0xfe, 0x1, 0xff, 0xc6, 0x22, 0x80,
    0x3f, 0xf8, 0xd9, 0xb2, 0x1, 0xff, 0xd2, 0x6a,
    0xaf, 0xfe, 0x3a, 0x7a, 0xaf, 0xff, 0x1c, 0x80,
    0x3f, 0xf9, 0x20,

    /* U+00B2 "²" */
    0x16, 0xad, 0xfe, 0xc6, 0x0, 0x34, 0xa8, 0x18,
    0x1c, 0xe0, 0x1c, 0xf6, 0xe7, 0x48, 0x1b, 0xa3,
    0x8, 0x4, 0xc8, 0x1a, 0x1, 0xf3, 0x1, 0x0,
    0x79, 0xc8, 0x64, 0x3, 0x96, 0x3, 0x44, 0x3,
    0x2d, 0x5, 0x18, 0x6, 0x6a, 0xa, 0x50, 0xd,
    0x12, 0x38, 0xa0, 0x1a, 0x9c, 0xb0, 0xc0, 0x33,
    0xa8, 0x1f, 0xee, 0xea, 0xf0, 0x0, 0x91, 0x73,
    0x80,

    /* U+00B3 "³" */
    0x8, 0xbd, 0xff, 0x6c, 0x10, 0x4, 0xe8, 0x6,
    0x44, 0x7d, 0x30, 0x6, 0xfe, 0xe6, 0xf1, 0x4,
    0x0, 0x8, 0x3, 0xa, 0x83, 0x0, 0x78, 0x55,
    0x82, 0x80, 0x37, 0xfb, 0xa8, 0x21, 0xc0, 0x32,
    0xa1, 0x0, 0x3c, 0x3, 0xaa, 0xf7, 0x89, 0xe8,
    0x3, 0xe1, 0x80, 0x51, 0x0, 0xff, 0x19, 0xc0,
    0x18, 0xe4, 0x4, 0x93, 0x3b, 0x73, 0xb0, 0x82,
    0x81, 0x18, 0x8c, 0xc2, 0x4f, 0xa8, 0x0,

    /* U+00B4 "´" */
    0x0, 0xc7, 0xfe, 0xc0, 0xe, 0xe0, 0x1d, 0x0,
    0xd4, 0x41, 0xa2, 0x1, 0x32, 0x85, 0x18, 0x4,
    0x52, 0x10, 0xa0, 0x1b, 0x81, 0x9c, 0x3, 0x0,

    /* U+00B5 "µ" */
    0x4f, 0xf4, 0x80, 0x7e, 0x8f, 0xf3, 0x0, 0x7f,
    0xff, 0xc0, 0x3f, 0xff, 0xe0, 0x1f, 0xfd, 0x73,
    0x0, 0xfc, 0x20, 0x1f, 0x98, 0x3, 0xf2, 0x80,
    0x7e, 0x32, 0x0, 0xf1, 0x98, 0x3, 0xfb, 0x84,
    0x3, 0x1e, 0x80, 0x42, 0x1, 0xc2, 0x7d, 0x51,
    0x37, 0x82, 0x40, 0x9, 0x93, 0x80, 0x4e, 0xa0,
    0xae, 0xc8, 0x7, 0x80, 0x1, 0x6e, 0x0, 0xd5,
    0x26, 0x0, 0x28, 0xc1, 0xb2, 0x4, 0xa0, 0xe,
    0x6c, 0xff, 0x6b, 0x80, 0x13, 0x7e, 0xcc, 0x3,
    0xff, 0xfe, 0x1, 0xff, 0xd5,

    /* U+00B6 "¶" */
    0x0, 0xcd, 0x7d, 0xff, 0xf7, 0x0, 0xf, 0x65,
    0x4, 0x3, 0xf8, 0xb0, 0x80, 0x39, 0x3f, 0xd4,
    0x1, 0x70, 0x7, 0xff, 0x4, 0xcc, 0x1, 0xff,
    0xc1, 0x50, 0xf, 0xfe, 0x17, 0x0, 0x7f, 0xf0,
    0xbc, 0x3, 0xff, 0x84, 0x60, 0x1f, 0xfc, 0x24,
    0x10, 0xf, 0xfe, 0x15, 0x0, 0x7f, 0xf0, 0x92,
    0x80, 0x3f, 0xf8, 0x4b, 0xce, 0x40, 0x1f, 0xfc,
    0x1, 0x8d, 0xe6, 0x0, 0xff, 0xe0, 0x88, 0x80,
    0x3f, 0xff, 0xe0, 0x1f, 0xff, 0xf0, 0xf, 0xfe,
    0x8d, 0xc7, 0x0, 0x1e, 0x20,

    /* U+00B7 "·" */
    0x9f, 0xf5, 0x80, 0x7f, 0xf0, 0x0,

    /* U+00B8 "¸" */
    0x0, 0x8f, 0xec, 0x3, 0x8d, 0x91, 0x80, 0x3a,
    0x82, 0xc0, 0x84, 0x1, 0x60, 0x40, 0xbd, 0xfe,
    0x70, 0x50, 0x32, 0x0, 0x13, 0x58, 0x0,

    /* U+00B9 "¹" */
    0x69, 0xcf, 0xf7, 0x0, 0x6b, 0x63, 0x10, 0xf,
    0x4e, 0xfc, 0x0, 0x79, 0x8, 0x3, 0xff, 0xfe,
    0x1, 0x36, 0x62, 0xc0, 0x73, 0x20, 0xf3, 0x31,
    0x0, 0xc, 0xe1,

    /* U+00BA "º" */
    0x0, 0x92, 0xfb, 0xfa, 0xd4, 0x3, 0xa6, 0xd0,
    0x48, 0x52, 0xa8, 0x1, 0x33, 0x1, 0xbf, 0x7e,
    0x1, 0x5c, 0x1, 0x0, 0x92, 0x1, 0x3a, 0x84,
    0xa, 0x8, 0x78, 0x7, 0x40, 0x1, 0x8, 0x0,
    0xa0, 0x1c, 0x40, 0x2, 0x10, 0x0, 0x80, 0x78,
    0x43, 0xc4, 0x0, 0x20, 0x1e, 0x10, 0xf2, 0x0,
    0x28, 0x7, 0x10, 0x0, 0x90, 0x43, 0xc0, 0x3a,
    0x0, 0x8, 0x10, 0x9, 0x22, 0x0, 0x85, 0x7,
    0x10, 0x66, 0x3, 0x77, 0x3d, 0xc1, 0x60, 0x2,
    0x9b, 0x41, 0x19, 0x2a, 0x80, 0x1c, 0x97, 0xdf,
    0xd6, 0xa0, 0x1f, 0xfc, 0x5d, 0xff, 0xfe, 0xe0,
    0x0, 0x80, 0x7f, 0xc0,

    /* U+00BB "»" */
    0x30, 0xe, 0x11, 0x0, 0x7d, 0x88, 0x1, 0x8b,
    0xc8, 0x3, 0xeb, 0x60, 0xc, 0x38, 0x60, 0x1c,
    0x61, 0x30, 0x0, 0x21, 0x16, 0x28, 0x6, 0xc4,
    0x7, 0x90, 0x1f, 0x20, 0xa6, 0x0, 0xd6, 0xc0,
    0xd6, 0x3, 0x86, 0x13, 0x0, 0x1a, 0x60, 0x13,
    0x4, 0x58, 0xa0, 0xf2, 0x1, 0x9d, 0x80, 0xd0,
    0x1, 0x46, 0xc, 0x40, 0x12, 0xb0, 0xb, 0x80,
    0x20, 0xc0, 0xc8, 0x0, 0xd4, 0x5, 0xe4, 0x12,
    0xe0, 0xb8, 0x0, 0x89, 0x4, 0xd1, 0xb, 0x60,
    0x6a, 0x0, 0x53, 0x82, 0xd8, 0x3, 0x10, 0x22,
    0x40, 0x25, 0x7, 0xa0, 0x1, 0x98, 0x29, 0xc0,
    0x3a, 0x20, 0x1, 0xd6, 0xa0, 0x1d, 0x4e, 0x1,
    0x87, 0x10, 0x3, 0xc0,

    /* U+00BC "¼" */
    0x1, 0x47, 0x87, 0x0, 0xff, 0xe0, 0xe7, 0xd8,
    0x7, 0xb7, 0xae, 0x1e, 0x40, 0x3f, 0xf8, 0xa,
    0x61, 0x20, 0x1e, 0x64, 0x76, 0x0, 0xff, 0xe1,
    0x58, 0x39, 0x0, 0x7a, 0xed, 0x1e, 0x1, 0xff,
    0xc1, 0x81, 0x14, 0x0, 0x7f, 0xf2, 0xc9, 0xc2,
    0xc0, 0x3f, 0xf9, 0x92, 0x6, 0xa0, 0x1f, 0xfc,
    0xb5, 0x40, 0xe0, 0xf, 0xfe, 0x65, 0x83, 0x10,
    0x7, 0xff, 0x2e, 0x4, 0x50, 0x1, 0xff, 0xcb,
    0x27, 0x8, 0x10, 0xf, 0xfe, 0x5c, 0x81, 0xb0,
    0x7, 0xff, 0x2d, 0x10, 0x1e, 0x1, 0xe2, 0xff,
    0x70, 0x2, 0x7f, 0xd2, 0x3, 0xff, 0x8, 0x2,
    0x41, 0x8c, 0x3, 0xde, 0x1, 0xde, 0x89, 0xf8,
    0x41, 0xc8, 0x60, 0x3, 0xd2, 0x4a, 0x1, 0x9a,
    0xef, 0xf0, 0xc, 0x4, 0x8, 0x7, 0x2b, 0x46,
    0x0, 0x7f, 0xf0, 0xac, 0xd, 0x80, 0x38, 0xa9,
    0x1c, 0x3, 0xff, 0x84, 0x8a, 0x1e, 0x1, 0xef,
    0x2a, 0x0, 0xff, 0xe1, 0xc8, 0x29, 0x80, 0x74,
    0x97, 0x8, 0x7, 0xff, 0x9, 0xc8, 0x2c, 0x3,
    0x95, 0xa4, 0xc0, 0x3f, 0xf8, 0x43, 0x1, 0x2,
    0x1, 0xd0, 0x1b, 0x77, 0x80, 0x6e, 0xc0, 0x1f,
    0x58, 0x13, 0x80, 0x7e, 0x44, 0xc4, 0x0, 0x44,
    0x0, 0x78, 0xd4, 0x24, 0x3, 0xed, 0xff, 0xe9,
    0x1, 0xff, 0x0, 0x7b, 0x81, 0x50, 0x3, 0xff,
    0x96, 0xe4, 0x16, 0x1, 0xff, 0xcd, 0x7b, 0x10,
    0xf, 0xfe, 0x13, 0x7f, 0x0, 0x0,

    /* U+00BD "½" */
    0x2, 0x47, 0x87, 0x0, 0xff, 0xe0, 0xe7, 0xd8,
    0x7, 0x6e, 0xae, 0x1e, 0x40, 0x3f, 0xf8, 0xa,
    0x61, 0x20, 0x1c, 0xed, 0x2e, 0x1, 0xff, 0xc2,
    0xb0, 0x72, 0x0, 0xea, 0x96, 0xe0, 0xf, 0xfe,
    0xc, 0x8, 0xa0, 0x3, 0xff, 0x94, 0x4e, 0x16,
    0x1, 0xff, 0xcb, 0x90, 0x35, 0x0, 0xff, 0xe5,
    0x2a, 0x7, 0x0, 0x7f, 0xf2, 0xec, 0x18, 0x80,
    0x3f, 0xf9, 0x50, 0x22, 0x80, 0xf, 0xfe, 0x51,
    0x38, 0x40, 0x80, 0x7f, 0xf2, 0xa4, 0xd, 0x80,
    0x7, 0x15, 0x48, 0x30, 0xf, 0xfe, 0x12, 0x20,
    0x3c, 0xb, 0x30, 0xea, 0xa7, 0xc9, 0x9, 0xff,
    0x48, 0xf, 0xfc, 0x20, 0x9, 0x6, 0x30, 0x63,
    0x6d, 0xfd, 0x60, 0x67, 0xf4, 0x4f, 0xc2, 0xe,
    0x43, 0x0, 0x6, 0xd9, 0x20, 0x29, 0x40, 0xb6,
    0xbb, 0xfc, 0x3, 0x1, 0x2, 0x0, 0x22, 0x0,
    0x71, 0x80, 0x80, 0x7f, 0xac, 0xd, 0x80, 0x3f,
    0xca, 0xa, 0x1, 0xfc, 0x8a, 0x1e, 0x1, 0xfe,
    0x92, 0x18, 0x0, 0xfe, 0x90, 0x53, 0x0, 0xfe,
    0x76, 0xd, 0x0, 0xfe, 0x72, 0xb, 0x0, 0xfe,
    0x68, 0xa, 0x30, 0xf, 0xc3, 0x1, 0x2, 0x1,
    0xf9, 0xa4, 0x29, 0x40, 0x3f, 0xac, 0x9, 0xc0,
    0x3f, 0x3c, 0x85, 0xa8, 0x7, 0xf1, 0xa8, 0x48,
    0x7, 0xe8, 0x80, 0xe2, 0x0, 0x7f, 0xb8, 0x15,
    0x0, 0x3e, 0x57, 0x0, 0x7e, 0x67, 0x0, 0x73,
    0x90, 0x58, 0x7, 0xfc, 0x26, 0x7e, 0x0, 0xf3,
    0xd8, 0x80, 0x7e, 0x5f, 0xff, 0xe0,

    /* U+00BE "¾" */
    0x8, 0xbe, 0xff, 0x6c, 0x8, 0x7, 0xfd, 0x9f,
    0x60, 0x1f, 0x3a, 0x1a, 0x11, 0x1f, 0xc8, 0x3,
    0xf9, 0x4c, 0x24, 0x3, 0xec, 0xfd, 0xbd, 0xe2,
    0x19, 0x0, 0xfe, 0xb0, 0x72, 0x0, 0xf8, 0xc0,
    0x30, 0xa8, 0x30, 0x7, 0xe8, 0x11, 0x40, 0x7,
    0xff, 0x4, 0x54, 0x10, 0x3, 0xe2, 0x70, 0xb0,
    0xf, 0xfa, 0xaf, 0x38, 0x8e, 0x0, 0x3e, 0x90,
    0x35, 0x0, 0xff, 0x95, 0xc, 0xf, 0x84, 0x3,
    0xca, 0x81, 0xc0, 0x1f, 0xfc, 0xf, 0xf7, 0x41,
    0xea, 0x80, 0x7a, 0xc1, 0x88, 0x3, 0xff, 0x84,
    0x2f, 0x21, 0x40, 0x1d, 0x2, 0x28, 0x0, 0xff,
    0xe2, 0xa8, 0x0, 0x80, 0x22, 0x70, 0x81, 0x0,
    0xff, 0xe2, 0xa0, 0x0, 0xc0, 0x29, 0x3, 0x60,
    0xf, 0x19, 0xc0, 0x5, 0x83, 0x10, 0x27, 0x80,
    0x41, 0x0, 0x22, 0x3, 0xc0, 0x3c, 0x99, 0x8d,
    0x0, 0x13, 0xe7, 0x7e, 0xc0, 0x1d, 0x0, 0x52,
    0xc, 0x60, 0x1c, 0x34, 0x1, 0xcf, 0x6e, 0xa8,
    0xaf, 0x98, 0x10, 0x3, 0x90, 0xc0, 0x7, 0xa8,
    0x5c, 0x3, 0x92, 0x2a, 0xea, 0xc, 0x2, 0x18,
    0x8, 0x10, 0xe, 0x74, 0xae, 0x0, 0xff, 0xe1,
    0xd8, 0x1b, 0x0, 0x71, 0xc3, 0x28, 0x7, 0xff,
    0xd, 0x14, 0x3c, 0x3, 0xdc, 0x52, 0x1, 0xff,
    0xc4, 0x90, 0x53, 0x0, 0xea, 0x2f, 0x0, 0xff,
    0xe2, 0x39, 0x5, 0x80, 0x73, 0x2c, 0x90, 0x7,
    0xff, 0xc, 0x60, 0x20, 0x40, 0x3a, 0xc3, 0x6e,
    0xf0, 0xd, 0xd8, 0x3, 0xf5, 0x81, 0x38, 0x7,
    0xe4, 0x4c, 0x40, 0x4, 0x40, 0x7, 0xc6, 0xa1,
    0x20, 0x1f, 0x6f, 0xff, 0x48, 0xf, 0xf8, 0x3,
    0xee, 0x5, 0x40, 0xf, 0xfe, 0x63, 0x90, 0x58,
    0x7, 0xff, 0x39, 0xec, 0x40, 0x3f, 0xf8, 0x4d,
    0xfc, 0x0,

    /* U+00BF "¿" */
    0x0, 0xe4, 0xff, 0x70, 0x7, 0xff, 0x68, 0xc0,
    0x3f, 0x93, 0xfd, 0xa0, 0x1f, 0xfc, 0xa1, 0x99,
    0x38, 0x7, 0xf1, 0x33, 0x2c, 0x3, 0xff, 0x9a,
    0xe0, 0x1f, 0xcc, 0x0, 0x10, 0xf, 0xe9, 0x0,
    0x60, 0x7, 0xe9, 0x30, 0x16, 0x0, 0xfa, 0x18,
    0x1, 0x40, 0x1f, 0x3b, 0x80, 0x12, 0x80, 0x1e,
    0x58, 0x0, 0x4b, 0x0, 0x78, 0x6c, 0x0, 0xec,
    0x1, 0xf3, 0x8, 0x14, 0x0, 0x7e, 0xc0, 0x5,
    0x0, 0x7f, 0xf2, 0x88, 0x1, 0x80, 0x1f, 0xb,
    0x68, 0x1, 0x1c, 0x3, 0xc, 0x76, 0xa1, 0x80,
    0x23, 0xaa, 0x73, 0x9c, 0x2, 0xd3, 0x0, 0xa,
    0xb1, 0x80, 0xb, 0xc0, 0x72, 0x90, 0x40, 0x4,
    0xd7, 0xa8,

    /* U+00C0 "À" */
    0x0, 0xf9, 0xff, 0xcc, 0x1, 0xff, 0xc6, 0x75,
    0x9, 0x10, 0xf, 0xfe, 0x35, 0x10, 0x50, 0x7,
    0xff, 0x1f, 0xc5, 0x18, 0x3, 0xff, 0x8c, 0x5a,
    0xe2, 0x1, 0xff, 0xc7, 0x38, 0x70, 0xf, 0xfe,
    0xd8, 0xff, 0xdc, 0x1, 0xff, 0xc5, 0x70, 0x8,
    0x50, 0x3, 0xff, 0x89, 0x60, 0x1b, 0xc0, 0x3f,
    0xf8, 0x66, 0x40, 0xa6, 0x8, 0x20, 0x1f, 0xfc,
    0x2a, 0x0, 0x75, 0x0, 0x18, 0x3, 0xff, 0x84,
    0xc0, 0x28, 0xe0, 0xa, 0x0, 0xff, 0xe0, 0xa8,
    0x1, 0x80, 0x54, 0x8, 0xc0, 0x3f, 0xf8, 0x12,
    0x0, 0xa0, 0x7, 0x0, 0x24, 0x3, 0xfe, 0x23,
    0x3, 0x20, 0x2, 0x8, 0x28, 0x7, 0xfd, 0x40,
    0xb, 0x0, 0xce, 0x0, 0x60, 0xf, 0xf3, 0x0,
    0x18, 0x3, 0x50, 0x2, 0x80, 0x3f, 0x90, 0x41,
    0x4, 0x3, 0x19, 0x1, 0x90, 0x7, 0xee, 0x0,
    0x70, 0x7, 0xa8, 0x1, 0x60, 0x1f, 0xa, 0x80,
    0x14, 0x3, 0xcc, 0x0, 0x70, 0xf, 0x98, 0x0,
    0x35, 0x5f, 0x58, 0x0, 0x54, 0x3, 0xd4, 0x0,
    0x15, 0x5f, 0xc0, 0x17, 0x0, 0x71, 0x90, 0x7,
    0xff, 0x9, 0x4, 0x3, 0x50, 0x1, 0xff, 0xff,
    0xcc, 0x0, 0x60, 0xc, 0xc0, 0xa, 0x0, 0xff,
    0x68, 0x2, 0x40, 0x26, 0x0, 0x11, 0x0, 0x3f,
    0xc8, 0x20, 0x28, 0x0, 0xa0, 0x5, 0x0, 0x7f,
    0xf0, 0x18, 0x1, 0xc0, 0x46, 0x0, 0x60, 0xf,
    0xfe, 0x5, 0x80, 0x14, 0x68, 0x0, 0x62, 0x1,
    0xff, 0xc0, 0x32, 0x0, 0x38,

    /* U+00C1 "Á" */
    0x0, 0xff, 0xa3, 0xfc, 0x80, 0x1f, 0xfc, 0x53,
    0x70, 0x84, 0x0, 0xff, 0xe2, 0xf0, 0x23, 0x80,
    0x7f, 0xf1, 0x64, 0x89, 0x60, 0x1f, 0xfc, 0x6e,
    0x7f, 0x0, 0xff, 0xe3, 0xbc, 0x10, 0x7, 0xff,
    0x70, 0x7f, 0xee, 0x0, 0xff, 0xe2, 0xb8, 0x4,
    0x28, 0x1, 0xff, 0xc4, 0xb0, 0xd, 0xe0, 0x1f,
    0xfc, 0x33, 0x20, 0x53, 0x4, 0x10, 0xf, 0xfe,
    0x15, 0x0, 0x3a, 0x80, 0xc, 0x1, 0xff, 0xc2,
    0x60, 0x14, 0x70, 0x5, 0x0, 0x7f, 0xf0, 0x54,
    0x0, 0xc0, 0x2a, 0x4, 0x60, 0x1f, 0xfc, 0x9,
    0x0, 0x50, 0x3, 0x80, 0x12, 0x1, 0xff, 0x11,
    0x81, 0x90, 0x1, 0x4, 0x14, 0x3, 0xfe, 0xa0,
    0x5, 0x80, 0x67, 0x0, 0x30, 0x7, 0xf9, 0x80,
    0xc, 0x1, 0xa8, 0x1, 0x40, 0x1f, 0xc8, 0x20,
    0x82, 0x1, 0x8c, 0x80, 0xc8, 0x3, 0xf7, 0x0,
    0x38, 0x3, 0xd4, 0x0, 0xb0, 0xf, 0x85, 0x40,
    0xa, 0x1, 0xe6, 0x0, 0x38, 0x7, 0xcc, 0x0,
    0x1a, 0xaf, 0xac, 0x0, 0x2a, 0x1, 0xea, 0x0,
    0xa, 0xaf, 0xe0, 0xb, 0x80, 0x38, 0xc8, 0x3,
    0xff, 0x84, 0x82, 0x1, 0xa8, 0x0, 0xff, 0xff,
    0xe6, 0x0, 0x30, 0x6, 0x60, 0x5, 0x0, 0x7f,
    0xb4, 0x1, 0x20, 0x13, 0x0, 0x8, 0x80, 0x1f,
    0xe4, 0x10, 0x14, 0x0, 0x50, 0x2, 0x80, 0x3f,
    0xf8, 0xc, 0x0, 0xe0, 0x23, 0x0, 0x30, 0x7,
    0xff, 0x2, 0xc0, 0xa, 0x34, 0x0, 0x31, 0x0,
    0xff, 0xe0, 0x19, 0x0, 0x1c,

    /* U+00C2 "Â" */
    0x0, 0xfe, 0xdf, 0xf6, 0x0, 0x7f, 0xf1, 0x68,
    0x88, 0x27, 0x0, 0x1f, 0xfc, 0x35, 0x50, 0xfe,
    0x83, 0x98, 0x7, 0xff, 0x4, 0xa8, 0x34, 0x8e,
    0x83, 0x44, 0x3, 0xff, 0x80, 0xee, 0xb3, 0x0,
    0x2d, 0x32, 0x80, 0x7f, 0xf0, 0x16, 0x10, 0x3,
    0x2c, 0x20, 0x7, 0xff, 0x60, 0x7f, 0xee, 0x0,
    0xff, 0xe2, 0xb8, 0x4, 0x28, 0x1, 0xff, 0xc4,
    0xb0, 0xd, 0xe0, 0x1f, 0xfc, 0x33, 0x20, 0x53,
    0x4, 0x10, 0xf, 0xfe, 0x15, 0x0, 0x3a, 0x80,
    0xc, 0x1, 0xff, 0xc2, 0x60, 0x14, 0x70, 0x5,
    0x0, 0x7f, 0xf0, 0x54, 0x0, 0xc0, 0x2a, 0x4,
    0x60, 0x1f, 0xfc, 0x9, 0x0, 0x50, 0x3, 0x80,
    0x12, 0x1, 0xff, 0x11, 0x81, 0x90, 0x1, 0x4,
    0x14, 0x3, 0xfe, 0xa0, 0x5, 0x80, 0x67, 0x0,
    0x30, 0x7, 0xf9, 0x80, 0xc, 0x1, 0xa8, 0x1,
    0x40, 0x1f, 0xc8, 0x20, 0x82, 0x1, 0x8c, 0x80,
    0xc8, 0x3, 0xf7, 0x0, 0x38, 0x3, 0xd4, 0x0,
    0xb0, 0xf, 0x85, 0x40, 0xa, 0x1, 0xe6, 0x0,
    0x38, 0x7, 0xcc, 0x0, 0x1a, 0xaf, 0xac, 0x0,
    0x2a, 0x1, 0xea, 0x0, 0xa, 0xaf, 0xe0, 0xb,
    0x80, 0x38, 0xc8, 0x3, 0xff, 0x84, 0x82, 0x1,
    0xa8, 0x0, 0xff, 0xff, 0xe6, 0x0, 0x30, 0x6,
    0x60, 0x5, 0x0, 0x7f, 0xb4, 0x1, 0x20, 0x13,
    0x0, 0x8, 0x80, 0x1f, 0xe4, 0x10, 0x14, 0x0,
    0x50, 0x2, 0x80, 0x3f, 0xf8, 0xc, 0x0, 0xe0,
    0x23, 0x0, 0x30, 0x7, 0xff, 0x2, 0xc0, 0xa,
    0x34, 0x0, 0x31, 0x0, 0xff, 0xe0, 0x19, 0x0,
    0x1c,

    /* U+00C3 "Ã" */
    0x0, 0xfa, 0x32, 0xd4, 0x2, 0xcd, 0x0, 0xff,
    0xe0, 0x4b, 0x9a, 0x55, 0x92, 0x18, 0x7, 0xff,
    0x5, 0x83, 0x70, 0xd3, 0x6c, 0x2c, 0x3, 0xfe,
    0x22, 0x29, 0x1e, 0x49, 0x9a, 0x58, 0x3, 0xfe,
    0x2d, 0xa0, 0x9, 0xb3, 0xc, 0x1, 0xff, 0xef,
    0x1f, 0xfb, 0x80, 0x3f, 0xf8, 0xae, 0x1, 0xa,
    0x0, 0x7f, 0xf1, 0x2c, 0x3, 0x78, 0x7, 0xff,
    0xc, 0xc8, 0x14, 0xc1, 0x4, 0x3, 0xff, 0x85,
    0x40, 0xe, 0xa0, 0x3, 0x0, 0x7f, 0xf0, 0x98,
    0x5, 0x1c, 0x1, 0x40, 0x1f, 0xfc, 0x15, 0x0,
    0x30, 0xa, 0x81, 0x18, 0x7, 0xff, 0x2, 0x40,
    0x14, 0x0, 0xe0, 0x4, 0x80, 0x7f, 0xc4, 0x60,
    0x64, 0x0, 0x41, 0x5, 0x0, 0xff, 0xa8, 0x1,
    0x60, 0x19, 0xc0, 0xc, 0x1, 0xfe, 0x60, 0x3,
    0x0, 0x6a, 0x0, 0x50, 0x7, 0xf2, 0x8, 0x20,
    0x80, 0x63, 0x20, 0x32, 0x0, 0xfd, 0xc0, 0xe,
    0x0, 0xf5, 0x0, 0x2c, 0x3, 0xe1, 0x50, 0x2,
    0x80, 0x79, 0x80, 0xe, 0x1, 0xf3, 0x0, 0x6,
    0xab, 0xeb, 0x0, 0xa, 0x80, 0x7a, 0x80, 0x2,
    0xab, 0xf8, 0x2, 0xe0, 0xe, 0x32, 0x0, 0xff,
    0xe1, 0x20, 0x80, 0x6a, 0x0, 0x3f, 0xff, 0xf9,
    0x80, 0xc, 0x1, 0x98, 0x1, 0x40, 0x1f, 0xed,
    0x0, 0x48, 0x4, 0xc0, 0x2, 0x20, 0x7, 0xf9,
    0x4, 0x5, 0x0, 0x14, 0x0, 0xa0, 0xf, 0xfe,
    0x3, 0x0, 0x38, 0x8, 0xc0, 0xc, 0x1, 0xff,
    0xc0, 0xb0, 0x2, 0x8d, 0x0, 0xc, 0x40, 0x3f,
    0xf8, 0x6, 0x40, 0x7,

    /* U+00C4 "Ä" */
    0x0, 0xf1, 0x19, 0x84, 0x0, 0x26, 0x61, 0x0,
    0xff, 0xe0, 0x4e, 0x61, 0x80, 0x11, 0x98, 0x80,
    0xf, 0xff, 0x65, 0xff, 0x9c, 0x1, 0x3f, 0xe9,
    0x0, 0xff, 0xf7, 0xf, 0xfd, 0xc0, 0x1f, 0xfc,
    0x57, 0x0, 0x85, 0x0, 0x3f, 0xf8, 0x96, 0x1,
    0xbc, 0x3, 0xff, 0x86, 0x64, 0xa, 0x60, 0x82,
    0x1, 0xff, 0xc2, 0xa0, 0x7, 0x50, 0x1, 0x80,
    0x3f, 0xf8, 0x4c, 0x2, 0x8e, 0x0, 0xa0, 0xf,
    0xfe, 0xa, 0x80, 0x18, 0x5, 0x40, 0x8c, 0x3,
    0xff, 0x81, 0x20, 0xa, 0x0, 0x70, 0x2, 0x40,
    0x3f, 0xe2, 0x30, 0x32, 0x0, 0x20, 0x82, 0x80,
    0x7f, 0xd4, 0x0, 0xb0, 0xc, 0xe0, 0x6, 0x0,
    0xff, 0x30, 0x1, 0x80, 0x35, 0x0, 0x28, 0x3,
    0xf9, 0x4, 0x10, 0x40, 0x31, 0x90, 0x19, 0x0,
    0x7e, 0xe0, 0x7, 0x0, 0x7a, 0x80, 0x16, 0x1,
    0xf0, 0xa8, 0x1, 0x40, 0x3c, 0xc0, 0x7, 0x0,
    0xf9, 0x80, 0x3, 0x55, 0xf5, 0x80, 0x5, 0x40,
    0x3d, 0x40, 0x1, 0x55, 0xfc, 0x1, 0x70, 0x7,
    0x19, 0x0, 0x7f, 0xf0, 0x90, 0x40, 0x35, 0x0,
    0x1f, 0xff, 0xfc, 0xc0, 0x6, 0x0, 0xcc, 0x0,
    0xa0, 0xf, 0xf6, 0x80, 0x24, 0x2, 0x60, 0x1,
    0x10, 0x3, 0xfc, 0x82, 0x2, 0x80, 0xa, 0x0,
    0x50, 0x7, 0xff, 0x1, 0x80, 0x1c, 0x4, 0x60,
    0x6, 0x0, 0xff, 0xe0, 0x58, 0x1, 0x46, 0x80,
    0x6, 0x20, 0x1f, 0xfc, 0x3, 0x20, 0x3, 0x80,

    /* U+00C5 "Å" */
    0x0, 0xfc, 0x55, 0xdb, 0x22, 0x1, 0xff, 0xc3,
    0x4d, 0x51, 0x26, 0xf2, 0x0, 0xff, 0xe1, 0x50,
    0x37, 0x71, 0x47, 0x80, 0x3f, 0xf8, 0x26, 0x27,
    0x22, 0x2a, 0x13, 0x10, 0xf, 0xfe, 0x3, 0x2,
    0x80, 0x65, 0x2, 0x0, 0xff, 0xe0, 0x38, 0x28,
    0x6, 0x50, 0x20, 0xf, 0xfe, 0x1, 0x19, 0xa4,
    0x45, 0x42, 0xa2, 0x1, 0xff, 0xc1, 0xe2, 0x6e,
    0xe2, 0x9d, 0x80, 0x7f, 0xf0, 0x89, 0x0, 0x35,
    0x88, 0x7, 0xff, 0xd, 0x80, 0x35, 0x0, 0x7f,
    0xf0, 0xd4, 0x0, 0xa6, 0x4, 0x80, 0x1f, 0xfc,
    0x2e, 0x0, 0x75, 0x0, 0x38, 0x3, 0xff, 0x82,
    0x48, 0x2, 0x8e, 0x0, 0x50, 0xf, 0xfe, 0xd,
    0x0, 0x18, 0x5, 0x40, 0xc, 0x1, 0xff, 0xc0,
    0x50, 0x5, 0x80, 0x38, 0x1, 0x40, 0x1f, 0xf2,
    0x10, 0x11, 0x80, 0x10, 0x40, 0xc8, 0x3, 0xfd,
    0xc0, 0xa, 0x0, 0xce, 0x0, 0xa0, 0xf, 0xf2,
    0x80, 0x18, 0x3, 0x50, 0x1, 0x80, 0x3f, 0x98,
    0x0, 0x82, 0x1, 0x8c, 0x80, 0x50, 0x3, 0xf5,
    0x0, 0x38, 0x3, 0xd4, 0x0, 0xe0, 0xf, 0x88,
    0xc0, 0xa, 0x1, 0xe6, 0x0, 0x28, 0x80, 0x7a,
    0x80, 0x3, 0x55, 0xf5, 0x80, 0x4e, 0x1, 0xe6,
    0x0, 0xa, 0xaf, 0xe0, 0xa, 0x80, 0x39, 0x4,
    0x3, 0xff, 0x84, 0x64, 0x1, 0xb8, 0x0, 0xff,
    0xff, 0xe6, 0x0, 0x50, 0x4, 0x2a, 0x0, 0xa0,
    0xf, 0xf6, 0x80, 0x18, 0x2, 0x70, 0x1, 0x10,
    0x3, 0xfc, 0x82, 0x2, 0x80, 0xa, 0x0, 0x50,
    0x7, 0xff, 0x1, 0x80, 0x1c, 0x4, 0x60, 0x6,
    0x0, 0xff, 0xe0, 0x58, 0x1, 0x46, 0xc0, 0x6,
    0x20, 0x1f, 0xfc, 0x3, 0x20, 0x3, 0x80,

    /* U+00C6 "Æ" */
    0x0, 0xfe, 0x5f, 0xff, 0xfe, 0x36, 0x80, 0x7f,
    0xb8, 0x3, 0xff, 0xa0, 0x48, 0x0, 0x55, 0x0,
    0x46, 0xab, 0xff, 0x0, 0x7f, 0x58, 0x1, 0x2a,
    0x82, 0x0, 0x8a, 0xaf, 0xf4, 0x0, 0x7e, 0x16,
    0x0, 0x78, 0x7, 0xff, 0x35, 0x80, 0x4, 0x80,
    0x1f, 0xfc, 0xda, 0x0, 0x40, 0x7, 0xff, 0x35,
    0x8, 0x5, 0x40, 0x3f, 0xf9, 0xbe, 0x0, 0x90,
    0xf, 0xfe, 0x69, 0x20, 0x1, 0x80, 0x3e, 0x8a,
    0xaf, 0xf1, 0x80, 0x7a, 0xc0, 0xc, 0x20, 0x1f,
    0x1a, 0xaf, 0xf9, 0x80, 0x3c, 0xc0, 0xb, 0x0,
    0xff, 0xe6, 0xb0, 0x1, 0x8, 0x3, 0xf5, 0xff,
    0xff, 0x94, 0x3, 0xac, 0x1, 0xe0, 0x1f, 0xfc,
    0xd4, 0x20, 0x7, 0x55, 0x78, 0x40, 0x3f, 0xf8,
    0xde, 0x1, 0x2a, 0xfc, 0x1, 0xff, 0xc6, 0x24,
    0x0, 0xff, 0xe8, 0x50, 0x1, 0xbf, 0xff, 0x8,
    0x7, 0xff, 0x15, 0x80, 0x14, 0x1, 0xff, 0xcd,
    0x61, 0x3, 0x30, 0x7, 0xff, 0x36, 0x80, 0x12,
    0x1, 0xff, 0xc0, 0x8a, 0xaf, 0xf8, 0x4c, 0xc0,
    0x2a, 0x1, 0xff, 0xc0, 0x35, 0x5f, 0xf8, 0xe4,
    0x0, 0xc0, 0x1f, 0xfc, 0xe0,

    /* U+00C7 "Ç" */
    0x0, 0xf8, 0xe2, 0xf7, 0xfd, 0xd9, 0x28, 0x1,
    0xf8, 0xf3, 0xe, 0x84, 0x0, 0x13, 0x6b, 0xe6,
    0x0, 0xe7, 0xc3, 0x0, 0x8d, 0x54, 0x84, 0x0,
    0x19, 0x80, 0x9, 0xe0, 0x0, 0x55, 0xf9, 0x54,
    0xbd, 0xe8, 0x10, 0x10, 0x2, 0x40, 0x1, 0x75,
    0x40, 0x3c, 0x2f, 0xce, 0x1, 0x48, 0x0, 0xe8,
    0x3, 0xfe, 0x88, 0x2, 0x90, 0x3, 0x80, 0x3f,
    0xf8, 0x22, 0x1e, 0x0, 0x42, 0x0, 0xff, 0xe1,
    0xa0, 0x3, 0x0, 0x3f, 0xf8, 0x82, 0x0, 0x30,
    0xf, 0xfe, 0x19, 0x0, 0x4e, 0x1, 0xff, 0xc7,
    0x10, 0xf, 0xfe, 0x38, 0x80, 0x7f, 0xf0, 0xc8,
    0x2, 0x70, 0xf, 0xfe, 0x20, 0x80, 0xc, 0x3,
    0xff, 0x88, 0x80, 0xc, 0x0, 0xff, 0xe2, 0x78,
    0x1, 0x8, 0x3, 0xff, 0x86, 0xa4, 0x0, 0xe0,
    0xf, 0xfe, 0x8, 0x80, 0x24, 0x0, 0x74, 0x1,
    0xff, 0x44, 0x0, 0x9, 0x0, 0x5, 0xd5, 0x0,
    0xf0, 0xbf, 0x38, 0x6, 0x78, 0x0, 0x15, 0x7e,
    0x55, 0x2f, 0x7a, 0x4, 0x4, 0x3, 0x3e, 0x18,
    0x4, 0x6a, 0xa4, 0x20, 0x0, 0xcc, 0x0, 0x71,
    0xe6, 0x1c, 0xc8, 0x2, 0x36, 0xbe, 0x60, 0xf,
    0xc7, 0x19, 0xb4, 0xb, 0x92, 0x80, 0x1f, 0xfc,
    0x25, 0x15, 0x30, 0xf, 0xfe, 0x2b, 0x85, 0x80,
    0x7f, 0xf1, 0x44, 0x8, 0x3, 0xff, 0x82, 0xa2,
    0x4, 0xa0, 0x60, 0x1f, 0xfc, 0x19, 0xef, 0xd2,
    0xa, 0x0, 0xff, 0xe0, 0xa0, 0x80, 0x9d, 0x98,
    0x7, 0x0,

    /* U+00C8 "È" */
    0x0, 0x87, 0x7f, 0x40, 0x3f, 0xf8, 0x3, 0xe0,
    0x52, 0x1, 0xff, 0xc0, 0x2a, 0x6, 0x40, 0xf,
    0xfe, 0x2, 0xb8, 0x50, 0x80, 0x7f, 0xf0, 0x22,
    0xc, 0x40, 0x1f, 0xfc, 0x17, 0x83, 0x0, 0xff,
    0xe5, 0x6f, 0xff, 0xff, 0x7, 0x80, 0x3f, 0xf9,
    0x6, 0xab, 0xfe, 0x70, 0xd, 0x15, 0x5f, 0xe9,
    0x0, 0xff, 0xff, 0x80, 0x7f, 0x45, 0x57, 0xf9,
    0x0, 0x31, 0xaa, 0xff, 0x88, 0x3, 0xff, 0x91,
    0x7f, 0xff, 0xe6, 0x0, 0xff, 0xff, 0x80, 0x7f,
    0xf7, 0x62, 0xab, 0xfe, 0x10, 0x8, 0xd5, 0x7f,
    0xe3, 0x0, 0xff, 0xe2, 0x0,

    /* U+00C9 "É" */
    0x0, 0xf8, 0x7b, 0xf0, 0x3, 0xff, 0x81, 0x42,
    0x2d, 0x0, 0xff, 0x99, 0x2, 0x84, 0x3, 0xfc,
    0x32, 0x10, 0x80, 0x1f, 0xf2, 0xbc, 0xb8, 0x7,
    0xff, 0x1, 0x21, 0x80, 0x3f, 0xf9, 0x9b, 0xff,
    0xff, 0xc1, 0xe0, 0xf, 0xfe, 0x41, 0xaa, 0xff,
    0x9c, 0x3, 0x45, 0x57, 0xfa, 0x40, 0x3f, 0xff,
    0xe0, 0x1f, 0xd1, 0x55, 0xfe, 0x40, 0xc, 0x6a,
    0xbf, 0xe2, 0x0, 0xff, 0xe4, 0x5f, 0xff, 0xf9,
    0x80, 0x3f, 0xff, 0xe0, 0x1f, 0xfd, 0xd8, 0xaa,
    0xff, 0x84, 0x2, 0x35, 0x5f, 0xf8, 0xc0, 0x3f,
    0xf8, 0x80,

    /* U+00CA "Ê" */
    0x0, 0xe5, 0xff, 0x90, 0x3, 0xfc, 0x54, 0x6,
    0x14, 0x20, 0x1f, 0xdc, 0xd, 0x8a, 0x3a, 0x1,
    0xfa, 0x4d, 0x24, 0x28, 0xcd, 0x0, 0x1f, 0x74,
    0x58, 0x5, 0xb1, 0xe0, 0x1f, 0x3b, 0x80, 0x30,
    0xbb, 0x80, 0x3f, 0xf9, 0x1b, 0xff, 0xff, 0xc1,
    0xe0, 0xf, 0xfe, 0x41, 0xaa, 0xff, 0x9c, 0x3,
    0x45, 0x57, 0xfa, 0x40, 0x3f, 0xff, 0xe0, 0x1f,
    0xd1, 0x55, 0xfe, 0x40, 0xc, 0x6a, 0xbf, 0xe2,
    0x0, 0xff, 0xe4, 0x5f, 0xff, 0xf9, 0x80, 0x3f,
    0xff, 0xe0, 0x1f, 0xfd, 0xd8, 0xaa, 0xff, 0x84,
    0x2, 0x35, 0x5f, 0xf8, 0xc0, 0x3f, 0xf8, 0x80,

    /* U+00CB "Ë" */
    0x0, 0x8c, 0xe0, 0x8, 0xce, 0x0, 0xf1, 0x66,
    0x40, 0x1, 0xcc, 0x84, 0x3, 0xff, 0xb2, 0x5f,
    0xf0, 0x0, 0x7f, 0xe1, 0x0, 0xff, 0xeb, 0xef,
    0xff, 0xff, 0x7, 0x80, 0x3f, 0xf9, 0x6, 0xab,
    0xfe, 0x70, 0xd, 0x15, 0x5f, 0xe9, 0x0, 0xff,
    0xff, 0x80, 0x7f, 0x45, 0x57, 0xf9, 0x0, 0x31,
    0xaa, 0xff, 0x88, 0x3, 0xff, 0x91, 0x7f, 0xff,
    0xe6, 0x0, 0xff, 0xff, 0x80, 0x7f, 0xf7, 0x62,
    0xab, 0xfe, 0x10, 0x8, 0xd5, 0x7f, 0xe3, 0x0,
    0xff, 0xe2, 0x0,

    /* U+00CC "Ì" */
    0xa, 0xff, 0x18, 0x5, 0x44, 0x1c, 0x1, 0xbc,
    0xa, 0x0, 0x22, 0xb0, 0x73, 0x0, 0x92, 0x9d,
    0x80, 0x32, 0xc2, 0x80, 0x7f, 0xb7, 0xfc, 0x80,
    0x1f, 0xff, 0xf0, 0xf, 0xff, 0xf8, 0x6,

    /* U+00CD "Í" */
    0x0, 0xaf, 0xfc, 0x40, 0x6, 0x40, 0xb2, 0x2,
    0x90, 0x74, 0x0, 0x70, 0x24, 0x0, 0x9, 0x22,
    0x80, 0x22, 0x87, 0x10, 0xf, 0xfb, 0x7f, 0xc8,
    0x1, 0xff, 0xff, 0x0, 0xff, 0xff, 0x80, 0x78,

    /* U+00CE "Î" */
    0x0, 0x8b, 0xfe, 0x90, 0xf, 0x70, 0x18, 0x32,
    0x0, 0x69, 0x33, 0x64, 0x85, 0x8, 0x1, 0x18,
    0x74, 0x19, 0xc7, 0x40, 0x4, 0xf8, 0x20, 0x8,
    0x82, 0x10, 0x34, 0x10, 0x6, 0x78, 0x20, 0xf,
    0xfe, 0x1e, 0xff, 0x90, 0x3, 0xff, 0xfe, 0x1,
    0xff, 0xff, 0x0, 0xff, 0xff, 0x80, 0x7f, 0xf2,
    0x0,

    /* U+00CF "Ï" */
    0x23, 0x30, 0x4, 0x46, 0x61, 0xcc, 0x90, 0x1,
    0xd9, 0x87, 0x0, 0xff, 0xe4, 0x77, 0xf9, 0x0,
    0x19, 0xfe, 0x60, 0xf, 0xfe, 0x5e, 0xff, 0x90,
    0x3, 0xff, 0xfe, 0x1, 0xff, 0xff, 0x0, 0xff,
    0xfe, 0x80,

    /* U+00D0 "Ð" */
    0x0, 0xaf, 0xff, 0xee, 0xdb, 0x85, 0x0, 0xff,
    0xe3, 0x9, 0x23, 0xd7, 0xc8, 0x80, 0x7f, 0x8d,
    0x9a, 0x55, 0x18, 0x6, 0x6f, 0x50, 0xf, 0xeb,
    0x99, 0xaa, 0x99, 0xf8, 0xc0, 0x1, 0xa5, 0x0,
    0xff, 0xe2, 0x1c, 0xe9, 0x0, 0x28, 0x80, 0x3f,
    0xf8, 0xa5, 0xe2, 0x0, 0x80, 0xf, 0xfe, 0x31,
    0x48, 0x1, 0x48, 0x3, 0xff, 0x8c, 0xe0, 0x12,
    0x0, 0x7f, 0xf1, 0xcc, 0x1, 0x86, 0x88, 0x70,
    0x7, 0x22, 0x63, 0x0, 0xf9, 0x0, 0xd, 0xd7,
    0x63, 0x0, 0x35, 0xde, 0x80, 0xf, 0xbc, 0x0,
    0x20, 0x1f, 0xfc, 0xa3, 0xdf, 0xf2, 0x0, 0x23,
    0xff, 0x58, 0x7, 0xf8, 0xc0, 0x3f, 0xf8, 0xfc,
    0x0, 0x10, 0xf, 0xfe, 0x3a, 0x80, 0x18, 0x3,
    0xff, 0x8e, 0x60, 0xc, 0x0, 0xff, 0xe3, 0x38,
    0x4, 0x80, 0x1f, 0xfc, 0x52, 0x90, 0x2, 0x90,
    0x7, 0xff, 0x10, 0xbc, 0x40, 0x10, 0x1, 0xff,
    0xc3, 0x39, 0xd2, 0x0, 0x51, 0x0, 0x7d, 0x73,
    0x35, 0x53, 0x3f, 0x18, 0x0, 0x34, 0xa0, 0x1f,
    0x8d, 0x9a, 0x55, 0x18, 0x6, 0x6f, 0x50, 0xf,
    0xfe, 0x10, 0x92, 0x3d, 0x7c, 0x88, 0x6,

    /* U+00D1 "Ñ" */
    0x0, 0xe7, 0xcb, 0x50, 0xa, 0xf4, 0x3, 0xf4,
    0x40, 0xd2, 0xac, 0x8d, 0xc, 0x3, 0xf3, 0x86,
    0x60, 0xd3, 0x70, 0x24, 0x3, 0xe1, 0x24, 0x33,
    0x64, 0x99, 0xa1, 0xc0, 0x3e, 0x1d, 0xb0, 0x9,
    0xb3, 0xe, 0x1, 0xff, 0xdd, 0xdf, 0xfa, 0x80,
    0x3f, 0x93, 0xfd, 0x80, 0x19, 0x4c, 0x3, 0xff,
    0x8b, 0x0, 0x1f, 0xfc, 0x54, 0x40, 0x7, 0xff,
    0x9, 0x80, 0x10, 0x1, 0xff, 0xc2, 0xa2, 0x3,
    0x50, 0xf, 0xfe, 0x14, 0x0, 0x20, 0x3, 0xff,
    0x84, 0xa6, 0x4, 0xc0, 0x1f, 0xfc, 0x28, 0x0,
    0x40, 0x7, 0xff, 0x9, 0x10, 0x2, 0xe0, 0x1f,
    0xfc, 0x29, 0x0, 0x40, 0x80, 0x7f, 0xf0, 0x49,
    0x40, 0x10, 0x1, 0xff, 0xc2, 0x80, 0x3, 0x10,
    0x7, 0xff, 0x4, 0x98, 0x1, 0x0, 0x1f, 0xfc,
    0x28, 0x0, 0x29, 0x80, 0x7f, 0xf0, 0x46, 0x0,
    0x10, 0x1, 0xff, 0xc2, 0x71, 0x4, 0x40, 0x7,
    0xff, 0xa, 0x0, 0x10, 0x1, 0xff, 0xc2, 0x62,
    0x3, 0xd0, 0xf, 0xfe, 0x14, 0x0, 0x18, 0x3,
    0xff, 0x84, 0xa6, 0x1, 0xff, 0xc5, 0x80, 0xf,
    0xfe, 0x2a, 0x20, 0x3, 0x0,

    /* U+00D2 "Ò" */
    0x0, 0xfc, 0xf0, 0xe0, 0x1f, 0xfc, 0x81, 0x78,
    0x60, 0xf, 0xfe, 0x3b, 0x30, 0x24, 0x80, 0x3f,
    0xf8, 0xf2, 0x61, 0xc0, 0x1f, 0xfc, 0x8d, 0x13,
    0x70, 0xf, 0xfe, 0x38, 0xf7, 0xb8, 0x7, 0xff,
    0xc9, 0x27, 0x7b, 0xfb, 0x69, 0x40, 0x3f, 0xf8,
    0xb, 0xb6, 0xc4, 0x20, 0x24, 0xb5, 0xcc, 0x1,
    0xfd, 0x14, 0x40, 0x1, 0x56, 0x52, 0x0, 0xc,
    0xd0, 0x7, 0xd0, 0xe0, 0x3, 0xce, 0xa9, 0xad,
    0xd2, 0x80, 0x16, 0xc0, 0x39, 0x1c, 0x0, 0xb8,
    0x60, 0x1c, 0x55, 0x0, 0x4, 0x70, 0xd, 0x20,
    0x3, 0xa0, 0xf, 0xe7, 0x60, 0x4, 0x8, 0x1,
    0x48, 0x1, 0xc0, 0x1f, 0xf4, 0x80, 0x52, 0x0,
    0xf0, 0x1, 0x90, 0x7, 0xff, 0x1, 0x80, 0xa,
    0x0, 0x40, 0x5, 0x80, 0x7f, 0xf0, 0x74, 0x0,
    0x42, 0x2, 0x0, 0x30, 0xf, 0xfe, 0xa, 0x80,
    0x44, 0x40, 0x9, 0xc0, 0x3f, 0xf8, 0x22, 0x1,
    0x30, 0x6, 0x10, 0xf, 0xfe, 0xe9, 0x0, 0x4c,
    0x1, 0xff, 0xc1, 0x10, 0x9, 0x80, 0x40, 0x6,
    0x1, 0xff, 0xc1, 0x50, 0x8, 0x81, 0x0, 0x16,
    0x1, 0xff, 0xc1, 0xd0, 0x1, 0x8, 0x78, 0x0,
    0xc8, 0x3, 0xff, 0x80, 0xe0, 0x5, 0x0, 0x29,
    0x0, 0x38, 0x3, 0xfe, 0x91, 0x0, 0x48, 0x5,
    0x0, 0x3, 0x90, 0xf, 0xe7, 0x60, 0x4, 0x8,
    0x4, 0xae, 0x0, 0x6c, 0x30, 0xe, 0x2a, 0x80,
    0x2, 0x38, 0x7, 0x43, 0x80, 0xf, 0x36, 0xa6,
    0xb7, 0x4a, 0x0, 0x5b, 0x0, 0xfa, 0x28, 0x80,
    0x4, 0xac, 0xa4, 0x0, 0x19, 0xa0, 0xf, 0xe5,
    0xdb, 0x62, 0x10, 0x12, 0x5a, 0xe6, 0x0, 0xe0,

    /* U+00D3 "Ó" */
    0x0, 0xff, 0xe0, 0x2c, 0x38, 0x80, 0x7f, 0xf1,
    0x8e, 0x9f, 0x84, 0x3, 0xff, 0x8d, 0xc0, 0x72,
    0x1, 0xff, 0xc6, 0x92, 0x1d, 0x0, 0xff, 0xe3,
    0x23, 0x6, 0x88, 0x7, 0xff, 0x19, 0x3f, 0xc6,
    0x1, 0xff, 0xf3, 0x49, 0xde, 0xfe, 0xda, 0x50,
    0xf, 0xfe, 0x2, 0xed, 0xb1, 0x8, 0x9, 0x2d,
    0x73, 0x0, 0x7f, 0x45, 0x10, 0x0, 0x55, 0x94,
    0x80, 0x3, 0x34, 0x1, 0xf4, 0x38, 0x0, 0xf3,
    0xaa, 0x6b, 0x74, 0xa0, 0x5, 0xb0, 0xe, 0x47,
    0x0, 0x2e, 0x18, 0x7, 0x15, 0x40, 0x1, 0x1c,
    0x3, 0x48, 0x0, 0xe8, 0x3, 0xf9, 0xd8, 0x1,
    0x2, 0x0, 0x52, 0x0, 0x70, 0x7, 0xfd, 0x20,
    0x14, 0x80, 0x3c, 0x0, 0x64, 0x1, 0xff, 0xc0,
    0x60, 0x2, 0x80, 0x10, 0x1, 0x60, 0x1f, 0xfc,
    0x1d, 0x0, 0x10, 0x80, 0x80, 0xc, 0x3, 0xff,
    0x82, 0xa0, 0x11, 0x10, 0x2, 0x70, 0xf, 0xfe,
    0x8, 0x80, 0x4c, 0x1, 0x84, 0x3, 0xff, 0xba,
    0x40, 0x13, 0x0, 0x7f, 0xf0, 0x44, 0x2, 0x60,
    0x10, 0x1, 0x80, 0x7f, 0xf0, 0x54, 0x2, 0x20,
    0x40, 0x5, 0x80, 0x7f, 0xf0, 0x74, 0x0, 0x42,
    0x1e, 0x0, 0x32, 0x0, 0xff, 0xe0, 0x38, 0x1,
    0x40, 0xa, 0x40, 0xe, 0x0, 0xff, 0xa4, 0x40,
    0x12, 0x1, 0x40, 0x0, 0xe4, 0x3, 0xf9, 0xd8,
    0x1, 0x2, 0x1, 0x2b, 0x80, 0x1b, 0xc, 0x3,
    0x8a, 0xa0, 0x0, 0x8e, 0x1, 0xd0, 0xe0, 0x3,
    0xcd, 0xa9, 0xad, 0xd2, 0x80, 0x16, 0xc0, 0x3e,
    0x8a, 0x20, 0x1, 0x2b, 0x29, 0x0, 0x6, 0x68,
    0x3, 0xf9, 0x76, 0xd8, 0x84, 0x4, 0x96, 0xb9,
    0x80, 0x38,

    /* U+00D4 "Ô" */
    0x0, 0xff, 0x3c, 0x40, 0x80, 0x3f, 0xf8, 0xd3,
    0xe, 0xee, 0x0, 0xff, 0xe2, 0xab, 0x5, 0x91,
    0xc0, 0x7, 0xff, 0xc, 0x6c, 0x29, 0x3c, 0x5d,
    0x0, 0x3f, 0xf8, 0x5a, 0x30, 0xa0, 0x54, 0x14,
    0x20, 0x1f, 0xfc, 0x1c, 0xf7, 0x0, 0x93, 0xf8,
    0x40, 0x3f, 0xfd, 0xe9, 0x3b, 0xdf, 0xdb, 0x4a,
    0x1, 0xff, 0xc0, 0x5d, 0xb6, 0x21, 0x1, 0x25,
    0xae, 0x60, 0xf, 0xe8, 0xa2, 0x0, 0xa, 0xb2,
    0x90, 0x0, 0x66, 0x80, 0x3e, 0x87, 0x0, 0x1e,
    0x75, 0x4d, 0x6e, 0x94, 0x0, 0xb6, 0x1, 0xc8,
    0xe0, 0x5, 0xc3, 0x0, 0xe2, 0xa8, 0x0, 0x23,
    0x80, 0x69, 0x0, 0x1d, 0x0, 0x7f, 0x3b, 0x0,
    0x20, 0x40, 0xa, 0x40, 0xe, 0x0, 0xff, 0xa4,
    0x2, 0x90, 0x7, 0x80, 0xc, 0x80, 0x3f, 0xf8,
    0xc, 0x0, 0x50, 0x2, 0x0, 0x2c, 0x3, 0xff,
    0x83, 0xa0, 0x2, 0x10, 0x10, 0x1, 0x80, 0x7f,
    0xf0, 0x54, 0x2, 0x22, 0x0, 0x4e, 0x1, 0xff,
    0xc1, 0x10, 0x9, 0x80, 0x30, 0x80, 0x7f, 0xf7,
    0x48, 0x2, 0x60, 0xf, 0xfe, 0x8, 0x80, 0x4c,
    0x2, 0x0, 0x30, 0xf, 0xfe, 0xa, 0x80, 0x44,
    0x8, 0x0, 0xb0, 0xf, 0xfe, 0xe, 0x80, 0x8,
    0x43, 0xc0, 0x6, 0x40, 0x1f, 0xfc, 0x7, 0x0,
    0x28, 0x1, 0x48, 0x1, 0xc0, 0x1f, 0xf4, 0x88,
    0x2, 0x40, 0x28, 0x0, 0x1c, 0x80, 0x7f, 0x3b,
    0x0, 0x20, 0x40, 0x25, 0x70, 0x3, 0x61, 0x80,
    0x71, 0x54, 0x0, 0x11, 0xc0, 0x3a, 0x1c, 0x0,
    0x79, 0xb5, 0x35, 0xba, 0x50, 0x2, 0xd8, 0x7,
    0xd1, 0x44, 0x0, 0x25, 0x65, 0x20, 0x0, 0xcd,
    0x0, 0x7f, 0x2e, 0xdb, 0x10, 0x80, 0x92, 0xd7,
    0x30, 0x7, 0x0,

    /* U+00D5 "Õ" */
    0x0, 0xf9, 0x77, 0xf6, 0x48, 0x17, 0xe8, 0x3,
    0xff, 0x80, 0x54, 0x42, 0x4d, 0xbd, 0x41, 0xe0,
    0x1f, 0xfc, 0x5, 0x6, 0xee, 0x41, 0x8, 0xa1,
    0x40, 0x3f, 0xf8, 0xf, 0xf2, 0x2, 0xfb, 0xfc,
    0xe0, 0x1f, 0xff, 0xf0, 0xf, 0xc9, 0x3b, 0xdf,
    0xdb, 0x4a, 0x1, 0xff, 0xc0, 0x5d, 0xb6, 0x21,
    0x1, 0x25, 0xae, 0x60, 0xf, 0xe8, 0xa2, 0x0,
    0xa, 0xb2, 0x90, 0x0, 0x66, 0x80, 0x3e, 0x87,
    0x0, 0x1e, 0x75, 0x4d, 0x6e, 0x94, 0x0, 0xb6,
    0x1, 0xc8, 0xe0, 0x5, 0xc3, 0x0, 0xe2, 0xa8,
    0x0, 0x23, 0x80, 0x69, 0x0, 0x1d, 0x0, 0x7f,
    0x3b, 0x0, 0x20, 0x40, 0xa, 0x40, 0xe, 0x0,
    0xff, 0xa4, 0x2, 0x90, 0x7, 0x80, 0xc, 0x80,
    0x3f, 0xf8, 0xc, 0x0, 0x50, 0x2, 0x0, 0x2c,
    0x3, 0xff, 0x83, 0xa0, 0x2, 0x10, 0x10, 0x1,
    0x80, 0x7f, 0xf0, 0x54, 0x2, 0x22, 0x0, 0x4e,
    0x1, 0xff, 0xc1, 0x10, 0x9, 0x80, 0x30, 0x80,
    0x7f, 0xf7, 0x48, 0x2, 0x60, 0xf, 0xfe, 0x8,
    0x80, 0x4c, 0x2, 0x0, 0x30, 0xf, 0xfe, 0xa,
    0x80, 0x44, 0x8, 0x0, 0xb0, 0xf, 0xfe, 0xe,
    0x80, 0x8, 0x43, 0xc0, 0x6, 0x40, 0x1f, 0xfc,
    0x7, 0x0, 0x28, 0x1, 0x48, 0x1, 0xc0, 0x1f,
    0xf4, 0x88, 0x2, 0x40, 0x28, 0x0, 0x1c, 0x80,
    0x7f, 0x3b, 0x0, 0x20, 0x40, 0x25, 0x70, 0x3,
    0x61, 0x80, 0x71, 0x54, 0x0, 0x11, 0xc0, 0x3a,
    0x1c, 0x0, 0x79, 0xb5, 0x35, 0xba, 0x50, 0x2,
    0xd8, 0x7, 0xd1, 0x44, 0x0, 0x25, 0x65, 0x20,
    0x0, 0xcd, 0x0, 0x7f, 0x2e, 0xdb, 0x10, 0x80,
    0x92, 0xd7, 0x30, 0x7, 0x0,

    /* U+00D6 "Ö" */
    0x0, 0xfb, 0xfe, 0x20, 0x7, 0x7f, 0x90, 0x3,
    0xff, 0xdf, 0x99, 0x10, 0x3, 0x32, 0x40, 0xf,
    0xfe, 0x9, 0x9c, 0x1, 0x11, 0x98, 0x3, 0xff,
    0xe0, 0x93, 0xbd, 0xfd, 0xb4, 0xa0, 0x1f, 0xfc,
    0x5, 0xdb, 0x62, 0x10, 0x12, 0x5a, 0xe6, 0x0,
    0xfe, 0x8a, 0x20, 0x0, 0xab, 0x29, 0x0, 0x6,
    0x68, 0x3, 0xe8, 0x70, 0x1, 0xe7, 0x54, 0xd6,
    0xe9, 0x40, 0xb, 0x60, 0x1c, 0x8e, 0x0, 0x5c,
    0x30, 0xe, 0x2a, 0x80, 0x2, 0x38, 0x6, 0x90,
    0x1, 0xd0, 0x7, 0xf3, 0xb0, 0x2, 0x4, 0x0,
    0xa4, 0x0, 0xe0, 0xf, 0xfa, 0x40, 0x29, 0x0,
    0x78, 0x0, 0xc8, 0x3, 0xff, 0x80, 0xc0, 0x5,
    0x0, 0x20, 0x2, 0xc0, 0x3f, 0xf8, 0x3a, 0x0,
    0x21, 0x1, 0x0, 0x18, 0x7, 0xff, 0x5, 0x40,
    0x22, 0x20, 0x4, 0xe0, 0x1f, 0xfc, 0x11, 0x0,
    0x98, 0x3, 0x8, 0x7, 0xff, 0x74, 0x80, 0x26,
    0x0, 0xff, 0xe0, 0x88, 0x4, 0xc0, 0x20, 0x3,
    0x0, 0xff, 0xe0, 0xa8, 0x4, 0x40, 0x80, 0xb,
    0x0, 0xff, 0xe0, 0xe8, 0x0, 0x84, 0x3c, 0x0,
    0x64, 0x1, 0xff, 0xc0, 0x70, 0x2, 0x80, 0x14,
    0x80, 0x1c, 0x1, 0xff, 0x48, 0x80, 0x24, 0x2,
    0x80, 0x1, 0xc8, 0x7, 0xf3, 0xb0, 0x2, 0x4,
    0x2, 0x57, 0x0, 0x36, 0x18, 0x7, 0x15, 0x40,
    0x1, 0x1c, 0x3, 0xa1, 0xc0, 0x7, 0x9b, 0x53,
    0x5b, 0xa5, 0x0, 0x2d, 0x80, 0x7d, 0x14, 0x40,
    0x2, 0x56, 0x52, 0x0, 0xc, 0xd0, 0x7, 0xf2,
    0xed, 0xb1, 0x8, 0x9, 0x2d, 0x73, 0x0, 0x70,

    /* U+00D7 "×" */
    0x0, 0xff, 0xe4, 0x36, 0x8, 0x7, 0xfc, 0x5a,
    0x80, 0xb2, 0x7a, 0x20, 0x1f, 0xc5, 0x85, 0x64,
    0xa6, 0x7, 0xa2, 0x1, 0xf1, 0x60, 0x82, 0x90,
    0x69, 0x81, 0xe8, 0x80, 0x71, 0x60, 0x82, 0xd0,
    0x0, 0x74, 0xc0, 0xf4, 0x40, 0x22, 0xc1, 0x5,
    0xa0, 0xc, 0x3a, 0x40, 0x7a, 0x20, 0x58, 0x20,
    0xb4, 0x1, 0xe1, 0xc2, 0x3, 0xd3, 0xc1, 0x4,
    0xa0, 0xf, 0xc3, 0x84, 0x7, 0x82, 0x9, 0x60,
    0x1f, 0xe1, 0xc2, 0x0, 0x92, 0xc0, 0x3f, 0xf8,
    0x6, 0x60, 0x9, 0xc0, 0x3f, 0xf8, 0x5, 0x82,
    0x1, 0x1e, 0x0, 0x7f, 0x8b, 0x4, 0x13, 0x88,
    0xf, 0x0, 0x3f, 0x16, 0x8, 0x25, 0x8e, 0x10,
    0x1e, 0x0, 0x78, 0xb0, 0x41, 0x2c, 0x0, 0x38,
    0x40, 0x78, 0x1, 0x8b, 0x4, 0x12, 0xc0, 0x30,
    0xe1, 0x1, 0xe0, 0x0, 0xb0, 0x41, 0x2c, 0x3,
    0xc3, 0x84, 0x7, 0x80, 0xc2, 0x9, 0x60, 0x1f,
    0x87, 0x8, 0x8, 0x89, 0x69, 0x60, 0x1f, 0xe1,
    0xc3, 0xc2, 0x4, 0xb0, 0xf, 0xfe, 0x0, 0xe1,
    0x0,

    /* U+00D8 "Ø" */
    0x0, 0xff, 0xe4, 0x11, 0x80, 0x7e, 0x49, 0xde,
    0xfe, 0xd9, 0x50, 0x8, 0x7f, 0x10, 0x3, 0x97,
    0x6d, 0x88, 0x40, 0x49, 0xab, 0x50, 0x34, 0x88,
    0xa0, 0x1a, 0x28, 0x80, 0x2, 0xac, 0xa4, 0x0,
    0x2b, 0xd3, 0x1f, 0x10, 0xa, 0x1c, 0x0, 0x79,
    0xd5, 0x35, 0xba, 0x50, 0x1, 0x6, 0x90, 0x4,
    0x8e, 0x0, 0x5c, 0x30, 0xe, 0x2a, 0x40, 0x9,
    0x80, 0x34, 0x80, 0xe, 0x80, 0x3f, 0x2a, 0x28,
    0x2, 0xc0, 0x25, 0x20, 0x7, 0x0, 0x7e, 0x4a,
    0x4a, 0x60, 0x16, 0x0, 0x78, 0x0, 0xc8, 0x3,
    0xe3, 0xb2, 0xa0, 0xc0, 0x5, 0x0, 0x10, 0x1,
    0x60, 0x1f, 0x16, 0x8f, 0x88, 0x38, 0x0, 0xc0,
    0x2, 0x0, 0x30, 0xf, 0xf, 0x8d, 0x10, 0x0,
    0x80, 0x23, 0x20, 0x9, 0xc0, 0x3d, 0xa5, 0x28,
    0x1, 0xf3, 0x0, 0x61, 0x0, 0xeb, 0x37, 0x60,
    0xf, 0xfe, 0x35, 0x22, 0x20, 0x3, 0xfc, 0x60,
    0x13, 0x0, 0x52, 0xa7, 0x60, 0x1e, 0x20, 0x9,
    0x84, 0x40, 0x2, 0x0, 0x3b, 0xe, 0x80, 0x7c,
    0xe0, 0x11, 0x2, 0x0, 0x34, 0x1a, 0x3, 0x44,
    0x3, 0xef, 0x0, 0x10, 0x87, 0x80, 0x11, 0xe4,
    0x28, 0xc0, 0x3e, 0x15, 0x0, 0x28, 0x1, 0x48,
    0x1, 0x1, 0xa, 0x1, 0xfa, 0xc0, 0x29, 0x0,
    0xa4, 0x2, 0x27, 0x0, 0xfd, 0xa, 0x0, 0x71,
    0x0, 0x94, 0x40, 0x5, 0x86, 0x1, 0xc5, 0x6e,
    0x0, 0x48, 0x0, 0xda, 0x24, 0x0, 0x3c, 0xea,
    0x9a, 0xdd, 0x20, 0x1, 0x2c, 0x3, 0x59, 0x8e,
    0x60, 0xc0, 0x2, 0xac, 0xa4, 0x0, 0x18, 0xb0,
    0xc, 0x4a, 0x1a, 0x27, 0x96, 0xc6, 0x20, 0x24,
    0xb3, 0xce, 0x1, 0xc5, 0x96, 0x60, 0x12, 0x4e,
    0x77, 0xf6, 0xd3, 0x0, 0x7c,

    /* U+00D9 "Ù" */
    0x0, 0xf3, 0xc3, 0x80, 0x7f, 0xf1, 0xd, 0xe2,
    0x0, 0x1f, 0xfc, 0x34, 0x80, 0x73, 0x0, 0xff,
    0xe1, 0xba, 0x7, 0x0, 0x7f, 0xf1, 0x2c, 0x89,
    0x0, 0x1f, 0xfc, 0x4d, 0xf8, 0x0, 0xff, 0xf0,
    0x9f, 0xfc, 0x1, 0xff, 0x47, 0xfa, 0x80, 0x3f,
    0xff, 0xe0, 0x1f, 0xff, 0xf0, 0xf, 0xff, 0xf8,
    0x7, 0xff, 0x64, 0x40, 0x6, 0x20, 0x10, 0x80,
    0x7f, 0x8c, 0x0, 0x24, 0x1, 0x28, 0x7, 0xf9,
    0xc0, 0x1c, 0x6, 0x0, 0xd0, 0xf, 0xe2, 0x20,
    0x1, 0x2, 0x80, 0xc, 0x40, 0x1f, 0xa0, 0x0,
    0x44, 0x6, 0x20, 0x6, 0x20, 0x7, 0xd, 0x28,
    0x2, 0x0, 0x2e, 0x0, 0xd, 0xed, 0x4d, 0x67,
    0x28, 0x1, 0xd4, 0x2, 0x3d, 0x30, 0x1, 0x2b,
    0x29, 0x80, 0x53, 0x0, 0x1c, 0x59, 0x6c, 0x42,
    0x0, 0x14, 0x8e, 0x60, 0x8,

    /* U+00DA "Ú" */
    0x0, 0xff, 0x24, 0x40, 0x80, 0x3f, 0xf8, 0x45,
    0x6e, 0x44, 0x0, 0xff, 0xe1, 0x70, 0x15, 0x0,
    0x7f, 0xf0, 0x9c, 0xc3, 0xc0, 0x3f, 0xf8, 0x45,
    0x1, 0x64, 0x1, 0xff, 0xc2, 0x2f, 0xf2, 0x0,
    0x7f, 0xf8, 0x8f, 0xfe, 0x0, 0xff, 0xa3, 0xfd,
    0x40, 0x1f, 0xff, 0xf0, 0xf, 0xff, 0xf8, 0x7,
    0xff, 0xfc, 0x3, 0xff, 0xb2, 0x20, 0x3, 0x10,
    0x8, 0x40, 0x3f, 0xc6, 0x0, 0x12, 0x0, 0x94,
    0x3, 0xfc, 0xe0, 0xe, 0x3, 0x0, 0x68, 0x7,
    0xf1, 0x10, 0x0, 0x81, 0x40, 0x6, 0x20, 0xf,
    0xd0, 0x0, 0x22, 0x3, 0x10, 0x3, 0x10, 0x3,
    0x86, 0x94, 0x1, 0x0, 0x17, 0x0, 0x6, 0xf6,
    0xa6, 0xb3, 0x94, 0x0, 0xea, 0x1, 0x1e, 0x98,
    0x0, 0x95, 0x94, 0xc0, 0x29, 0x80, 0xe, 0x2c,
    0xb6, 0x21, 0x0, 0xa, 0x47, 0x30, 0x4,

    /* U+00DB "Û" */
    0x0, 0xfc, 0xf1, 0x2, 0x0, 0xff, 0xe1, 0x3c,
    0x3b, 0xbc, 0x3, 0xff, 0x82, 0x70, 0x14, 0x65,
    0x40, 0x1f, 0xf0, 0xe8, 0x4a, 0xe8, 0xab, 0x0,
    0x7f, 0xac, 0x5d, 0x80, 0x70, 0x24, 0x80, 0x3f,
    0xab, 0xe0, 0x2, 0x2f, 0xf1, 0x0, 0x7f, 0xf7,
    0x8f, 0xfe, 0x0, 0xff, 0xa3, 0xfd, 0x40, 0x1f,
    0xff, 0xf0, 0xf, 0xff, 0xf8, 0x7, 0xff, 0xfc,
    0x3, 0xff, 0xb2, 0x20, 0x3, 0x10, 0x8, 0x40,
    0x3f, 0xc6, 0x0, 0x12, 0x0, 0x94, 0x3, 0xfc,
    0xe0, 0xe, 0x3, 0x0, 0x68, 0x7, 0xf1, 0x10,
    0x0, 0x81, 0x40, 0x6, 0x20, 0xf, 0xd0, 0x0,
    0x22, 0x3, 0x10, 0x3, 0x10, 0x3, 0x86, 0x94,
    0x1, 0x0, 0x17, 0x0, 0x6, 0xf6, 0xa6, 0xb3,
    0x94, 0x0, 0xea, 0x1, 0x1e, 0x98, 0x0, 0x95,
    0x94, 0xc0, 0x29, 0x80, 0xe, 0x2c, 0xb6, 0x21,
    0x0, 0xa, 0x47, 0x30, 0x4,

    /* U+00DC "Ü" */
    0x0, 0xee, 0xff, 0x20, 0x3, 0x7f, 0xca, 0x1,
    0xff, 0xe3, 0xcc, 0x90, 0x1, 0xf9, 0x84, 0x0,
    0xfe, 0x23, 0x30, 0x4, 0x46, 0x61, 0x0, 0xff,
    0xef, 0x1f, 0xfc, 0x1, 0xff, 0x47, 0xfa, 0x80,
    0x3f, 0xff, 0xe0, 0x1f, 0xff, 0xf0, 0xf, 0xff,
    0xf8, 0x7, 0xff, 0x64, 0x40, 0x6, 0x20, 0x10,
    0x80, 0x7f, 0x8c, 0x0, 0x24, 0x1, 0x28, 0x7,
    0xf9, 0xc0, 0x1c, 0x6, 0x0, 0xd0, 0xf, 0xe2,
    0x20, 0x1, 0x2, 0x80, 0xc, 0x40, 0x1f, 0xa0,
    0x0, 0x44, 0x6, 0x20, 0x6, 0x20, 0x7, 0xd,
    0x28, 0x2, 0x0, 0x2e, 0x0, 0xd, 0xed, 0x4d,
    0x67, 0x28, 0x1, 0xd4, 0x2, 0x3d, 0x30, 0x1,
    0x2b, 0x29, 0x80, 0x53, 0x0, 0x1c, 0x59, 0x6c,
    0x42, 0x0, 0x14, 0x8e, 0x60, 0x8,

    /* U+00DD "Ý" */
    0x0, 0xff, 0xab, 0xfc, 0x60, 0x1f, 0xfc, 0x45,
    0x50, 0x51, 0x80, 0x7f, 0xf0, 0xc6, 0xc1, 0x94,
    0x3, 0xff, 0x89, 0x42, 0x72, 0x1, 0xff, 0xc4,
    0x13, 0x8d, 0x0, 0xff, 0xe2, 0x8c, 0x38, 0x80,
    0x7f, 0xf4, 0xef, 0xfd, 0x40, 0x1f, 0xf1, 0x7f,
    0xc8, 0x14, 0x20, 0xaa, 0x0, 0xff, 0x70, 0x1,
    0x90, 0x6, 0xc0, 0x16, 0x20, 0x1f, 0x9c, 0xc0,
    0xa4, 0x2, 0x55, 0x0, 0xd0, 0x7, 0xc5, 0x0,
    0xe, 0x0, 0xeb, 0x10, 0x46, 0x0, 0xf7, 0x80,
    0x1c, 0xc0, 0x38, 0x68, 0x1, 0x24, 0x1, 0xa0,
    0x80, 0xa0, 0x3, 0xe4, 0x60, 0x7, 0x0, 0x46,
    0xe0, 0xf, 0x0, 0xfe, 0x92, 0x3, 0x70, 0x7,
    0x0, 0x20, 0x80, 0x3f, 0xd2, 0x0, 0x82, 0x82,
    0x3, 0x70, 0xf, 0xf9, 0x1c, 0x1, 0xee, 0x0,
    0xe0, 0xf, 0xfe, 0xc, 0x10, 0x10, 0x2, 0x48,
    0x3, 0xff, 0x85, 0xc0, 0x12, 0x30, 0x7, 0xff,
    0xc, 0xc8, 0x1, 0xc0, 0x1f, 0xff, 0xf0, 0xf,
    0xff, 0xf8, 0x7, 0xff, 0xe0,

    /* U+00DE "Þ" */
    0xdf, 0xf2, 0x0, 0x7f, 0xfc, 0xef, 0xff, 0x76,
    0x4a, 0x0, 0x7f, 0xf0, 0x4, 0xda, 0xec, 0x20,
    0x1c, 0x8c, 0xd9, 0x0, 0x24, 0xc0, 0xe, 0xf9,
    0x9d, 0x7e, 0xc0, 0x2, 0x80, 0xf, 0xfa, 0x50,
    0x0, 0xc0, 0x1f, 0xfc, 0xf, 0x0, 0x8, 0x80,
    0x3f, 0xe6, 0x0, 0x8c, 0x3, 0xfe, 0x10, 0xf,
    0xfe, 0x1a, 0x80, 0x44, 0x1, 0xfe, 0x18, 0x0,
    0x18, 0x7, 0xf0, 0xb7, 0x88, 0x2, 0x0, 0x35,
    0xff, 0xee, 0x91, 0x0, 0x3a, 0x0, 0x7f, 0xf0,
    0xa, 0xa0, 0x3, 0x91, 0x9b, 0x3c, 0xe6, 0xa8,
    0x7, 0xbe, 0x67, 0x43, 0x18, 0x7, 0xff, 0xe4,

    /* U+00DF "ß" */
    0x0, 0xcb, 0x5d, 0xfe, 0xda, 0x40, 0xf, 0x8b,
    0x29, 0x44, 0x0, 0x4b, 0x74, 0x1, 0xef, 0x30,
    0x3, 0x44, 0x14, 0x0, 0xb0, 0x1, 0xa0, 0x80,
    0xba, 0x5d, 0xd5, 0xa2, 0xe, 0x20, 0x12, 0x80,
    0x38, 0x40, 0x31, 0x40, 0x1, 0xc0, 0x22, 0x1,
    0x30, 0xf, 0x18, 0x3, 0x0, 0x2, 0x0, 0x30,
    0xe, 0x8e, 0xa0, 0x0, 0x80, 0x7f, 0xb1, 0xc5,
    0x6f, 0xac, 0x3, 0xfa, 0xc, 0x22, 0x90, 0x40,
    0x3f, 0xcc, 0x2, 0xe0, 0x1f, 0xfc, 0x11, 0x3,
    0x0, 0xff, 0xe1, 0x8, 0x12, 0x0, 0x7f, 0xf0,
    0x5c, 0x1, 0x6a, 0x1, 0xff, 0xc0, 0x93, 0x0,
    0x55, 0x88, 0x7, 0xfd, 0x8c, 0x0, 0x4e, 0x50,
    0xf, 0xfa, 0x70, 0xc0, 0x14, 0xe0, 0x1f, 0xf1,
    0xe4, 0x0, 0x20, 0x80, 0x3f, 0xf8, 0xe, 0xc0,
    0xa, 0x0, 0xff, 0xe0, 0xe8, 0x0, 0x80, 0x3f,
    0xf8, 0x24, 0x0, 0x30, 0xe, 0x11, 0x0, 0x7a,
    0xc0, 0x18, 0x1, 0xcf, 0xd9, 0x2e, 0xe9, 0xe2,
    0x2, 0x50, 0xf, 0x8d, 0xa2, 0xc, 0x20, 0x5e,
    0x1, 0xe5, 0x42, 0x0, 0x85, 0x27, 0x48, 0x0,

    /* U+00E0 "à" */
    0x0, 0xa7, 0xfc, 0xc0, 0x1f, 0xfc, 0x9, 0x50,
    0x93, 0x0, 0xff, 0xe0, 0x52, 0x6, 0x88, 0x7,
    0xff, 0x2, 0xcc, 0x74, 0x3, 0xff, 0x83, 0xa4,
    0x72, 0x1, 0xff, 0xc0, 0x1c, 0x81, 0x10, 0x7,
    0xff, 0x0, 0x5e, 0x4, 0x3, 0xff, 0x98, 0x6f,
    0x7d, 0xfe, 0xeb, 0x71, 0x0, 0xeb, 0xc8, 0x41,
    0x0, 0xa, 0x47, 0xa0, 0x6, 0x70, 0x14, 0x78,
    0x82, 0x88, 0xd, 0x98, 0x4, 0x97, 0xd7, 0xe,
    0xea, 0xe7, 0x0, 0x70, 0x5, 0x8, 0x1, 0xf4,
    0x28, 0x11, 0x80, 0x7f, 0xf0, 0x38, 0x0, 0x80,
    0x1e, 0x13, 0x32, 0x24, 0x40, 0xe, 0x0, 0x8a,
    0x7b, 0x99, 0x8b, 0xba, 0x40, 0x6, 0x0, 0x6d,
    0x61, 0x0, 0xfe, 0x10, 0x49, 0x0, 0x35, 0xef,
    0xfe, 0xd0, 0xd, 0xe0, 0xa, 0x94, 0x20, 0xc,
    0x20, 0x19, 0x0, 0x54, 0x3, 0xe5, 0x0, 0xf1,
    0x80, 0x7e, 0xd0, 0xf, 0x10, 0x7, 0xc8, 0x80,
    0xc, 0x60, 0xa, 0x0, 0xe4, 0xb0, 0xe, 0x80,
    0x2, 0xec, 0xbc, 0x65, 0x83, 0x80, 0x64, 0x80,
    0x1, 0x34, 0x39, 0x84, 0xd0, 0x7, 0x3e, 0x28,
    0x80, 0x93, 0xeb, 0x0, 0x60,

    /* U+00E1 "á" */
    0x0, 0xfe, 0x1d, 0xfe, 0x20, 0xf, 0xfa, 0x88,
    0x34, 0x80, 0x3f, 0xd0, 0x81, 0x66, 0x1, 0xfe,
    0x57, 0xa, 0x40, 0xf, 0xf1, 0x50, 0x4a, 0x80,
    0x7f, 0xce, 0xea, 0x60, 0xf, 0xfe, 0x2, 0xc2,
    0x80, 0x7f, 0xf3, 0x8d, 0xef, 0xbf, 0xdd, 0x6e,
    0x20, 0x1d, 0x79, 0x8, 0x20, 0x1, 0x48, 0xf4,
    0x0, 0xce, 0x2, 0x8f, 0x10, 0x51, 0x1, 0xb3,
    0x0, 0x92, 0xfa, 0xe1, 0xdd, 0x5c, 0xe0, 0xe,
    0x0, 0xa1, 0x0, 0x3e, 0x85, 0x2, 0x30, 0xf,
    0xfe, 0x7, 0x0, 0x10, 0x3, 0xc2, 0x66, 0x44,
    0x88, 0x1, 0xc0, 0x11, 0x4f, 0x73, 0x31, 0x77,
    0x48, 0x0, 0xc0, 0xd, 0xac, 0x20, 0x1f, 0xc2,
    0x9, 0x20, 0x6, 0xbd, 0xff, 0xda, 0x1, 0xbc,
    0x1, 0x52, 0x84, 0x1, 0x84, 0x3, 0x20, 0xa,
    0x80, 0x7c, 0xa0, 0x1e, 0x30, 0xf, 0xda, 0x1,
    0xe2, 0x0, 0xf9, 0x10, 0x1, 0x8c, 0x1, 0x40,
    0x1c, 0x96, 0x1, 0xd0, 0x0, 0x5d, 0x97, 0x8c,
    0xb0, 0x70, 0xc, 0x90, 0x0, 0x26, 0x87, 0x30,
    0x9a, 0x0, 0xe7, 0xc5, 0x10, 0x12, 0x7d, 0x60,
    0xc,

    /* U+00E2 "â" */
    0x0, 0xf1, 0xff, 0xb0, 0x3, 0xff, 0x81, 0xc0,
    0x3, 0x70, 0xf, 0xf4, 0x91, 0xd8, 0x41, 0x80,
    0x7e, 0x46, 0x1d, 0x48, 0xe, 0x0, 0xf8, 0x68,
    0x28, 0x41, 0xd0, 0xa4, 0x3, 0xca, 0xd4, 0x80,
    0x15, 0xc7, 0x0, 0x79, 0x21, 0x40, 0x39, 0xdc,
    0x1, 0xff, 0xca, 0x37, 0xbe, 0xff, 0x75, 0xb8,
    0x80, 0x75, 0xe4, 0x20, 0x80, 0x5, 0x23, 0xd0,
    0x3, 0x38, 0xa, 0x3c, 0x41, 0x44, 0x6, 0xcc,
    0x2, 0x4b, 0xeb, 0x87, 0x75, 0x73, 0x80, 0x38,
    0x2, 0x84, 0x0, 0xfa, 0x14, 0x8, 0xc0, 0x3f,
    0xf8, 0x1c, 0x0, 0x40, 0xf, 0x9, 0x99, 0x12,
    0x20, 0x7, 0x0, 0x45, 0x3d, 0xcc, 0xc5, 0xdd,
    0x20, 0x3, 0x0, 0x36, 0xb0, 0x80, 0x7f, 0x8,
    0x24, 0x80, 0x1a, 0xf7, 0xff, 0x68, 0x6, 0xf0,
    0x5, 0x4a, 0x10, 0x6, 0x10, 0xc, 0x80, 0x2a,
    0x1, 0xf2, 0x80, 0x78, 0xc0, 0x3f, 0x68, 0x7,
    0x88, 0x3, 0xe4, 0x40, 0x6, 0x30, 0x5, 0x0,
    0x72, 0x58, 0x7, 0x40, 0x1, 0x76, 0x5e, 0x32,
    0xc1, 0xc0, 0x32, 0x40, 0x0, 0x9a, 0x1c, 0xc2,
    0x68, 0x3, 0x9f, 0x14, 0x40, 0x49, 0xf5, 0x80,
    0x30,

    /* U+00E3 "ã" */
    0x0, 0xcf, 0xdf, 0x44, 0x0, 0x9f, 0x50, 0xe,
    0x48, 0x10, 0x5c, 0x51, 0x40, 0x60, 0xe, 0xe0,
    0x8e, 0x51, 0xae, 0x22, 0x18, 0x7, 0x30, 0x28,
    0xd5, 0x8, 0xf, 0xc0, 0x3d, 0x9e, 0x40, 0x5,
    0xdf, 0xc2, 0x0, 0xff, 0xed, 0x1b, 0xdf, 0x7f,
    0xba, 0xdc, 0x40, 0x3a, 0xf2, 0x10, 0x40, 0x2,
    0x91, 0xe8, 0x1, 0x9c, 0x5, 0x1e, 0x20, 0xa2,
    0x3, 0x66, 0x1, 0x25, 0xf5, 0xc3, 0xba, 0xb9,
    0xc0, 0x1c, 0x1, 0x42, 0x0, 0x7d, 0xa, 0x4,
    0x60, 0x1f, 0xfc, 0xe, 0x0, 0x20, 0x7, 0x84,
    0xcc, 0x89, 0x10, 0x3, 0x80, 0x22, 0x9e, 0xe6,
    0x62, 0xee, 0x90, 0x1, 0x80, 0x1b, 0x58, 0x40,
    0x3f, 0x84, 0x12, 0x40, 0xd, 0x7b, 0xff, 0xb4,
    0x3, 0x78, 0x2, 0xa5, 0x8, 0x3, 0x8, 0x6,
    0x40, 0x15, 0x0, 0xf9, 0x40, 0x3c, 0x60, 0x1f,
    0xb4, 0x3, 0xc4, 0x1, 0xf2, 0x20, 0x3, 0x18,
    0x2, 0x80, 0x39, 0x2c, 0x3, 0xa0, 0x0, 0xbb,
    0x2f, 0x19, 0x60, 0xe0, 0x19, 0x20, 0x0, 0x4d,
    0xe, 0x61, 0x34, 0x1, 0xcf, 0x8a, 0x20, 0x24,
    0xfa, 0xc0, 0x18,

    /* U+00E4 "ä" */
    0x0, 0x97, 0xfd, 0xa0, 0x4, 0xff, 0x70, 0x7,
    0xff, 0x69, 0x77, 0x5e, 0x0, 0x4d, 0xd6, 0x0,
    0x7c, 0x45, 0x0, 0x44, 0x50, 0x7, 0xff, 0x28,
    0xde, 0xfb, 0xfd, 0xd6, 0xe2, 0x1, 0xd7, 0x90,
    0x82, 0x0, 0x14, 0x8f, 0x40, 0xc, 0xe0, 0x28,
    0xf1, 0x5, 0x10, 0x1b, 0x30, 0x9, 0x2f, 0xae,
    0x1d, 0xd5, 0xce, 0x0, 0xe0, 0xa, 0x10, 0x3,
    0xe8, 0x50, 0x23, 0x0, 0xff, 0xe0, 0x70, 0x1,
    0x0, 0x3c, 0x26, 0x64, 0x48, 0x80, 0x1c, 0x1,
    0x14, 0xf7, 0x33, 0x17, 0x74, 0x80, 0xc, 0x0,
    0xda, 0xc2, 0x1, 0xfc, 0x20, 0x92, 0x0, 0x6b,
    0xdf, 0xfd, 0xa0, 0x1b, 0xc0, 0x15, 0x28, 0x40,
    0x18, 0x40, 0x32, 0x0, 0xa8, 0x7, 0xca, 0x1,
    0xe3, 0x0, 0xfd, 0xa0, 0x1e, 0x20, 0xf, 0x91,
    0x0, 0x18, 0xc0, 0x14, 0x1, 0xc9, 0x60, 0x1d,
    0x0, 0x5, 0xd9, 0x78, 0xcb, 0x7, 0x0, 0xc9,
    0x0, 0x2, 0x68, 0x73, 0x9, 0xa0, 0xe, 0x7c,
    0x51, 0x1, 0x27, 0xd6, 0x0, 0xc0,

    /* U+00E5 "å" */
    0x0, 0xf4, 0x6f, 0x5a, 0x0, 0x7f, 0xb1, 0xc8,
    0x52, 0xd8, 0x3, 0xf4, 0x19, 0xb7, 0xe4, 0x24,
    0x40, 0x3e, 0x60, 0xe2, 0x6, 0x60, 0x30, 0x7,
    0xc2, 0x4, 0x1, 0x78, 0x78, 0x7, 0xc2, 0x4,
    0x1, 0x78, 0x70, 0x7, 0xcc, 0x1c, 0x40, 0xcc,
    0x7, 0x0, 0xfa, 0xc, 0xdb, 0xf2, 0x12, 0x20,
    0x1f, 0xb1, 0xc8, 0x52, 0xd8, 0x3, 0xfd, 0x1b,
    0xd6, 0x80, 0x1f, 0xfc, 0xc3, 0x7b, 0xef, 0xf7,
    0x5b, 0x88, 0x7, 0x5e, 0x42, 0x8, 0x0, 0x52,
    0x3d, 0x0, 0x33, 0x80, 0xa3, 0xc4, 0x14, 0x40,
    0x6c, 0xc0, 0x24, 0xbe, 0xb8, 0x77, 0x57, 0x38,
    0x3, 0x80, 0x28, 0x40, 0xf, 0xa1, 0x40, 0x8c,
    0x3, 0xff, 0x81, 0xc0, 0x4, 0x0, 0xf0, 0x99,
    0x91, 0x22, 0x0, 0x70, 0x4, 0x53, 0xdc, 0xcc,
    0x5d, 0xd2, 0x0, 0x30, 0x3, 0x6b, 0x8, 0x7,
    0xf0, 0x82, 0x48, 0x1, 0xaf, 0x7f, 0xf6, 0x80,
    0x6f, 0x0, 0x54, 0xa1, 0x0, 0x61, 0x0, 0xc8,
    0x2, 0xa0, 0x1f, 0x28, 0x7, 0x8c, 0x3, 0xf6,
    0x80, 0x78, 0x80, 0x3e, 0x44, 0x0, 0x63, 0x0,
    0x50, 0x7, 0x25, 0x80, 0x74, 0x0, 0x17, 0x65,
    0xe3, 0x2c, 0x1c, 0x3, 0x24, 0x0, 0x9, 0xa1,
    0xcc, 0x26, 0x80, 0x39, 0xf1, 0x44, 0x4, 0x9f,
    0x58, 0x3, 0x0,

    /* U+00E6 "æ" */
    0x0, 0x8d, 0xef, 0xbf, 0xdd, 0x6c, 0x1, 0xc9,
    0x3b, 0xfe, 0xea, 0x50, 0xf, 0x5e, 0x42, 0x8,
    0x0, 0x52, 0x79, 0x0, 0xb2, 0xd8, 0x80, 0x2,
    0xb5, 0x82, 0x1, 0x9c, 0x5, 0x1e, 0x20, 0xa2,
    0x3, 0x6d, 0x86, 0x2, 0xb1, 0x5, 0x10, 0x3c,
    0x10, 0x9, 0x2f, 0xae, 0x1d, 0xd5, 0xce, 0x0,
    0x91, 0x8, 0xea, 0x77, 0x57, 0x28, 0x15, 0x80,
    0x50, 0x80, 0x1f, 0x42, 0x80, 0x4e, 0xe0, 0xf,
    0x51, 0x2, 0x90, 0x7, 0xff, 0x3, 0x80, 0x28,
    0x0, 0xfd, 0x60, 0x4, 0x0, 0xf0, 0x99, 0x91,
    0x22, 0x0, 0x20, 0x7, 0xf2, 0x80, 0x3c, 0x2,
    0x29, 0xee, 0x66, 0x2e, 0xe9, 0x0, 0x27, 0xff,
    0xf6, 0x0, 0x8, 0x0, 0xda, 0xc2, 0x1, 0xff,
    0xcc, 0x49, 0x0, 0x35, 0xef, 0xfe, 0xd0, 0x2,
    0xdd, 0xff, 0xf0, 0x24, 0x3c, 0x1, 0x52, 0x84,
    0x1, 0x84, 0x2, 0x44, 0xff, 0xe0, 0x10, 0x20,
    0xa, 0x80, 0x7c, 0xa0, 0x4, 0x0, 0xff, 0xe2,
    0x18, 0x7, 0xed, 0x0, 0xa, 0x0, 0x7f, 0xf0,
    0xc8, 0x3, 0xe4, 0x40, 0x5, 0x22, 0x1, 0xff,
    0xc0, 0x30, 0x5, 0x0, 0x72, 0x58, 0x29, 0x81,
    0x61, 0x0, 0x78, 0x5b, 0x44, 0x20, 0x0, 0xbb,
    0x2f, 0x19, 0x60, 0x55, 0xa2, 0x5, 0xb9, 0xe,
    0xe8, 0xce, 0x92, 0x0, 0x24, 0x0, 0x9, 0xa1,
    0xcc, 0x13, 0x0, 0x7d, 0x40, 0x6, 0xf1, 0x7,
    0x30, 0x1, 0x8, 0x1, 0xf1, 0x88, 0x0, 0x4b,
    0x76, 0x10, 0x0, 0xd6, 0x39, 0x88, 0x0, 0x92,
    0x33, 0x40,

    /* U+00E7 "ç" */
    0x0, 0xe3, 0x8c, 0xef, 0xf6, 0xca, 0x80, 0x61,
    0xac, 0x73, 0x10, 0x1, 0x35, 0x48, 0x0, 0x71,
    0x40, 0x6, 0xd0, 0xea, 0x20, 0x1a, 0x88, 0x6,
    0xf2, 0x5e, 0x2b, 0xb3, 0x0, 0x88, 0x0, 0x62,
    0x0, 0x78, 0xd4, 0x3c, 0x0, 0xe4, 0x1, 0xfe,
    0x40, 0x5, 0x0, 0x7f, 0x88, 0x0, 0x24, 0x1,
    0xfe, 0x10, 0x1, 0x80, 0x7f, 0xf3, 0x84, 0x0,
    0x60, 0x1f, 0xf1, 0x0, 0x4, 0x80, 0x3f, 0xe4,
    0x0, 0x50, 0x7, 0xfd, 0xe0, 0x7, 0x20, 0xf,
    0xf2, 0x20, 0x1, 0x88, 0x1, 0xe3, 0x50, 0x5,
    0x10, 0xd, 0xe4, 0x3c, 0x57, 0x66, 0x0, 0x3,
    0x88, 0x0, 0x37, 0x87, 0x51, 0x0, 0xe1, 0xbc,
    0x62, 0x0, 0x89, 0xae, 0x40, 0x38, 0xe7, 0x7c,
    0xc3, 0xa5, 0x0, 0x3f, 0xd2, 0x10, 0x1, 0xff,
    0xc0, 0x50, 0x41, 0x0, 0xff, 0xe1, 0x10, 0x7,
    0xc2, 0x80, 0x7, 0x0, 0x10, 0x7, 0xc5, 0x7f,
    0xe8, 0x4, 0x10, 0xf, 0x84, 0xc4, 0x5, 0xa8,
    0x2,

    /* U+00E8 "è" */
    0x0, 0xd7, 0xfe, 0x40, 0xf, 0xfe, 0xd, 0x98,
    0x59, 0x0, 0x7f, 0xf0, 0x70, 0xc3, 0xc0, 0x3f,
    0xf8, 0x5a, 0x44, 0xb0, 0xf, 0xfe, 0x8, 0xe0,
    0xa4, 0x0, 0x7f, 0xf0, 0x47, 0x1f, 0xc0, 0x3f,
    0xf8, 0x45, 0xe, 0x1, 0xff, 0xd0, 0x39, 0xde,
    0xfe, 0xb6, 0x0, 0xfd, 0x58, 0xc4, 0x20, 0x29,
    0x3c, 0x60, 0x18, 0x75, 0x40, 0x8, 0xf0, 0xc4,
    0x3, 0x86, 0x1, 0x51, 0x2, 0xf5, 0xc3, 0xce,
    0xc0, 0x3, 0x40, 0x8, 0x80, 0x4a, 0x10, 0xe,
    0x76, 0x1, 0x60, 0xe0, 0x4, 0x0, 0x7e, 0xb0,
    0x6, 0x2, 0x0, 0xc, 0x3, 0xf1, 0x0, 0x1c,
    0x44, 0x0, 0xff, 0xff, 0x0, 0x8, 0x80, 0x1f,
    0xfc, 0x72, 0xbb, 0xff, 0xe0, 0x60, 0x80, 0xd,
    0x13, 0xff, 0x80, 0x64, 0x0, 0x12, 0x0, 0xff,
    0xe0, 0xa0, 0x2, 0xc0, 0x3f, 0xf8, 0x3e, 0x0,
    0x63, 0x0, 0xff, 0xe0, 0x22, 0x0, 0x18, 0xa0,
    0x1f, 0x25, 0xa0, 0x2, 0xcc, 0x1, 0x5b, 0x2e,
    0xe8, 0xbf, 0xb4, 0x10, 0xb, 0x18, 0x0, 0x4d,
    0x10, 0x74, 0x0, 0xb, 0x0, 0x69, 0xd7, 0x31,
    0x0, 0x9, 0xbd, 0xf1, 0x80,

    /* U+00E9 "é" */
    0x0, 0xff, 0x17, 0x7f, 0x8, 0x7, 0xff, 0x3,
    0x84, 0x58, 0x20, 0x1f, 0xf5, 0x18, 0x69, 0x0,
    0x7f, 0xce, 0xa1, 0x86, 0x1, 0xff, 0x24, 0x5,
    0x98, 0x7, 0xff, 0x0, 0x9e, 0xd0, 0x3, 0xff,
    0x82, 0xd0, 0x80, 0x1f, 0xfd, 0x13, 0x9d, 0xef,
    0xeb, 0x60, 0xf, 0xd5, 0x8c, 0x42, 0x2, 0x93,
    0xc6, 0x1, 0x87, 0x54, 0x0, 0x8f, 0xc, 0x40,
    0x38, 0x60, 0x15, 0x10, 0x2f, 0x5c, 0x3c, 0xec,
    0x0, 0x34, 0x0, 0x88, 0x4, 0xa1, 0x0, 0xe7,
    0x60, 0x16, 0xe, 0x0, 0x40, 0x7, 0xeb, 0x0,
    0x60, 0x20, 0x0, 0xc0, 0x3f, 0x10, 0x1, 0xc4,
    0x40, 0xf, 0xff, 0xf0, 0x0, 0x88, 0x1, 0xff,
    0xc7, 0x2b, 0xbf, 0xfe, 0x6, 0x8, 0x0, 0xd1,
    0x3f, 0xf8, 0x6, 0x40, 0x1, 0x20, 0xf, 0xfe,
    0xa, 0x0, 0x2c, 0x3, 0xff, 0x83, 0xe0, 0x6,
    0x30, 0xf, 0xfe, 0x2, 0x20, 0x1, 0x8a, 0x1,
    0xf2, 0x5a, 0x0, 0x2c, 0xc0, 0x15, 0xb2, 0xee,
    0x8b, 0xfb, 0x41, 0x0, 0xb1, 0x80, 0x4, 0xd1,
    0x7, 0x40, 0x0, 0xb0, 0x6, 0x9d, 0x73, 0x10,
    0x0, 0x9b, 0xdf, 0x18,

    /* U+00EA "ê" */
    0x0, 0xf9, 0x7f, 0xd4, 0x1, 0xff, 0xc0, 0x1b,
    0x0, 0x2a, 0x80, 0x3f, 0xea, 0x14, 0x90, 0xa1,
    0x0, 0xfe, 0x64, 0x2a, 0x66, 0x6, 0x80, 0x7e,
    0x29, 0xf, 0x10, 0x93, 0x33, 0x80, 0x7c, 0xee,
    0xb2, 0x0, 0xb5, 0xc0, 0x3f, 0x2c, 0x20, 0x6,
    0x18, 0x70, 0xf, 0xfe, 0x69, 0xce, 0xf7, 0xf5,
    0xb0, 0x7, 0xea, 0xc6, 0x21, 0x1, 0x49, 0xe3,
    0x0, 0xc3, 0xaa, 0x0, 0x47, 0x86, 0x20, 0x1c,
    0x30, 0xa, 0x88, 0x17, 0xae, 0x1e, 0x76, 0x0,
    0x1a, 0x0, 0x44, 0x2, 0x50, 0x80, 0x73, 0xb0,
    0xb, 0x7, 0x0, 0x20, 0x3, 0xf5, 0x80, 0x30,
    0x10, 0x0, 0x60, 0x1f, 0x88, 0x0, 0xe2, 0x20,
    0x7, 0xff, 0xf8, 0x0, 0x44, 0x0, 0xff, 0xe3,
    0x95, 0xdf, 0xff, 0x3, 0x4, 0x0, 0x68, 0x9f,
    0xfc, 0x3, 0x20, 0x0, 0x90, 0x7, 0xff, 0x5,
    0x0, 0x16, 0x1, 0xff, 0xc1, 0xf0, 0x3, 0x18,
    0x7, 0xff, 0x1, 0x10, 0x0, 0xc5, 0x0, 0xf9,
    0x2d, 0x0, 0x16, 0x60, 0xa, 0xd9, 0x77, 0x45,
    0xfd, 0xa0, 0x80, 0x58, 0xc0, 0x2, 0x68, 0x83,
    0xa0, 0x0, 0x58, 0x3, 0x4e, 0xb9, 0x88, 0x0,
    0x4d, 0xef, 0x8c,

    /* U+00EB "ë" */
    0x0, 0xcf, 0xfe, 0xb0, 0x2, 0xff, 0xb4, 0x3,
    0xff, 0xba, 0xdb, 0xaa, 0x0, 0x2e, 0xeb, 0xc0,
    0x3e, 0x12, 0x20, 0x80, 0x44, 0x50, 0x7, 0xff,
    0x34, 0xe7, 0x7b, 0xfa, 0xd8, 0x3, 0xf5, 0x63,
    0x10, 0x80, 0xa4, 0xf1, 0x80, 0x61, 0xd5, 0x0,
    0x23, 0xc3, 0x10, 0xe, 0x18, 0x5, 0x44, 0xb,
    0xd7, 0xf, 0x3b, 0x0, 0xd, 0x0, 0x22, 0x1,
    0x28, 0x40, 0x39, 0xd8, 0x5, 0x83, 0x80, 0x10,
    0x1, 0xfa, 0xc0, 0x18, 0x8, 0x0, 0x30, 0xf,
    0xc4, 0x0, 0x71, 0x10, 0x3, 0xff, 0xfc, 0x0,
    0x22, 0x0, 0x7f, 0xf1, 0xca, 0xef, 0xff, 0x81,
    0x82, 0x0, 0x34, 0x4f, 0xfe, 0x1, 0x90, 0x0,
    0x48, 0x3, 0xff, 0x82, 0x80, 0xb, 0x0, 0xff,
    0xe0, 0xf8, 0x1, 0x8c, 0x3, 0xff, 0x80, 0x88,
    0x0, 0x62, 0x80, 0x7c, 0x96, 0x80, 0xb, 0x30,
    0x5, 0x6c, 0xbb, 0xa2, 0xfe, 0xd0, 0x40, 0x2c,
    0x60, 0x1, 0x34, 0x41, 0xd0, 0x0, 0x2c, 0x1,
    0xa7, 0x5c, 0xc4, 0x0, 0x26, 0xf7, 0xc6,

    /* U+00EC "ì" */
    0x58, 0x81, 0x80, 0x64, 0x57, 0xd1, 0x0, 0x87,
    0xc4, 0x5a, 0x1, 0x8b, 0x4, 0xe4, 0x3, 0x16,
    0x83, 0x30, 0x3, 0x1d, 0x84, 0x98, 0x6, 0x4f,
    0xf1, 0x80, 0x7f, 0xf0, 0x3f, 0xdc, 0x1, 0xff,
    0xff, 0x0, 0xff, 0xf9, 0x0,

    /* U+00ED "í" */
    0x0, 0xc9, 0x10, 0x40, 0x8, 0xed, 0xd1, 0x0,
    0x1, 0xd0, 0x2d, 0x0, 0xa8, 0x4b, 0x4, 0x1,
    0x8, 0x3e, 0x20, 0x5, 0x71, 0xc2, 0x0, 0x97,
    0xf8, 0x80, 0x3f, 0xf8, 0x3f, 0xee, 0x0, 0xff,
    0xff, 0x80, 0x7f, 0xfd, 0x40,

    /* U+00EE "î" */
    0x0, 0xcd, 0xc, 0x1, 0xf3, 0x4b, 0xca, 0x0,
    0x71, 0x48, 0x20, 0x50, 0x80, 0x6e, 0x6, 0xb4,
    0x1a, 0x0, 0x9c, 0xcd, 0x21, 0x64, 0x8c, 0x7,
    0x3, 0xa0, 0x17, 0x84, 0x91, 0xff, 0x8, 0x4,
    0x5f, 0xe2, 0x0, 0xff, 0xe1, 0xff, 0xb8, 0x3,
    0xff, 0xfe, 0x1, 0xff, 0xff, 0x0, 0xff, 0xee,
    0x80,

    /* U+00EF "ï" */
    0x3f, 0xf8, 0x0, 0x3f, 0xf0, 0x80, 0x7f, 0xf2,
    0x8f, 0x76, 0x0, 0xe, 0xec, 0x20, 0x45, 0x0,
    0x44, 0x50, 0x7, 0xff, 0x13, 0xfd, 0xc0, 0x1f,
    0xff, 0xf0, 0xf, 0xff, 0xf8, 0x7, 0xff, 0x74,

    /* U+00F0 "ð" */
    0x0, 0xd3, 0xfe, 0xd1, 0x0, 0xc6, 0xa0, 0x1e,
    0x97, 0x2, 0xc3, 0x6a, 0xfc, 0x80, 0xf, 0xa1,
    0x0, 0xb2, 0x46, 0x37, 0x40, 0x18, 0x9e, 0xfd,
    0x4, 0x0, 0x54, 0xe4, 0x1, 0xcb, 0x1, 0x3b,
    0xd0, 0x5, 0xa0, 0x1f, 0x3f, 0xdb, 0x10, 0x3c,
    0x81, 0xd8, 0x7, 0xf3, 0x5f, 0x7c, 0x0, 0x12,
    0x40, 0x3c, 0x5b, 0x28, 0x20, 0x20, 0x13, 0x28,
    0x6, 0x2c, 0x20, 0x2, 0xcc, 0xa1, 0x0, 0x16,
    0x20, 0x17, 0x8, 0x1f, 0x53, 0x31, 0xed, 0xc0,
    0x64, 0x0, 0xa6, 0x3, 0xa2, 0x1, 0xd0, 0x0,
    0x70, 0x7, 0x0, 0x20, 0x40, 0x3e, 0x50, 0x2,
    0x2, 0x0, 0x1c, 0x3, 0xf6, 0x80, 0x30, 0x80,
    0x2, 0x20, 0xf, 0xc6, 0x0, 0x21, 0x0, 0x18,
    0x7, 0xf3, 0x80, 0x18, 0x3, 0xff, 0x82, 0xe0,
    0x10, 0x80, 0xc, 0x3, 0xf8, 0x40, 0xe, 0x40,
    0x1, 0x10, 0x7, 0xed, 0x0, 0x10, 0x20, 0x1,
    0x80, 0x3f, 0x28, 0x3, 0x3, 0xc0, 0x12, 0x20,
    0x1e, 0x62, 0x1, 0x50, 0x43, 0x1, 0xd1, 0x0,
    0xcb, 0x20, 0x8, 0x0, 0xb4, 0x40, 0xfa, 0x9e,
    0x32, 0x80, 0xa, 0xc0, 0x10, 0xf9, 0x80, 0x16,
    0x1c, 0xc0, 0xf, 0x40, 0x1c, 0x39, 0x4a, 0x20,
    0x2, 0x7d, 0x80, 0x8,

    /* U+00F1 "ñ" */
    0x0, 0xcd, 0xdf, 0x64, 0x0, 0x7f, 0x70, 0xe,
    0x29, 0x10, 0x4d, 0x60, 0xb0, 0x20, 0xe, 0xb0,
    0x7e, 0x60, 0x9f, 0x31, 0x50, 0xe, 0x20, 0xb1,
    0x9a, 0x20, 0x2d, 0x0, 0xf5, 0xf9, 0x80, 0x17,
    0x7f, 0x4c, 0x3, 0xff, 0xae, 0x3f, 0xec, 0x0,
    0x2d, 0xf7, 0xf5, 0xa0, 0x7, 0xea, 0xa2, 0x8,
    0xa, 0x5c, 0x80, 0x7a, 0x94, 0x15, 0xd8, 0x80,
    0xc, 0xc0, 0xc, 0x6a, 0xae, 0xa8, 0x9d, 0x70,
    0x4, 0x0, 0x71, 0xd0, 0x80, 0x68, 0x20, 0x13,
    0x0, 0xd0, 0x1, 0xf2, 0x80, 0x14, 0x3, 0x20,
    0x7, 0xda, 0x0, 0xe0, 0x8, 0x80, 0x3f, 0xf8,
    0x62, 0x1, 0xff, 0x8, 0x7, 0xff, 0xfc, 0x3,
    0xff, 0xf2,

    /* U+00F2 "ò" */
    0x0, 0x8b, 0xbf, 0x44, 0x3, 0xff, 0x80, 0x5a,
    0x5, 0x40, 0x1f, 0xfc, 0x13, 0xb0, 0x48, 0x0,
    0xff, 0xe0, 0xa5, 0x3, 0xa8, 0x7, 0xff, 0x5,
    0x64, 0x28, 0x80, 0x3f, 0xf8, 0x2d, 0x4e, 0xe0,
    0xf, 0xfe, 0x12, 0xc2, 0x80, 0x7f, 0xf4, 0x1a,
    0xfb, 0xfd, 0xb2, 0x60, 0x1f, 0x1e, 0xca, 0x8,
    0x0, 0x9b, 0x24, 0x3, 0x8f, 0x8, 0x0, 0xb0,
    0xe6, 0x0, 0x6b, 0x0, 0xdc, 0x0, 0x3e, 0xa7,
    0x8c, 0xa0, 0x2, 0x38, 0x1, 0x88, 0x7, 0x44,
    0x3, 0x2c, 0x80, 0x24, 0x1, 0x40, 0x8, 0x10,
    0xf, 0x31, 0x0, 0xa8, 0x18, 0x1, 0xc0, 0x3f,
    0x28, 0x3, 0x8, 0x0, 0x22, 0x0, 0xfd, 0xa0,
    0x2, 0x10, 0x1, 0x80, 0x7f, 0x8, 0x1, 0xc0,
    0x3f, 0xf8, 0xa2, 0x0, 0x30, 0xf, 0xe1, 0x0,
    0x39, 0x0, 0x4, 0x40, 0x1f, 0xb4, 0x0, 0x40,
    0x60, 0x7, 0x0, 0xfc, 0xa0, 0xc, 0xa, 0x0,
    0x40, 0x7, 0xcc, 0x40, 0x2a, 0xc, 0x40, 0x38,
    0x20, 0x19, 0x64, 0x1, 0x20, 0x17, 0x0, 0xf,
    0xa9, 0xe3, 0x28, 0x0, 0x8e, 0x1, 0x1e, 0x10,
    0x1, 0x61, 0xcc, 0x0, 0xd6, 0x1, 0xc7, 0xb2,
    0x82, 0x0, 0x26, 0xc9, 0x0, 0x80,

    /* U+00F3 "ó" */
    0x0, 0xff, 0x37, 0xfa, 0x40, 0x3f, 0xf8, 0x7,
    0x20, 0xb2, 0x1, 0xff, 0xe, 0x82, 0x50, 0x7,
    0xff, 0x3, 0x44, 0xec, 0x3, 0xff, 0x81, 0x26,
    0x5a, 0x1, 0xff, 0xc0, 0x11, 0x46, 0x8, 0x7,
    0xff, 0x0, 0x61, 0xc4, 0x3, 0xff, 0xa2, 0xd7,
    0xdf, 0xed, 0x93, 0x0, 0xf8, 0xf6, 0x50, 0x40,
    0x4, 0xd9, 0x20, 0x1c, 0x78, 0x40, 0x5, 0x87,
    0x30, 0x3, 0x58, 0x6, 0xe0, 0x1, 0xf5, 0x3c,
    0x65, 0x0, 0x11, 0xc0, 0xc, 0x40, 0x3a, 0x20,
    0x19, 0x64, 0x1, 0x20, 0xa, 0x0, 0x40, 0x80,
    0x79, 0x88, 0x5, 0x40, 0xc0, 0xe, 0x1, 0xf9,
    0x40, 0x18, 0x40, 0x1, 0x10, 0x7, 0xed, 0x0,
    0x10, 0x80, 0xc, 0x3, 0xf8, 0x40, 0xe, 0x1,
    0xff, 0xc5, 0x10, 0x1, 0x80, 0x7f, 0x8, 0x1,
    0xc8, 0x0, 0x22, 0x0, 0xfd, 0xa0, 0x2, 0x3,
    0x0, 0x38, 0x7, 0xe5, 0x0, 0x60, 0x50, 0x2,
    0x0, 0x3e, 0x62, 0x1, 0x50, 0x62, 0x1, 0xc1,
    0x0, 0xcb, 0x20, 0x9, 0x0, 0xb8, 0x0, 0x7d,
    0x4f, 0x19, 0x40, 0x4, 0x70, 0x8, 0xf0, 0x80,
    0xb, 0xe, 0x60, 0x6, 0xb0, 0xe, 0x3d, 0x94,
    0x10, 0x1, 0x36, 0x48, 0x4,

    /* U+00F4 "ô" */
    0x0, 0xfa, 0xff, 0xc8, 0x1, 0xff, 0xc0, 0x64,
    0x0, 0x50, 0x80, 0x7f, 0x8a, 0x42, 0x90, 0x68,
    0x3, 0xfd, 0xc0, 0xeb, 0x42, 0x8c, 0x1, 0xf9,
    0xcc, 0xd0, 0x3, 0xa1, 0x24, 0x1, 0xfa, 0x34,
    0x2, 0x3b, 0x76, 0x0, 0xf9, 0xdc, 0x20, 0x19,
    0x21, 0x0, 0x3f, 0xf9, 0xad, 0x7d, 0xfe, 0xd9,
    0x30, 0xf, 0x8f, 0x65, 0x4, 0x0, 0x4d, 0x92,
    0x1, 0xc7, 0x84, 0x0, 0x58, 0x73, 0x0, 0x35,
    0x80, 0x6e, 0x0, 0x1f, 0x53, 0xc6, 0x50, 0x1,
    0x1c, 0x0, 0xc4, 0x3, 0xa2, 0x1, 0x96, 0x40,
    0x12, 0x0, 0xa0, 0x4, 0x8, 0x7, 0x98, 0x80,
    0x54, 0xc, 0x0, 0xe0, 0x1f, 0x94, 0x1, 0x84,
    0x0, 0x11, 0x0, 0x7e, 0xd0, 0x1, 0x8, 0x0,
    0xc0, 0x3f, 0x84, 0x0, 0xe0, 0x1f, 0xfc, 0x51,
    0x0, 0x18, 0x7, 0xf0, 0x80, 0x1c, 0x80, 0x2,
    0x20, 0xf, 0xda, 0x0, 0x20, 0x30, 0x3, 0x80,
    0x7e, 0x50, 0x6, 0x5, 0x0, 0x20, 0x3, 0xe6,
    0x20, 0x15, 0x6, 0x20, 0x1c, 0x10, 0xc, 0xb2,
    0x0, 0x90, 0xb, 0x80, 0x7, 0xd4, 0xf1, 0x94,
    0x0, 0x47, 0x0, 0x8f, 0x8, 0x0, 0xb0, 0xe6,
    0x0, 0x6b, 0x0, 0xe3, 0xd9, 0x41, 0x0, 0x13,
    0x64, 0x80, 0x40,

    /* U+00F5 "õ" */
    0x0, 0xc3, 0x7f, 0xac, 0x1, 0x7f, 0x0, 0x7d,
    0x48, 0x5, 0x36, 0x2c, 0xa, 0x1, 0xe2, 0x41,
    0xeb, 0x14, 0xe9, 0xe, 0x0, 0xf3, 0x2, 0xa,
    0x7a, 0x88, 0x9d, 0x40, 0x3c, 0x9f, 0x40, 0x1,
    0xae, 0xe4, 0x0, 0x7f, 0xf7, 0xda, 0xfb, 0xfd,
    0xb2, 0x60, 0x1f, 0x1e, 0xca, 0x8, 0x0, 0x9b,
    0x24, 0x3, 0x8f, 0x8, 0x0, 0xb0, 0xe6, 0x0,
    0x6b, 0x0, 0xdc, 0x0, 0x3e, 0xa7, 0x8c, 0xa0,
    0x2, 0x38, 0x1, 0x88, 0x7, 0x44, 0x3, 0x2c,
    0x80, 0x24, 0x1, 0x40, 0x8, 0x10, 0xf, 0x31,
    0x0, 0xa8, 0x18, 0x1, 0xc0, 0x3f, 0x28, 0x3,
    0x8, 0x0, 0x22, 0x0, 0xfd, 0xa0, 0x2, 0x10,
    0x1, 0x80, 0x7f, 0x8, 0x1, 0xc0, 0x3f, 0xf8,
    0xa2, 0x0, 0x30, 0xf, 0xe1, 0x0, 0x39, 0x0,
    0x4, 0x40, 0x1f, 0xb4, 0x0, 0x40, 0x60, 0x7,
    0x0, 0xfc, 0xa0, 0xc, 0xa, 0x0, 0x40, 0x7,
    0xcc, 0x40, 0x2a, 0xc, 0x40, 0x38, 0x20, 0x19,
    0x64, 0x1, 0x20, 0x17, 0x0, 0xf, 0xa9, 0xe3,
    0x28, 0x0, 0x8e, 0x1, 0x1e, 0x10, 0x1, 0x61,
    0xcc, 0x0, 0xd6, 0x1, 0xc7, 0xb2, 0x82, 0x0,
    0x26, 0xc9, 0x0, 0x80,

    /* U+00F6 "ö" */
    0x0, 0xdb, 0xfe, 0x50, 0x5, 0xff, 0x9c, 0x3,
    0xff, 0xbb, 0xfb, 0xa5, 0x0, 0x4e, 0xe9, 0x80,
    0x3e, 0x22, 0x80, 0x22, 0x28, 0x40, 0x3f, 0xf9,
    0xad, 0x7d, 0xfe, 0xd9, 0x30, 0xf, 0x8f, 0x65,
    0x4, 0x0, 0x4d, 0x92, 0x1, 0xc7, 0x84, 0x0,
    0x58, 0x73, 0x0, 0x35, 0x80, 0x6e, 0x0, 0x1f,
    0x53, 0xc6, 0x50, 0x1, 0x1c, 0x0, 0xc4, 0x3,
    0xa2, 0x1, 0x96, 0x40, 0x12, 0x0, 0xa0, 0x4,
    0x8, 0x7, 0x98, 0x80, 0x54, 0xc, 0x0, 0xe0,
    0x1f, 0x94, 0x1, 0x84, 0x0, 0x11, 0x0, 0x7e,
    0xd0, 0x1, 0x8, 0x0, 0xc0, 0x3f, 0x84, 0x0,
    0xe0, 0x1f, 0xfc, 0x51, 0x0, 0x18, 0x7, 0xf0,
    0x80, 0x1c, 0x80, 0x2, 0x20, 0xf, 0xda, 0x0,
    0x20, 0x30, 0x3, 0x80, 0x7e, 0x50, 0x6, 0x5,
    0x0, 0x20, 0x3, 0xe6, 0x20, 0x15, 0x6, 0x20,
    0x1c, 0x10, 0xc, 0xb2, 0x0, 0x90, 0xb, 0x80,
    0x7, 0xd4, 0xf1, 0x94, 0x0, 0x47, 0x0, 0x8f,
    0x8, 0x0, 0xb0, 0xe6, 0x0, 0x6b, 0x0, 0xe3,
    0xd9, 0x41, 0x0, 0x13, 0x64, 0x80, 0x40,

    /* U+00F7 "÷" */
    0x0, 0xfd, 0x1f, 0xf2, 0x80, 0x7f, 0xfb, 0xbc,
    0x8a, 0x10, 0xf, 0xfe, 0x23, 0xee, 0xc8, 0x1,
    0xff, 0xd1, 0x6a, 0xaf, 0xfe, 0x3a, 0x7a, 0xaf,
    0xff, 0x1c, 0x80, 0x3f, 0xf9, 0x33, 0xff, 0xff,
    0xc7, 0x60, 0xf, 0xff, 0x34, 0x7f, 0xca, 0x1,
    0xff, 0xee, 0xe2, 0x28, 0x40, 0x3f, 0x0,

    /* U+00F8 "ø" */
    0x0, 0xff, 0xea, 0xbc, 0x0, 0x79, 0xaf, 0xbf,
    0xdb, 0x24, 0x9, 0xe, 0x40, 0x11, 0xec, 0xa0,
    0x80, 0x9, 0xb6, 0x6c, 0x24, 0x80, 0x7, 0x84,
    0x0, 0x58, 0x73, 0x0, 0x30, 0x33, 0x0, 0x2e,
    0x0, 0x1f, 0x53, 0xc6, 0x50, 0x5, 0xe0, 0x13,
    0x10, 0xe, 0x8, 0x6, 0xf0, 0xa, 0x0, 0x2a,
    0x0, 0x48, 0x7, 0x42, 0xa2, 0x0, 0x54, 0x0,
    0x60, 0x6, 0x0, 0xca, 0xe5, 0x5a, 0x0, 0xc0,
    0x20, 0x0, 0x88, 0x2, 0x3a, 0xf, 0x12, 0x0,
    0x10, 0x8, 0x0, 0xc0, 0x22, 0xd0, 0xb2, 0x7,
    0x0, 0x38, 0x7, 0xc3, 0xe3, 0x8, 0x0, 0x70,
    0xc, 0x20, 0x3, 0x0, 0x51, 0x2b, 0x80, 0x42,
    0x0, 0x70, 0x20, 0x0, 0x8a, 0x50, 0xe8, 0x3,
    0x68, 0x0, 0x80, 0x8, 0x0, 0xa6, 0x1d, 0x0,
    0xe6, 0x0, 0x60, 0x3, 0x80, 0x8, 0x1a, 0x20,
    0x19, 0x84, 0x5, 0x40, 0xa, 0x40, 0x3, 0x20,
    0xc, 0xb2, 0x0, 0x90, 0x8, 0x40, 0x23, 0xf9,
    0x78, 0xca, 0x0, 0x23, 0x80, 0x5a, 0x48, 0x40,
    0x2d, 0xe, 0x60, 0x5, 0xb0, 0xa, 0x4c, 0xaf,
    0x69, 0x4, 0x0, 0x4d, 0x94, 0x1, 0xac, 0xfc,
    0x0, 0xb7, 0xdf, 0xed, 0x93, 0x0, 0xe2, 0xc2,
    0x0, 0xff, 0xe1, 0x80,

    /* U+00F9 "ù" */
    0x0, 0xe, 0xff, 0x10, 0x7, 0xfc, 0x3e, 0x22,
    0xf0, 0xf, 0xfe, 0x1, 0x60, 0x95, 0x0, 0x7f,
    0xf0, 0xb, 0x41, 0x5c, 0x3, 0xff, 0x80, 0x76,
    0x10, 0x80, 0x1f, 0xfc, 0x4, 0xb7, 0x20, 0xf,
    0xfe, 0xa, 0x43, 0x0, 0x7f, 0xf2, 0x93, 0xfd,
    0x20, 0x1f, 0xa3, 0xfc, 0xc0, 0x1f, 0xff, 0xf0,
    0xf, 0xff, 0xf8, 0x7, 0xf9, 0xc0, 0x6, 0x1,
    0xf8, 0x80, 0x21, 0x0, 0x30, 0x7, 0xe4, 0x0,
    0x88, 0x0, 0x64, 0x1, 0xe7, 0x10, 0xc, 0xa0,
    0xe, 0x10, 0xc, 0xf0, 0x1, 0xd0, 0x0, 0x3f,
    0xa8, 0x9e, 0x81, 0x60, 0xc, 0x54, 0x0, 0x15,
    0x76, 0x12, 0xc1, 0x0, 0xe5, 0xd6, 0x20, 0x13,
    0x8d, 0x20, 0xc,

    /* U+00FA "ú" */
    0x0, 0xfe, 0x4f, 0xf5, 0x80, 0x7f, 0xc5, 0x60,
    0x76, 0x1, 0xff, 0x78, 0x16, 0x80, 0x7f, 0xd4,
    0x44, 0xc1, 0x0, 0xff, 0x3a, 0x8f, 0x88, 0x7,
    0xff, 0x1, 0xf0, 0x80, 0x3f, 0xf8, 0xf, 0x4,
    0x1, 0xff, 0xcb, 0x4f, 0xf4, 0x80, 0x7e, 0x8f,
    0xf3, 0x0, 0x7f, 0xff, 0xc0, 0x3f, 0xff, 0xe0,
    0x1f, 0xe7, 0x0, 0x18, 0x7, 0xe2, 0x0, 0x84,
    0x0, 0xc0, 0x1f, 0x90, 0x2, 0x20, 0x1, 0x90,
    0x7, 0x9c, 0x40, 0x32, 0x80, 0x38, 0x40, 0x33,
    0xc0, 0x7, 0x40, 0x0, 0xfe, 0xa2, 0x7a, 0x5,
    0x80, 0x31, 0x50, 0x0, 0x55, 0xd8, 0x4b, 0x4,
    0x3, 0x97, 0x58, 0x80, 0x4e, 0x34, 0x80, 0x30,

    /* U+00FB "û" */
    0x0, 0xf4, 0xff, 0x98, 0x3, 0xfe, 0x46, 0x0,
    0x49, 0x0, 0x7f, 0xd, 0x4, 0x28, 0x70, 0x7,
    0xf5, 0x8a, 0xbd, 0x19, 0xa0, 0x3, 0xe5, 0x51,
    0x50, 0x3, 0x85, 0xcc, 0x3, 0xc4, 0xfe, 0x1,
    0x16, 0xbb, 0x0, 0x79, 0xe0, 0x80, 0x31, 0xc2,
    0x80, 0x7f, 0xf1, 0xd3, 0xfd, 0x20, 0x1f, 0xa3,
    0xfc, 0xc0, 0x1f, 0xff, 0xf0, 0xf, 0xff, 0xf8,
    0x7, 0xf9, 0xc0, 0x6, 0x1, 0xf8, 0x80, 0x21,
    0x0, 0x30, 0x7, 0xe4, 0x0, 0x88, 0x0, 0x64,
    0x1, 0xe7, 0x10, 0xc, 0xa0, 0xe, 0x10, 0xc,
    0xf0, 0x1, 0xd0, 0x0, 0x3f, 0xa8, 0x9e, 0x81,
    0x60, 0xc, 0x54, 0x0, 0x15, 0x76, 0x12, 0xc1,
    0x0, 0xe5, 0xd6, 0x20, 0x13, 0x8d, 0x20, 0xc,

    /* U+00FC "ü" */
    0x0, 0xaf, 0xfc, 0xe0, 0x9, 0xff, 0x48, 0x7,
    0xff, 0x6a, 0xb7, 0x4c, 0x0, 0x8d, 0xd4, 0x0,
    0x78, 0x48, 0x82, 0x0, 0x12, 0x20, 0x80, 0x7f,
    0xf1, 0xd3, 0xfd, 0x20, 0x1f, 0xa3, 0xfc, 0xc0,
    0x1f, 0xff, 0xf0, 0xf, 0xff, 0xf8, 0x7, 0xf9,
    0xc0, 0x6, 0x1, 0xf8, 0x80, 0x21, 0x0, 0x30,
    0x7, 0xe4, 0x0, 0x88, 0x0, 0x64, 0x1, 0xe7,
    0x10, 0xc, 0xa0, 0xe, 0x10, 0xc, 0xf0, 0x1,
    0xd0, 0x0, 0x3f, 0xa8, 0x9e, 0x81, 0x60, 0xc,
    0x54, 0x0, 0x15, 0x76, 0x12, 0xc1, 0x0, 0xe5,
    0xd6, 0x20, 0x13, 0x8d, 0x20, 0xc,

    /* U+00FD "ý" */
    0x0, 0xff, 0x92, 0x20, 0x80, 0x1f, 0xfc, 0x12,
    0xb7, 0x55, 0x0, 0x7f, 0xf0, 0x78, 0x7, 0xc4,
    0x3, 0xff, 0x81, 0x6, 0x1a, 0x40, 0x1f, 0xfc,
    0x4, 0x70, 0xa3, 0x0, 0xff, 0xe0, 0xd, 0x3,
    0xa8, 0x7, 0xff, 0x5, 0x5a, 0x60, 0x3, 0xff,
    0x84, 0x90, 0xc0, 0x1f, 0xdb, 0xfe, 0x30, 0xf,
    0xe4, 0xff, 0x60, 0x50, 0x2, 0x80, 0x3f, 0xb8,
    0x1, 0x40, 0xc0, 0x7, 0x0, 0xfe, 0x50, 0x3,
    0x0, 0xa8, 0xa, 0x80, 0x7c, 0xc0, 0x6, 0x0,
    0xb8, 0x1, 0xc0, 0x1f, 0x50, 0x2, 0x80, 0x24,
    0x20, 0x41, 0x0, 0xe2, 0x30, 0x23, 0x0, 0xd4,
    0x0, 0x90, 0xe, 0xb0, 0x5, 0x0, 0x73, 0x0,
    0x18, 0x3, 0x9c, 0x0, 0xc0, 0x1c, 0x2a, 0x2,
    0x80, 0x12, 0x88, 0x28, 0x80, 0x7b, 0x80, 0x1c,
    0x1, 0x70, 0x3, 0x80, 0x3e, 0x41, 0x5, 0x10,
    0x14, 0x1, 0x40, 0xf, 0xd2, 0x0, 0x70, 0x60,
    0x3, 0x0, 0x7f, 0x30, 0x2, 0x82, 0x80, 0x14,
    0x1, 0xfc, 0x28, 0x6, 0xe4, 0x8, 0x40, 0x1f,
    0xef, 0x0, 0x40, 0x3, 0x80, 0x3f, 0xe4, 0x10,
    0x8, 0x54, 0x3, 0xff, 0x80, 0xc0, 0x13, 0x80,
    0x7f, 0xf0, 0x68, 0x2, 0xb0, 0xf, 0xfe, 0x8,
    0x80, 0xc, 0x80, 0x3f, 0xf8, 0x34, 0x0, 0xa0,
    0xf, 0xfe, 0x13, 0x0, 0x18, 0x3, 0xff, 0x83,
    0x0, 0x6, 0x0, 0xff, 0x1b, 0x3d, 0xb8, 0x2,
    0x0, 0x3f, 0xc9, 0x30, 0x80, 0x9, 0x10, 0xf,
    0xfe, 0x8, 0xa6, 0x30, 0x7, 0xf0,

    /* U+00FE "þ" */
    0x1f, 0xf6, 0x0, 0x7f, 0xff, 0xc0, 0x3f, 0xfa,
    0x2d, 0x7d, 0xfd, 0x46, 0x1, 0xf8, 0x72, 0x50,
    0x40, 0x57, 0x20, 0x3, 0xed, 0x31, 0x68, 0x73,
    0x0, 0x3c, 0x0, 0x71, 0x99, 0x3a, 0x5e, 0x32,
    0x40, 0xe, 0x60, 0x1c, 0x56, 0x1, 0xcc, 0xe0,
    0x8, 0x0, 0xeb, 0x0, 0xfa, 0x0, 0x8, 0x20,
    0x19, 0xc0, 0x3f, 0x20, 0x1, 0x40, 0x21, 0x10,
    0x7, 0xe3, 0x0, 0x18, 0x4, 0x60, 0x1f, 0xde,
    0x0, 0xf0, 0xf, 0xfe, 0x41, 0x80, 0x7f, 0x78,
    0x3, 0xc0, 0x21, 0x10, 0x7, 0xe3, 0x0, 0x18,
    0x6, 0x70, 0xf, 0xc8, 0x0, 0x50, 0xd, 0x60,
    0x1f, 0x40, 0x1, 0x4, 0x3, 0x15, 0x80, 0x73,
    0x38, 0x2, 0x0, 0x31, 0x99, 0x3a, 0x5e, 0x32,
    0x40, 0xe, 0x60, 0x1d, 0xa6, 0x2d, 0xe, 0x60,
    0x7, 0x80, 0xf, 0xe, 0x49, 0x88, 0xa, 0xe4,
    0x0, 0x7f, 0x36, 0x77, 0xf5, 0x18, 0x7, 0xff,
    0xfc, 0x3, 0xff, 0xa6,

    /* U+00FF "ÿ" */
    0x0, 0xc5, 0xff, 0x0, 0x7, 0xfe, 0x10, 0xf,
    0xfe, 0xf9, 0x6e, 0xc0, 0x1, 0xdd, 0x84, 0x3,
    0xf1, 0x14, 0x1, 0x11, 0x40, 0x1f, 0xfc, 0xbd,
    0xff, 0x18, 0x7, 0xf2, 0x7f, 0xb0, 0x28, 0x1,
    0x40, 0x1f, 0xdc, 0x0, 0xa0, 0x60, 0x3, 0x80,
    0x7f, 0x28, 0x1, 0x80, 0x54, 0x5, 0x40, 0x3e,
    0x60, 0x3, 0x0, 0x5c, 0x0, 0xe0, 0xf, 0xa8,
    0x1, 0x40, 0x12, 0x10, 0x20, 0x80, 0x71, 0x18,
    0x11, 0x80, 0x6a, 0x0, 0x48, 0x7, 0x58, 0x2,
    0x80, 0x39, 0x80, 0xc, 0x1, 0xce, 0x0, 0x60,
    0xe, 0x15, 0x1, 0x40, 0x9, 0x44, 0x14, 0x40,
    0x3d, 0xc0, 0xe, 0x0, 0xb8, 0x1, 0xc0, 0x1f,
    0x20, 0x82, 0x88, 0xa, 0x0, 0xa0, 0x7, 0xe9,
    0x0, 0x38, 0x30, 0x1, 0x80, 0x3f, 0x98, 0x1,
    0x41, 0x40, 0xa, 0x0, 0xfe, 0x14, 0x3, 0x72,
    0x4, 0x20, 0xf, 0xf7, 0x80, 0x20, 0x1, 0xc0,
    0x1f, 0xf2, 0x8, 0x4, 0x2a, 0x1, 0xff, 0xc0,
    0x60, 0x9, 0xc0, 0x3f, 0xf8, 0x34, 0x1, 0x58,
    0x7, 0xff, 0x4, 0x40, 0x6, 0x40, 0x1f, 0xfc,
    0x1a, 0x0, 0x50, 0x7, 0xff, 0x9, 0x80, 0xc,
    0x1, 0xff, 0xc1, 0x80, 0x3, 0x0, 0x7f, 0x8d,
    0x9e, 0xdc, 0x1, 0x0, 0x1f, 0xe4, 0x98, 0x40,
    0x4, 0x88, 0x7, 0xff, 0x4, 0x53, 0x18, 0x3,
    0xf8,

    /* U+2013 "–" */
    0x14, 0x4f, 0xfe, 0x0, 0xb5, 0xdf, 0xff, 0x1,
    0x80, 0x3f, 0xf8, 0x40,

    /* U+2014 "—" */
    0x14, 0x4f, 0xfe, 0x80, 0xb5, 0xdf, 0xff, 0x41,
    0x80, 0x3f, 0xfa, 0x40,

    /* U+2018 "‘" */
    0x0, 0xbb, 0xc8, 0x0, 0xe2, 0x22, 0x0, 0x48,
    0x20, 0x2, 0x4, 0x30, 0x5, 0xc0, 0x8, 0xa,
    0x1, 0x10, 0x7, 0xce, 0x89, 0x0, 0x0,

    /* U+2019 "’" */
    0x0, 0x7f, 0xca, 0x1, 0xff, 0x8, 0x18, 0x0,
    0xd0, 0x10, 0x1, 0x0, 0xc, 0x3, 0x40, 0x2,
    0x4, 0x0, 0x6, 0x69, 0x0, 0x0,

    /* U+201A "‚" */
    0x0, 0x5d, 0xc6, 0x0, 0x44, 0x9c, 0x3, 0xe2,
    0x0, 0x94, 0x10, 0x0, 0xe2, 0x18, 0x0, 0x90,
    0x2, 0x4, 0x8, 0x10, 0x89, 0xc0, 0x0,

    /* U+201C "“" */
    0x0, 0xbb, 0xc8, 0x2, 0x9f, 0x90, 0x3, 0x88,
    0x88, 0x0, 0x2c, 0x18, 0x0, 0x90, 0x40, 0xa,
    0x0, 0x8, 0x10, 0x21, 0x80, 0x1, 0x60, 0x31,
    0x13, 0x80, 0x10, 0x1, 0x0, 0x4, 0x5, 0x0,
    0x88, 0x0, 0x80, 0xe, 0x0, 0xfc, 0x60, 0x19,
    0xd1, 0x20, 0x9, 0x12, 0x20,

    /* U+201D "”" */
    0x0, 0x7f, 0xc8, 0x0, 0x9f, 0xf5, 0x80, 0x7f,
    0xf2, 0xc4, 0xc, 0x0, 0x48, 0x0, 0x50, 0x7,
    0x2, 0x0, 0x2c, 0x0, 0x26, 0x6, 0x81, 0x80,
    0x4c, 0x0, 0x50, 0x4, 0x0, 0x10, 0x20, 0x2,
    0xd0, 0x34, 0x2, 0x45, 0x50, 0x6, 0x4f, 0x0,
    0x0,

    /* U+201E "„" */
    0x0, 0x5d, 0xc6, 0x0, 0x6b, 0xb4, 0x0, 0x11,
    0x27, 0x0, 0x7a, 0x20, 0xc0, 0x3f, 0xf8, 0x24,
    0x1, 0x28, 0x0, 0x80, 0x18, 0x8, 0x0, 0x71,
    0x0, 0x20, 0xb, 0x86, 0x0, 0x24, 0x0, 0x60,
    0x8, 0x0, 0x20, 0x40, 0x80, 0x10, 0x5, 0x80,
    0x84, 0x4e, 0x1, 0x60, 0x40, 0x0,

    /* U+2022 "•" */
    0x0, 0xc4, 0x84, 0x1, 0xe4, 0xdd, 0x5e, 0xe8,
    0xc0, 0x23, 0xb2, 0x0, 0x8b, 0x8, 0x1, 0xc0,
    0x1f, 0x48, 0x9, 0x0, 0x7c, 0x80, 0x60, 0x1f,
    0xe3, 0x0, 0xfc, 0x20, 0x2a, 0x1, 0xf3, 0x0,
    0x2c, 0x80, 0x38, 0xe0, 0x0, 0x38, 0xc2, 0x4,
    0xf8, 0x0,

    /* U+2026 "…" */
    0x4f, 0xf8, 0x3, 0xea, 0xff, 0x50, 0x7, 0xdf,
    0xf2, 0x8, 0x7, 0xff, 0x30, 0x40, 0x3f, 0xfd,
    0x0,

    /* U+2190 "←" */
    0x0, 0xff, 0xe8, 0x8e, 0x28, 0x7, 0xff, 0x20,
    0x70, 0xe9, 0x0, 0x3f, 0xf8, 0xc3, 0x84, 0x6,
    0xa0, 0x1f, 0xfc, 0x51, 0xc2, 0x3, 0xd1, 0x0,
    0xff, 0xe2, 0xe, 0x10, 0x1e, 0x88, 0x7, 0xff,
    0x10, 0x70, 0x80, 0xd, 0x13, 0x3f, 0xfc, 0x57,
    0x20, 0x9, 0x59, 0xbf, 0xf8, 0xc4, 0x1, 0xff,
    0xcb, 0x49, 0x0, 0xa3, 0xbb, 0xff, 0x8c, 0xd,
    0x20, 0x8, 0x41, 0x1f, 0xfe, 0x28, 0x1, 0xa4,
    0x1, 0x4a, 0x1, 0xff, 0xc7, 0x69, 0x0, 0x52,
    0x0, 0x7f, 0xf1, 0xda, 0x40, 0xd0, 0x3, 0xff,
    0x90, 0xd7, 0x80, 0x1f, 0xfc, 0x40,

    /* U+2191 "↑" */
    0x0, 0xf1, 0xb9, 0x0, 0x7f, 0xc9, 0x91, 0x84,
    0x1, 0xfc, 0x96, 0x0, 0x1c, 0x20, 0xf, 0x92,
    0xc0, 0x30, 0xe1, 0x0, 0x72, 0x58, 0x7, 0x87,
    0x8, 0x2, 0x4b, 0x0, 0x38, 0x81, 0xa0, 0xe,
    0x10, 0x1d, 0x80, 0x1e, 0x0, 0xf, 0x68, 0x3,
    0x80, 0x6a, 0xf, 0x0, 0x1d, 0x68, 0x12, 0x0,
    0xaa, 0x40, 0x7, 0xd7, 0x4e, 0x1, 0x28, 0x7,
    0xf2, 0x80, 0x7f, 0xff, 0xc0, 0x3f, 0xff, 0xe0,
    0x1f, 0xff, 0x20,

    /* U+2192 "→" */
    0x0, 0xff, 0xef, 0x3d, 0x0, 0x7f, 0xf2, 0x9a,
    0x16, 0x80, 0x3f, 0xf9, 0x28, 0x20, 0xb4, 0x1,
    0xff, 0xc8, 0x2c, 0x10, 0x5a, 0x0, 0xff, 0xe4,
    0x16, 0x8, 0x2d, 0x0, 0x6, 0x67, 0xff, 0x8b,
    0x6a, 0x0, 0x5a, 0x3, 0x66, 0xff, 0xe3, 0x20,
    0x4, 0xa6, 0x1, 0xff, 0xcc, 0x12, 0xee, 0xff,
    0xe3, 0x30, 0x5, 0x84, 0x2, 0x3f, 0xfc, 0x59,
    0x60, 0x6, 0x18, 0x7, 0xff, 0x1a, 0x1c, 0x1,
    0x86, 0x1, 0xff, 0xc6, 0x77, 0x0, 0x30, 0xc0,
    0x3f, 0xf8, 0xec, 0x41, 0x86, 0x1, 0xff, 0xc8,
    0x1c, 0xc1, 0x80, 0x70,

    /* U+2193 "↓" */
    0x0, 0xf2, 0x29, 0x80, 0x7f, 0xf0, 0x2a, 0x90,
    0x1, 0xff, 0xff, 0x0, 0xff, 0xff, 0x80, 0x7f,
    0xfd, 0xc6, 0x80, 0x3f, 0x15, 0x0, 0x7, 0xd7,
    0x0, 0x3c, 0x58, 0xb6, 0x0, 0x30, 0x3c, 0x0,
    0xc5, 0x82, 0x2, 0x3, 0x84, 0x7, 0x82, 0xd,
    0x82, 0xb, 0x40, 0x1, 0xc2, 0x3, 0x0, 0x10,
    0x82, 0xd0, 0x6, 0x1c, 0x20, 0xe, 0x5a, 0x0,
    0xf0, 0xe1, 0x0, 0x49, 0x40, 0x1f, 0x87, 0x8,
    0x12, 0xc0, 0x3f, 0xc3, 0xbd, 0x60, 0x1e,

    /* U+25B6 "▶" */
    0x40, 0xf, 0xfe, 0x65, 0x6a, 0x80, 0x7f, 0xf2,
    0xca, 0xb5, 0x40, 0x3f, 0xf9, 0x65, 0x5a, 0xa0,
    0x1f, 0xfc, 0xb2, 0xad, 0x50, 0xf, 0xfe, 0x59,
    0x56, 0xa8, 0x7, 0xff, 0x2c, 0xab, 0x54, 0x3,
    0xff, 0x96, 0x55, 0xaa, 0x1, 0xff, 0xcb, 0x2a,
    0xd5, 0x0, 0xff, 0xe5, 0x95, 0x6a, 0x80, 0x7f,
    0xf2, 0xca, 0xb5, 0x40, 0x3f, 0xf9, 0x65, 0x5a,
    0xa0, 0x1f, 0xfc, 0xb2, 0xad, 0x20, 0xf, 0xfe,
    0x52, 0x71, 0x0, 0x7f, 0xf2, 0x13, 0x2c, 0xc0,
    0x3f, 0xf8, 0xe9, 0x96, 0x60, 0x1f, 0xfc, 0x74,
    0xcb, 0x30, 0xf, 0xfe, 0x3a, 0x65, 0x98, 0x7,
    0xff, 0x1d, 0x32, 0xcc, 0x3, 0xff, 0x8e, 0x99,
    0x66, 0x1, 0xff, 0xc7, 0x4c, 0xb3, 0x0, 0xff,
    0xe3, 0xa6, 0x59, 0x80, 0x7f, 0xf1, 0xd3, 0x2c,
    0xc0, 0x3f, 0xf8, 0xe9, 0x96, 0x60, 0x1f, 0xfc,
    0x74, 0xcb, 0x30, 0xf, 0xfe, 0x48,

    /* U+26A0 "⚠" */
    0x0, 0xff, 0xe0, 0x88, 0x7, 0xff, 0x34, 0x7c,
    0x40, 0x3f, 0xf9, 0x96, 0x32, 0x1, 0xff, 0xcb,
    0x35, 0x17, 0x10, 0xf, 0xfe, 0x57, 0x96, 0x4,
    0x0, 0x7f, 0xf2, 0x54, 0xe4, 0x99, 0x84, 0x1,
    0xff, 0xc8, 0x84, 0x40, 0x40, 0xc8, 0x7, 0xff,
    0x1d, 0xca, 0x57, 0x52, 0x50, 0xc0, 0x3f, 0xf8,
    0xa3, 0x2c, 0x5c, 0x58, 0xe5, 0xe0, 0x1f, 0xfc,
    0x59, 0x18, 0x2, 0x1, 0x8, 0x35, 0x0, 0xff,
    0xe1, 0x93, 0xb8, 0x40, 0x43, 0xc1, 0x4e, 0x0,
    0x3f, 0xf8, 0x70, 0x30, 0x0, 0xe0, 0x20, 0x7,
    0x93, 0x0, 0x7f, 0xf0, 0x4d, 0x60, 0x2, 0x30,
    0x10, 0x1, 0xac, 0x0, 0x7f, 0xf0, 0x7c, 0x98,
    0x2, 0x60, 0x60, 0xa, 0x5, 0xc0, 0x3f, 0xe5,
    0x39, 0x0, 0xc2, 0x4, 0x1, 0x13, 0x40, 0x80,
    0x7f, 0xa0, 0xd0, 0x3, 0x10, 0x80, 0x74, 0x4,
    0x0, 0x7f, 0x31, 0x78, 0x7, 0x90, 0x3, 0x86,
    0x18, 0x80, 0x3f, 0x42, 0x98, 0x7, 0xa4, 0x3,
    0xce, 0x30, 0x1, 0xf4, 0xc, 0x0, 0x7c, 0x60,
    0x1f, 0x42, 0x98, 0x7, 0xb, 0xb8, 0x80, 0x3d,
    0x1e, 0xc0, 0x1e, 0x62, 0x80, 0xe, 0x81, 0x90,
    0xf, 0x84, 0x4, 0x3, 0xe9, 0x44, 0x0, 0x44,
    0xd2, 0x20, 0x1f, 0x4e, 0x38, 0x7, 0xc8, 0x88,
    0x0, 0xa4, 0x9, 0x57, 0xf9, 0x95, 0x7f, 0x8c,
    0xca, 0x6, 0x81, 0x55, 0xff, 0xc8, 0x70, 0x80,
    0x3f, 0xff, 0xfe, 0x66, 0x80,

    /* U+2713 "✓" */
    0x0, 0xff, 0xe2, 0x10, 0x7, 0xff, 0x8, 0xb3,
    0xf4, 0x80, 0x3f, 0xf8, 0x3, 0x86, 0x10, 0x40,
    0x1f, 0xfc, 0xd, 0x10, 0x47, 0x0, 0xff, 0xe0,
    0x49, 0x81, 0x58, 0x7, 0xff, 0x1, 0x58, 0x1,
    0xe0, 0x1f, 0xfc, 0x2, 0xa0, 0x5, 0x10, 0x7,
    0xff, 0x3, 0x80, 0xc, 0xa0, 0x1f, 0xfc, 0x8,
    0x30, 0x39, 0x0, 0xff, 0xe0, 0x1b, 0x80, 0xe8,
    0x7, 0xe1, 0x10, 0x5, 0xc0, 0xb, 0x10, 0xf,
    0xa7, 0xb0, 0x1, 0x4, 0xa, 0xa0, 0xf, 0x89,
    0x80, 0x90, 0x9c, 0x6, 0xc0, 0x3f, 0x10, 0x5,
    0x1c, 0x0, 0xa1, 0x0, 0xfe, 0x40, 0x1, 0x98,
    0x19, 0x0, 0x3f, 0xdc, 0x1, 0x8a, 0x40, 0x3f,
    0xe5, 0x0, 0xdc, 0x1, 0xff, 0xc1, 0x91, 0x29,
    0x30, 0xf, 0xf8,

    /* U+2717 "✗" */
    0x0, 0xff, 0xe2, 0x18, 0x90, 0x7, 0xc2, 0x86,
    0x1, 0xe4, 0xcc, 0x6a, 0x80, 0x72, 0xf5, 0xf0,
    0x7, 0x1d, 0x81, 0xa, 0x0, 0x7e, 0x23, 0x0,
    0x8f, 0x0, 0x2d, 0x10, 0xe, 0x40, 0xa, 0x80,
    0x5, 0xa0, 0x15, 0x18, 0x7, 0x85, 0x0, 0xc,
    0x41, 0xe2, 0x0, 0x85, 0x0, 0xfd, 0xa0, 0x14,
    0x59, 0x0, 0x15, 0xc0, 0x3f, 0x98, 0x2, 0x54,
    0x0, 0x15, 0x0, 0x7f, 0xca, 0x1, 0xef, 0x0,
    0xff, 0xe0, 0x48, 0x7, 0x51, 0x0, 0x7f, 0xf0,
    0xc, 0x40, 0x21, 0x50, 0xf, 0xfe, 0xc, 0x88,
    0x4, 0x2a, 0x1, 0xff, 0xc0, 0x66, 0x0, 0x74,
    0x0, 0x7f, 0xc7, 0x20, 0x1e, 0x24, 0x0, 0xfe,
    0x1d, 0x0, 0x91, 0x0, 0x14, 0x80, 0x7f, 0x50,
    0x80, 0x6, 0xa8, 0x1, 0x13, 0x0, 0x7c, 0xc8,
    0x1, 0x50, 0x8a, 0x40, 0x28, 0x0, 0xf1, 0x48,
    0x4, 0xc8, 0x0, 0x64, 0x0, 0xb, 0x0, 0x77,
    0x0, 0x43, 0x20, 0x1a, 0x84, 0x11, 0x80, 0x33,
    0x98, 0x5, 0x40, 0x1c, 0x34, 0x1a, 0x1, 0xd0,
    0x1, 0x2a, 0x0, 0x79, 0x39, 0x80, 0x31, 0x80,
    0x6b, 0x0, 0xfc, 0x20, 0x1c, 0x20, 0x14, 0x8,
    0x7, 0xff, 0x8, 0x98, 0x11, 0xc0, 0x3f, 0xf8,
    0x93, 0x96, 0x1, 0xff, 0xc4,

    /* U+F00C "" */
    0x0, 0xff, 0xf5, 0xa7, 0x71, 0x0, 0x3f, 0xf9,
    0xa5, 0x62, 0x2a, 0x0, 0xff, 0xe6, 0xf8, 0x7,
    0xff, 0x42, 0x48, 0x2, 0x80, 0xf, 0xfe, 0x5a,
    0x30, 0x4, 0xac, 0x1, 0xff, 0xca, 0x1a, 0x0,
    0x86, 0xc0, 0x3f, 0xf9, 0x74, 0x20, 0x16, 0x88,
    0x7, 0xff, 0x29, 0xd0, 0x2, 0x83, 0x0, 0xff,
    0xe5, 0x1c, 0x0, 0x46, 0xe0, 0x1f, 0xfc, 0xa1,
    0xd0, 0x8, 0x74, 0x3, 0xff, 0x97, 0x62, 0x1,
    0x50, 0x80, 0x7f, 0xf2, 0x99, 0x40, 0x26, 0x40,
    0xf, 0xfe, 0x51, 0x48, 0x4, 0x52, 0x1, 0xff,
    0xcb, 0xf0, 0xd, 0xe0, 0x1f, 0xc9, 0xdc, 0x50,
    0xf, 0xf4, 0x90, 0x5, 0x24, 0x1, 0xfd, 0x42,
    0x2a, 0x50, 0xf, 0xc8, 0xc0, 0x12, 0xb0, 0x7,
    0xff, 0xa, 0x94, 0x3, 0xc3, 0x40, 0x10, 0xd8,
    0x7, 0xfd, 0x60, 0x1a, 0x94, 0x3, 0xa8, 0x40,
    0x2d, 0x10, 0xf, 0xf9, 0x64, 0x3, 0x52, 0x80,
    0x4e, 0x80, 0x14, 0x18, 0x7, 0xff, 0x5, 0xa4,
    0x3, 0x52, 0x81, 0xc0, 0x4, 0x6e, 0x1, 0xff,
    0xc3, 0x69, 0x0, 0xd4, 0xdc, 0x1, 0xe, 0x80,
    0x7f, 0xf1, 0x5a, 0x40, 0x34, 0x90, 0x5, 0x42,
    0x1, 0xff, 0xc6, 0x69, 0x0, 0xf9, 0x90, 0x3,
    0xff, 0x90, 0xd2, 0x1, 0xc5, 0x20, 0x1f, 0xfc,
    0xa6, 0x90, 0xd, 0xe0, 0x1f, 0xfc, 0xc6, 0xa1,
    0x15, 0x90, 0x7, 0xff, 0x35, 0x7b, 0x88, 0x1,
    0xff, 0xc5,

    /* U+F015 "" */
    0x0, 0xff, 0xf2, 0xa7, 0x71, 0x40, 0x3f, 0xfa,
    0x2d, 0x62, 0x2a, 0x60, 0xf, 0xfe, 0x7b, 0xc8,
    0x6, 0x97, 0x0, 0xff, 0xe6, 0xc4, 0x0, 0x3d,
    0x10, 0x0, 0xff, 0xe5, 0xcb, 0x80, 0x7e, 0x79,
    0x0, 0xff, 0xe4, 0xd3, 0x0, 0x7f, 0x9a, 0x80,
    0x3f, 0xf8, 0xf6, 0xa0, 0x1f, 0xfc, 0x5, 0xb0,
    0xf, 0xfe, 0x20, 0xe2, 0x0, 0x7f, 0xf0, 0x93,
    0x4, 0x3, 0xff, 0x82, 0x38, 0x60, 0x1f, 0xfc,
    0x43, 0xc1, 0x0, 0xff, 0x8b, 0x8, 0x3, 0xff,
    0x8c, 0x58, 0x40, 0x1f, 0xc5, 0x84, 0x1, 0xff,
    0xc8, 0x2c, 0x20, 0xf, 0x8f, 0x4, 0x3, 0xff,
    0x94, 0x38, 0x60, 0x1c, 0x98, 0x20, 0x1f, 0xfc,
    0xc1, 0xc4, 0x0, 0x92, 0xc0, 0x3f, 0xfa, 0x16,
    0x80, 0x9, 0x0, 0xff, 0xe9, 0x48, 0x7, 0xff,
    0x62, 0x48, 0x3, 0xff, 0xa0, 0x52, 0x0, 0x4d,
    0xf0, 0xf, 0xfe, 0x77, 0xea, 0x0, 0x7f, 0xff,
    0xc0, 0x3f, 0x47, 0x7f, 0xba, 0x0, 0x3f, 0xf9,
    0xf0, 0xe2, 0x0, 0x17, 0x80, 0xf, 0xfe, 0x73,
    0x0, 0x79, 0x80, 0x3f, 0xf9, 0xc2, 0x1, 0xe1,
    0x0, 0xff, 0xff, 0x80, 0x7f, 0xff, 0xc0, 0x21,
    0x0, 0xff, 0xe6, 0x8, 0x7, 0xe4, 0x0, 0xfd,
    0xff, 0xf8, 0x3, 0xf2, 0x0, 0x7e, 0xb1, 0x0,
    0xff, 0xe5, 0xd, 0x80, 0x7e, 0x1f, 0x51, 0x0,
    0xff, 0xe3, 0xa, 0xf8, 0x80, 0x60,

    /* U+F019 "" */
    0x0, 0xff, 0xe0, 0x27, 0x71, 0x0, 0x3f, 0xf9,
    0x94, 0x22, 0xa0, 0xf, 0xfe, 0x60, 0x80, 0x4,
    0x3, 0xff, 0xfe, 0x1, 0xff, 0xff, 0x0, 0xff,
    0xff, 0x80, 0x7f, 0xf8, 0x53, 0xb8, 0xa0, 0x1f,
    0x97, 0xb8, 0x80, 0x1f, 0xfc, 0xa, 0x11, 0x52,
    0x80, 0x79, 0x68, 0x45, 0x40, 0x1f, 0xfc, 0x4a,
    0x50, 0xc, 0xb4, 0x1, 0xff, 0xc4, 0xb0, 0xd,
    0x40, 0x1a, 0x80, 0x35, 0x80, 0x7f, 0xf0, 0x16,
    0x40, 0x3f, 0xf8, 0x12, 0xa0, 0x1f, 0xfc, 0x16,
    0x90, 0xf, 0xf4, 0xb0, 0x7, 0xff, 0xd, 0xa4,
    0x3, 0xf4, 0xb0, 0x7, 0xff, 0x15, 0xa4, 0x3,
    0xd2, 0xc0, 0x1f, 0xe1, 0xae, 0xff, 0x98, 0x0,
    0xd2, 0x1, 0xa5, 0x80, 0xd, 0xff, 0x75, 0x8,
    0xf, 0xa8, 0x80, 0x52, 0xc0, 0x6, 0xa1, 0x15,
    0x30, 0x1, 0xa4, 0x2, 0x15, 0xf1, 0xb1, 0x0,
    0xf4, 0xb0, 0x1, 0x7b, 0x8a, 0x0, 0x69, 0x0,
    0xf0, 0xda, 0x0, 0x7e, 0x96, 0x0, 0xf3, 0x48,
    0x4, 0x88, 0x0, 0x90, 0x40, 0x3f, 0xa6, 0xd0,
    0x44, 0x97, 0x20, 0x12, 0x5d, 0x90, 0x0, 0x20,
    0x1f, 0xf2, 0x5f, 0x72, 0xd0, 0x3, 0xfe, 0x10,
    0xf, 0xfe, 0x42, 0x5d, 0x90, 0x0, 0x28, 0x1,
    0xff, 0xc9, 0x44, 0x0, 0x49, 0x62, 0x1, 0xff,
    0xcc, 0x1b, 0x1f, 0x51, 0x0, 0xff, 0xe4, 0xa,
    0xf8, 0x80,

    /* U+F05A "" */
    0x0, 0xff, 0x92, 0x6f, 0x7f, 0xdb, 0x72, 0x80,
    0x1f, 0xfc, 0x71, 0x9f, 0xb6, 0x42, 0x0, 0x12,
    0x35, 0xfc, 0x88, 0x7, 0xff, 0xd, 0xf9, 0x80,
    0x3f, 0xf8, 0xd, 0xce, 0x1, 0xff, 0xc0, 0x1c,
    0x80, 0xf, 0xfe, 0x24, 0x60, 0x80, 0x7f, 0x17,
    0x98, 0x7, 0xff, 0x18, 0xfc, 0x80, 0x3e, 0x1c,
    0x10, 0xf, 0xfe, 0x40, 0xe0, 0x80, 0x7b, 0x44,
    0x3, 0xff, 0x94, 0x3a, 0x1, 0xd0, 0x60, 0x1f,
    0xfc, 0xc3, 0x70, 0x8, 0x5c, 0x3, 0xfe, 0x4e,
    0xe2, 0x0, 0x7f, 0xd0, 0x20, 0x8, 0x0, 0xff,
    0xe0, 0x50, 0x8a, 0x80, 0x3f, 0xf8, 0x10, 0x0,
    0x60, 0xf, 0xfe, 0x83, 0x2, 0x0, 0x7f, 0xf0,
    0x68, 0x45, 0x40, 0x1f, 0xfc, 0x14, 0xd0, 0xf,
    0xfe, 0xa, 0x77, 0x10, 0x3, 0xff, 0x83, 0xa4,
    0x1, 0xff, 0xd2, 0x26, 0x0, 0xff, 0x9b, 0xff,
    0x30, 0x7, 0xff, 0x5, 0x88, 0x3, 0xfe, 0x80,
    0xd, 0x20, 0x1f, 0xfc, 0x12, 0x0, 0xff, 0xe0,
    0x48, 0x7, 0xff, 0x1c, 0x80, 0x3f, 0xe7, 0xff,
    0x0, 0x7f, 0xf1, 0x9, 0x80, 0x3f, 0xfa, 0x4c,
    0x40, 0x1f, 0xfd, 0x22, 0xd0, 0xf, 0xfe, 0x96,
    0xa0, 0x7, 0xfc, 0xdf, 0xe0, 0xb, 0xd8, 0x3,
    0xfe, 0x40, 0x60, 0xf, 0xf4, 0x0, 0x7a, 0x0,
    0x3f, 0xcc, 0x0, 0x80, 0xf, 0xf4, 0x80, 0x7a,
    0x0, 0x3f, 0xd0, 0x0, 0x17, 0x0, 0xfe, 0x7f,
    0xff, 0x30, 0x7, 0xf4, 0x8, 0x5, 0x6, 0x1,
    0xff, 0xcc, 0x37, 0x0, 0xed, 0x10, 0xf, 0xfe,
    0x50, 0xe8, 0x7, 0x87, 0x4, 0x3, 0xff, 0x90,
    0x38, 0x20, 0x1f, 0x17, 0x98, 0x7, 0xff, 0x18,
    0xfc, 0x80, 0x3f, 0x87, 0x1c, 0x3, 0xff, 0x88,
    0xf8, 0x20, 0x1f, 0xfc, 0x8, 0xe6, 0x0, 0xff,
    0xe0, 0x37, 0x40, 0x7, 0xff, 0xc, 0x67, 0xed,
    0x90, 0x80, 0x4, 0x8d, 0x7f, 0x22, 0x1, 0xf8,

    /* U+F0A0 "" */
    0x1, 0xae, 0xff, 0xff, 0xe4, 0x75, 0x8, 0xf,
    0xa8, 0x80, 0x7f, 0xf2, 0x5, 0x7c, 0x6c, 0x40,
    0x3f, 0xf9, 0x83, 0x68, 0x1, 0xff, 0xce, 0x41,
    0x0, 0xff, 0xe7, 0x8, 0x7, 0xff, 0xfc, 0x3,
    0xff, 0xfe, 0x1, 0xff, 0xff, 0x7c, 0xef, 0xff,
    0xfe, 0x47, 0x63, 0x87, 0xc1, 0x88, 0x7, 0xff,
    0x20, 0x4e, 0x38, 0x3, 0xff, 0x9e, 0x20, 0x35,
    0xdf, 0xff, 0xfc, 0x8e, 0xa1, 0x1, 0xf5, 0x10,
    0xf, 0xfe, 0x40, 0xaf, 0x8d, 0x88, 0x7, 0xff,
    0x30, 0x6d, 0x0, 0x3f, 0xf9, 0xc8, 0x20, 0x1f,
    0xfc, 0x14, 0xee, 0x20, 0x1, 0x3b, 0x88, 0x1,
    0x8, 0x7, 0xff, 0xa, 0x84, 0x54, 0x0, 0xa1,
    0x15, 0x0, 0x7f, 0xf8, 0xa8, 0x45, 0x40, 0xa,
    0x11, 0x50, 0x6, 0x10, 0xf, 0xfe, 0xa, 0x77,
    0x10, 0x0, 0x9d, 0xc4, 0x0, 0x85, 0x0, 0x3f,
    0xf9, 0xc9, 0x62, 0x1, 0xff, 0xcc, 0x1b, 0x1f,
    0x51, 0x0, 0xff, 0xe4, 0xa, 0xf8, 0x80,

    /* U+F11E "" */
    0x4e, 0xe2, 0x0, 0x7f, 0xf3, 0x28, 0x45, 0x40,
    0x18, 0x51, 0x54, 0x60, 0x1f, 0xfc, 0x31, 0x0,
    0x8, 0x96, 0x77, 0xae, 0xa9, 0x9f, 0x48, 0x1,
    0xf9, 0x2a, 0x84, 0x1, 0xba, 0x98, 0x80, 0x3c,
    0xb7, 0xd0, 0xa6, 0x65, 0x8e, 0xb5, 0x57, 0x80,
    0x7f, 0xf1, 0x5, 0xeb, 0x31, 0x4e, 0x20, 0x11,
    0x0, 0x7f, 0xf0, 0x4, 0x3, 0xff, 0x90, 0x6f,
    0x60, 0x1b, 0xad, 0x40, 0x3f, 0xf8, 0xbf, 0x90,
    0x80, 0x1c, 0x95, 0xc0, 0x18, 0xd1, 0xa8, 0x3,
    0xff, 0x8e, 0x20, 0x1b, 0x2e, 0x54, 0x3, 0xff,
    0xb6, 0x28, 0xf3, 0x74, 0xe8, 0x1, 0xff, 0xc5,
    0x6a, 0xde, 0xb8, 0x64, 0x58, 0xbf, 0xb6, 0x20,
    0xc, 0x80, 0x1f, 0xa5, 0x48, 0x3, 0xf9, 0x27,
    0x7f, 0x7b, 0xec, 0x3, 0xff, 0x98, 0x42, 0x1,
    0xff, 0xc2, 0x26, 0x9b, 0xa7, 0x20, 0xf, 0xfe,
    0x2a, 0x45, 0xfe, 0xcb, 0x22, 0xc6, 0xf4, 0xa9,
    0x0, 0x62, 0x0, 0xfd, 0x6e, 0x80, 0x1f, 0x85,
    0xab, 0x7f, 0x75, 0xfa, 0x1, 0xff, 0xcc, 0x22,
    0x0, 0x7f, 0xf1, 0x88, 0x3, 0xff, 0x8e, 0x6f,
    0x7e, 0x1, 0xb7, 0xf6, 0x0, 0x3f, 0xf8, 0x99,
    0x8, 0x1, 0xf1, 0x38, 0x7, 0xa, 0x48, 0x7,
    0xff, 0x33, 0xfa, 0xd8, 0x3, 0xff, 0x80, 0x26,
    0x88, 0x20, 0xf, 0xfe, 0x12, 0x0, 0x61, 0x59,
    0xde, 0xcb, 0xb6, 0xfd, 0x20, 0x7, 0xf0, 0xbd,
    0x80, 0x6e, 0xa6, 0x20, 0xf, 0x2d, 0xec, 0x20,
    0x80, 0x93, 0x57, 0x40, 0x7, 0xff, 0x14, 0x9e,
    0xfb, 0xfb, 0x65, 0x40, 0x3f, 0xff, 0xe0, 0x1f,
    0xfd, 0xc1, 0x0, 0x8, 0x7, 0xff, 0x32, 0x84,
    0x54, 0x1, 0xff, 0xcc,

    /* U+F1DE "" */
    0x0, 0xfe, 0x4b, 0xee, 0x5a, 0x0, 0x7f, 0xf3,
    0x5e, 0xd0, 0x44, 0x96, 0xe0, 0x1f, 0xfc, 0xb4,
    0x80, 0xf, 0x42, 0x0, 0x7f, 0xf0, 0xd3, 0xbf,
    0xfa, 0xc0, 0x3f, 0x5f, 0xff, 0xff, 0x7, 0x92,
    0x84, 0x3, 0xff, 0xa0, 0x34, 0x1, 0xff, 0xd4,
    0xa1, 0x0, 0xff, 0xe8, 0xd, 0x27, 0x7f, 0xf5,
    0x80, 0x7e, 0xbf, 0xff, 0xfe, 0xf, 0x20, 0x7,
    0xc9, 0x0, 0x1e, 0x84, 0x0, 0xff, 0xe5, 0xbd,
    0xa0, 0x89, 0x2d, 0xc0, 0x3f, 0xf9, 0xa9, 0x7d,
    0xcb, 0x40, 0xc, 0x97, 0xdc, 0xb4, 0x0, 0xff,
    0xe6, 0xbd, 0xa0, 0x89, 0x2d, 0xc0, 0x3f, 0xf9,
    0x69, 0x0, 0x1e, 0x84, 0x0, 0xe4, 0xef, 0xff,
    0xfe, 0x1d, 0x80, 0x7e, 0xbf, 0xfb, 0x92, 0x84,
    0x3, 0xff, 0xa0, 0x34, 0x1, 0xff, 0xd4, 0xa1,
    0x0, 0xff, 0xe8, 0xd, 0x27, 0x7f, 0xff, 0xf0,
    0xec, 0x3, 0xf5, 0xff, 0xdc, 0x80, 0x1f, 0xfc,
    0x54, 0x80, 0xf, 0x42, 0x0, 0x7f, 0xf2, 0xde,
    0xd0, 0x44, 0x96, 0xe0, 0x1f, 0xfc, 0x14, 0xbe,
    0xe5, 0xa0, 0x7, 0x92, 0xfb, 0x96, 0x80, 0x1f,
    0xfc, 0x17, 0xb4, 0x11, 0x25, 0xb8, 0x7, 0xff,
    0x2d, 0x20, 0x3, 0xd0, 0x80, 0x1f, 0xfc, 0x54,
    0xef, 0xfa, 0xc0, 0x3f, 0x5f, 0xff, 0xff, 0xf,
    0x92, 0x84, 0x3, 0xff, 0xa0, 0x34, 0x1, 0xff,
    0xd4, 0xa1, 0x0, 0xff, 0xe8, 0xd, 0x27, 0x7f,
    0xd6, 0x1, 0xfa, 0xff, 0xff, 0xf8, 0x7c, 0x80,
    0x1c, 0x90, 0x1, 0xe8, 0x40, 0xf, 0xfe, 0x5b,
    0xda, 0x8, 0x92, 0xdc, 0x3, 0xff, 0x8c,

    /* U+F6FF "" */
    0x0, 0xff, 0xe0, 0xc7, 0x7f, 0xfb, 0xa0, 0x3,
    0xff, 0x9b, 0xe, 0x20, 0x1e, 0x17, 0x80, 0xf,
    0xfe, 0x63, 0x0, 0x7f, 0x98, 0x3, 0xff, 0x98,
    0x20, 0x4, 0x88, 0xc8, 0x0, 0x10, 0xf, 0xfe,
    0x7e, 0x3b, 0xec, 0x0, 0xff, 0xfb, 0x63, 0xbe,
    0xc0, 0xf, 0xfe, 0x78, 0x80, 0x12, 0x23, 0x20,
    0x0, 0x40, 0x3f, 0xf9, 0x8c, 0x1, 0xfe, 0x60,
    0xf, 0xfe, 0x64, 0x38, 0x80, 0x78, 0x5e, 0x0,
    0x3f, 0xf9, 0xb1, 0xde, 0x1, 0xbf, 0xa0, 0x3,
    0xff, 0xca, 0x9d, 0xff, 0xff, 0xc2, 0x0, 0xdf,
    0xff, 0xfc, 0x2e, 0x4a, 0x10, 0xf, 0xfe, 0xa0,
    0xd0, 0x7, 0xff, 0x62, 0x84, 0x3, 0xff, 0xa8,
    0x34, 0x9d, 0xff, 0xe0, 0xd, 0xff, 0xff, 0xc0,
    0x0, 0xdf, 0xfe, 0xe4, 0x0, 0xff, 0xee, 0xc7,
    0x78, 0x6, 0xfe, 0x80, 0xf, 0x47, 0x78, 0x6,
    0xfe, 0x80, 0xf, 0xe8, 0x71, 0x0, 0xf0, 0xbc,
    0x0, 0x68, 0x71, 0x0, 0xf0, 0xbc, 0x0, 0x7e,
    0x60, 0xf, 0xf3, 0x0, 0x66, 0x0, 0xff, 0x30,
    0x7, 0xe1, 0x0, 0x24, 0x46, 0x40, 0x0, 0x80,
    0x61, 0x0, 0x24, 0x46, 0x40, 0x0, 0x80, 0x7f,
    0xd8, 0xef, 0xb0, 0x3, 0xfd, 0x8e, 0xfb, 0x0,
    0x3f, 0xfc, 0xd8, 0xef, 0xb0, 0x3, 0xfd, 0x8e,
    0xfb, 0x0, 0x3f, 0xe1, 0x0, 0x24, 0x46, 0x40,
    0x0, 0x80, 0x61, 0x0, 0x24, 0x46, 0x40, 0x0,
    0x80, 0x7e, 0x60, 0xf, 0xf3, 0x0, 0x66, 0x0,
    0xff, 0x30, 0x7, 0xe8, 0x71, 0x0, 0xf0, 0xbc,
    0x0, 0x68, 0x71, 0x0, 0xf0, 0xbc, 0x0, 0x60
};


/*---------------------
 *  GLYPH DESCRIPTION
 *--------------------*/

static const lv_font_fmt_txt_glyph_dsc_t glyph_dsc[] = {
    {.bitmap_index = 0, .adv_w = 0, .box_w = 0, .box_h = 0, .ofs_x = 0, .ofs_y = 0} /* id = 0 reserved */,
    {.bitmap_index = 0, .adv_w = 163, .box_w = 0, .box_h = 0, .ofs_x = 0, .ofs_y = 0},
    {.bitmap_index = 0, .adv_w = 205, .box_w = 4, .box_h = 23, .ofs_x = 4, .ofs_y = 0},
    {.bitmap_index = 23, .adv_w = 236, .box_w = 9, .box_h = 9, .ofs_x = 3, .ofs_y = 14},
    {.bitmap_index = 35, .adv_w = 429, .box_w = 23, .box_h = 23, .ofs_x = 2, .ofs_y = 0},
    {.bitmap_index = 217, .adv_w = 326, .box_w = 16, .box_h = 29, .ofs_x = 2, .ofs_y = -5},
    {.bitmap_index = 370, .adv_w = 487, .box_w = 28, .box_h = 23, .ofs_x = 1, .ofs_y = 0},
    {.bitmap_index = 622, .adv_w = 399, .box_w = 22, .box_h = 23, .ofs_x = 2, .ofs_y = 0},
    {.bitmap_index = 819, .adv_w = 141, .box_w = 3, .box_h = 9, .ofs_x = 3, .ofs_y = 14},
    {.bitmap_index = 826, .adv_w = 200, .box_w = 8, .box_h = 29, .ofs_x = 2, .ofs_y = -5},
    {.bitmap_index = 924, .adv_w = 200, .box_w = 8, .box_h = 29, .ofs_x = 2, .ofs_y = -5},
    {.bitmap_index = 1022, .adv_w = 256, .box_w = 16, .box_h = 15, .ofs_x = 0, .ofs_y = 8},
    {.bitmap_index = 1103, .adv_w = 429, .box_w = 21, .box_h = 21, .ofs_x = 3, .ofs_y = 0},
    {.bitmap_index = 1151, .adv_w = 163, .box_w = 6, .box_h = 8, .ofs_x = 2, .ofs_y = -4},
    {.bitmap_index = 1174, .adv_w = 185, .box_w = 9, .box_h = 3, .ofs_x = 1, .ofs_y = 8},
    {.bitmap_index = 1181, .adv_w = 163, .box_w = 4, .box_h = 4, .ofs_x = 3, .ofs_y = 0},
    {.bitmap_index = 1187, .adv_w = 173, .box_w = 11, .box_h = 27, .ofs_x = 0, .ofs_y = -4},
    {.bitmap_index = 1290, .adv_w = 326, .box_w = 17, .box_h = 23, .ofs_x = 2, .ofs_y = 0},
    {.bitmap_index = 1447, .adv_w = 326, .box_w = 15, .box_h = 23, .ofs_x = 3, .ofs_y = 0},
    {.bitmap_index = 1494, .adv_w = 326, .box_w = 16, .box_h = 23, .ofs_x = 2, .ofs_y = 0},
    {.bitmap_index = 1622, .adv_w = 326, .box_w = 16, .box_h = 23, .ofs_x = 2, .ofs_y = 0},
    {.bitmap_index = 1763, .adv_w = 326, .box_w = 18, .box_h = 23, .ofs_x = 1, .ofs_y = 0},
    {.bitmap_index = 1870, .adv_w = 326, .box_w = 16, .box_h = 23, .ofs_x = 2, .ofs_y = 0},
    {.bitmap_index = 1982, .adv_w = 326, .box_w = 17, .box_h = 23, .ofs_x = 2, .ofs_y = 0},
    {.bitmap_index = 2147, .adv_w = 326, .box_w = 16, .box_h = 23, .ofs_x = 2, .ofs_y = 0},
    {.bitmap_index = 2256, .adv_w = 326, .box_w = 17, .box_h = 23, .ofs_x = 2, .ofs_y = 0},
    {.bitmap_index = 2427, .adv_w = 326, .box_w = 17, .box_h = 23, .ofs_x = 2, .ofs_y = 0},
    {.bitmap_index = 2589, .adv_w = 173, .box_w = 5, .box_h = 17, .ofs_x = 3, .ofs_y = 0},
    {.bitmap_index = 2606, .adv_w = 173, .box_w = 6, .box_h = 20, .ofs_x = 2, .ofs_y = -4},
    {.bitmap_index = 2640, .adv_w = 429, .box_w = 21, .box_h = 18, .ofs_x = 3, .ofs_y = 1},
    {.bitmap_index = 2770, .adv_w = 429, .box_w = 21, .box_h = 9, .ofs_x = 3, .ofs_y = 6},
    {.bitmap_index = 2800, .adv_w = 429, .box_w = 21, .box_h = 18, .ofs_x = 3, .ofs_y = 1},
    {.bitmap_index = 2930, .adv_w = 272, .box_w = 13, .box_h = 23, .ofs_x = 2, .ofs_y = 0},
    {.bitmap_index = 3025, .adv_w = 512, .box_w = 28, .box_h = 29, .ofs_x = 2, .ofs_y = -6},
    {.bitmap_index = 3337, .adv_w = 350, .box_w = 22, .box_h = 23, .ofs_x = 0, .ofs_y = 0},
    {.bitmap_index = 3511, .adv_w = 351, .box_w = 17, .box_h = 23, .ofs_x = 3, .ofs_y = 0},
    {.bitmap_index = 3644, .adv_w = 358, .box_w = 20, .box_h = 23, .ofs_x = 1, .ofs_y = 0},
    {.bitmap_index = 3804, .adv_w = 394, .box_w = 20, .box_h = 23, .ofs_x = 3, .ofs_y = 0},
    {.bitmap_index = 3949, .adv_w = 324, .box_w = 16, .box_h = 23, .ofs_x = 3, .ofs_y = 0},
    {.bitmap_index = 4000, .adv_w = 295, .box_w = 14, .box_h = 23, .ofs_x = 3, .ofs_y = 0},
    {.bitmap_index = 4037, .adv_w = 397, .box_w = 22, .box_h = 23, .ofs_x = 1, .ofs_y = 0},
    {.bitmap_index = 4206, .adv_w = 385, .box_w = 18, .box_h = 23, .ofs_x = 3, .ofs_y = 0},
    {.bitmap_index = 4243, .adv_w = 151, .box_w = 4, .box_h = 23, .ofs_x = 3, .ofs_y = 0},
    {.bitmap_index = 4252, .adv_w = 151, .box_w = 9, .box_h = 30, .ofs_x = -2, .ofs_y = -7},
    {.bitmap_index = 4295, .adv_w = 336, .box_w = 19, .box_h = 23, .ofs_x = 3, .ofs_y = 0},
    {.bitmap_index = 4437, .adv_w = 285, .box_w = 15, .box_h = 23, .ofs_x = 3, .ofs_y = 0},
    {.bitmap_index = 4463, .adv_w = 442, .box_w = 22, .box_h = 23, .ofs_x = 3, .ofs_y = 0},
    {.bitmap_index = 4606, .adv_w = 383, .box_w = 18, .box_h = 23, .ofs_x = 3, .ofs_y = 0},
    {.bitmap_index = 4726, .adv_w = 403, .box_w = 23, .box_h = 23, .ofs_x = 1, .ofs_y = 0},
    {.bitmap_index = 4919, .adv_w = 309, .box_w = 16, .box_h = 23, .ofs_x = 3, .ofs_y = 0},
    {.bitmap_index = 5006, .adv_w = 403, .box_w = 23, .box_h = 27, .ofs_x = 1, .ofs_y = -4},
    {.bitmap_index = 5225, .adv_w = 356, .box_w = 19, .box_h = 23, .ofs_x = 3, .ofs_y = 0},
    {.bitmap_index = 5361, .adv_w = 325, .box_w = 17, .box_h = 23, .ofs_x = 2, .ofs_y = 0},
    {.bitmap_index = 5512, .adv_w = 313, .box_w = 21, .box_h = 23, .ofs_x = -1, .ofs_y = 0},
    {.bitmap_index = 5551, .adv_w = 375, .box_w = 19, .box_h = 23, .ofs_x = 2, .ofs_y = 0},
    {.bitmap_index = 5636, .adv_w = 350, .box_w = 22, .box_h = 23, .ofs_x = 0, .ofs_y = 0},
    {.bitmap_index = 5817, .adv_w = 506, .box_w = 30, .box_h = 23, .ofs_x = 1, .ofs_y = 0},
    {.bitmap_index = 6093, .adv_w = 351, .box_w = 21, .box_h = 23, .ofs_x = 0, .ofs_y = 0},
    {.bitmap_index = 6274, .adv_w = 313, .box_w = 21, .box_h = 23, .ofs_x = -1, .ofs_y = 0},
    {.bitmap_index = 6381, .adv_w = 351, .box_w = 20, .box_h = 23, .ofs_x = 1, .ofs_y = 0},
    {.bitmap_index = 6516, .adv_w = 200, .box_w = 8, .box_h = 29, .ofs_x = 2, .ofs_y = -5},
    {.bitmap_index = 6544, .adv_w = 173, .box_w = 11, .box_h = 27, .ofs_x = 0, .ofs_y = -4},
    {.bitmap_index = 6645, .adv_w = 200, .box_w = 7, .box_h = 29, .ofs_x = 3, .ofs_y = -5},
    {.bitmap_index = 6670, .adv_w = 429, .box_w = 21, .box_h = 9, .ofs_x = 3, .ofs_y = 15},
    {.bitmap_index = 6742, .adv_w = 256, .box_w = 18, .box_h = 3, .ofs_x = -1, .ofs_y = -8},
    {.bitmap_index = 6754, .adv_w = 256, .box_w = 9, .box_h = 6, .ofs_x = 2, .ofs_y = 20},
    {.bitmap_index = 6777, .adv_w = 314, .box_w = 16, .box_h = 18, .ofs_x = 1, .ofs_y = 0},
    {.bitmap_index = 6896, .adv_w = 325, .box_w = 17, .box_h = 24, .ofs_x = 2, .ofs_y = 0},
    {.bitmap_index = 7018, .adv_w = 282, .box_w = 15, .box_h = 18, .ofs_x = 1, .ofs_y = 0},
    {.bitmap_index = 7119, .adv_w = 325, .box_w = 17, .box_h = 24, .ofs_x = 1, .ofs_y = 0},
    {.bitmap_index = 7245, .adv_w = 315, .box_w = 17, .box_h = 18, .ofs_x = 1, .ofs_y = 0},
    {.bitmap_index = 7365, .adv_w = 180, .box_w = 12, .box_h = 24, .ofs_x = 0, .ofs_y = 0},
    {.bitmap_index = 7423, .adv_w = 325, .box_w = 17, .box_h = 25, .ofs_x = 1, .ofs_y = -7},
    {.bitmap_index = 7593, .adv_w = 325, .box_w = 16, .box_h = 24, .ofs_x = 2, .ofs_y = 0},
    {.bitmap_index = 7660, .adv_w = 142, .box_w = 3, .box_h = 24, .ofs_x = 3, .ofs_y = 0},
    {.bitmap_index = 7673, .adv_w = 142, .box_w = 7, .box_h = 31, .ofs_x = -1, .ofs_y = -7},
    {.bitmap_index = 7712, .adv_w = 297, .box_w = 17, .box_h = 24, .ofs_x = 2, .ofs_y = 0},
    {.bitmap_index = 7818, .adv_w = 142, .box_w = 3, .box_h = 24, .ofs_x = 3, .ofs_y = 0},
    {.bitmap_index = 7823, .adv_w = 499, .box_w = 27, .box_h = 18, .ofs_x = 2, .ofs_y = 0},
    {.bitmap_index = 7927, .adv_w = 325, .box_w = 16, .box_h = 18, .ofs_x = 2, .ofs_y = 0},
    {.bitmap_index = 7988, .adv_w = 313, .box_w = 17, .box_h = 18, .ofs_x = 1, .ofs_y = 0},
    {.bitmap_index = 8116, .adv_w = 325, .box_w = 17, .box_h = 25, .ofs_x = 2, .ofs_y = -7},
    {.bitmap_index = 8243, .adv_w = 325, .box_w = 17, .box_h = 25, .ofs_x = 1, .ofs_y = -7},
    {.bitmap_index = 8372, .adv_w = 211, .box_w = 12, .box_h = 18, .ofs_x = 2, .ofs_y = 0},
    {.bitmap_index = 8414, .adv_w = 267, .box_w = 15, .box_h = 18, .ofs_x = 1, .ofs_y = 0},
    {.bitmap_index = 8526, .adv_w = 201, .box_w = 12, .box_h = 23, .ofs_x = 0, .ofs_y = 0},
    {.bitmap_index = 8583, .adv_w = 325, .box_w = 16, .box_h = 18, .ofs_x = 2, .ofs_y = 0},
    {.bitmap_index = 8644, .adv_w = 303, .box_w = 18, .box_h = 18, .ofs_x = 0, .ofs_y = 0},
    {.bitmap_index = 8768, .adv_w = 419, .box_w = 24, .box_h = 18, .ofs_x = 1, .ofs_y = 0},
    {.bitmap_index = 8958, .adv_w = 303, .box_w = 18, .box_h = 18, .ofs_x = 0, .ofs_y = 0},
    {.bitmap_index = 9087, .adv_w = 303, .box_w = 18, .box_h = 25, .ofs_x = 0, .ofs_y = -7},
    {.bitmap_index = 9249, .adv_w = 269, .box_w = 15, .box_h = 18, .ofs_x = 1, .ofs_y = 0},
    {.bitmap_index = 9335, .adv_w = 326, .box_w = 13, .box_h = 30, .ofs_x = 4, .ofs_y = -6},
    {.bitmap_index = 9447, .adv_w = 173, .box_w = 3, .box_h = 32, .ofs_x = 4, .ofs_y = -8},
    {.bitmap_index = 9455, .adv_w = 326, .box_w = 13, .box_h = 30, .ofs_x = 4, .ofs_y = -6},
    {.bitmap_index = 9560, .adv_w = 429, .box_w = 21, .box_h = 6, .ofs_x = 3, .ofs_y = 7},
    {.bitmap_index = 9615, .adv_w = 163, .box_w = 0, .box_h = 0, .ofs_x = 0, .ofs_y = 0},
    {.bitmap_index = 9615, .adv_w = 205, .box_w = 4, .box_h = 23, .ofs_x = 4, .ofs_y = -5},
    {.bitmap_index = 9638, .adv_w = 326, .box_w = 15, .box_h = 28, .ofs_x = 2, .ofs_y = -5},
    {.bitmap_index = 9763, .adv_w = 326, .box_w = 16, .box_h = 23, .ofs_x = 2, .ofs_y = 0},
    {.bitmap_index = 9851, .adv_w = 326, .box_w = 18, .box_h = 19, .ofs_x = 1, .ofs_y = 0},
    {.bitmap_index = 9995, .adv_w = 326, .box_w = 19, .box_h = 23, .ofs_x = 1, .ofs_y = 0},
    {.bitmap_index = 10121, .adv_w = 173, .box_w = 3, .box_h = 28, .ofs_x = 4, .ofs_y = -5},
    {.bitmap_index = 10138, .adv_w = 256, .box_w = 14, .box_h = 27, .ofs_x = 1, .ofs_y = -4},
    {.bitmap_index = 10303, .adv_w = 256, .box_w = 10, .box_h = 4, .ofs_x = 3, .ofs_y = 21},
    {.bitmap_index = 10317, .adv_w = 512, .box_w = 24, .box_h = 23, .ofs_x = 4, .ofs_y = 0},
    {.bitmap_index = 10551, .adv_w = 241, .box_w = 12, .box_h = 17, .ofs_x = 1, .ofs_y = 7},
    {.bitmap_index = 10639, .adv_w = 313, .box_w = 15, .box_h = 15, .ofs_x = 2, .ofs_y = 2},
    {.bitmap_index = 10740, .adv_w = 429, .box_w = 21, .box_h = 10, .ofs_x = 3, .ofs_y = 4},
    {.bitmap_index = 10764, .adv_w = 185, .box_w = 9, .box_h = 3, .ofs_x = 1, .ofs_y = 8},
    {.bitmap_index = 10771, .adv_w = 512, .box_w = 24, .box_h = 23, .ofs_x = 4, .ofs_y = 0},
    {.bitmap_index = 10993, .adv_w = 256, .box_w = 10, .box_h = 3, .ofs_x = 3, .ofs_y = 22},
    {.bitmap_index = 11001, .adv_w = 256, .box_w = 10, .box_h = 10, .ofs_x = 3, .ofs_y = 14},
    {.bitmap_index = 11051, .adv_w = 429, .box_w = 21, .box_h = 20, .ofs_x = 3, .ofs_y = 0},
    {.bitmap_index = 11110, .adv_w = 205, .box_w = 10, .box_h = 13, .ofs_x = 1, .ofs_y = 11},
    {.bitmap_index = 11167, .adv_w = 205, .box_w = 11, .box_h = 13, .ofs_x = 1, .ofs_y = 11},
    {.bitmap_index = 11230, .adv_w = 256, .box_w = 9, .box_h = 6, .ofs_x = 5, .ofs_y = 20},
    {.bitmap_index = 11254, .adv_w = 326, .box_w = 18, .box_h = 25, .ofs_x = 2, .ofs_y = -7},
    {.bitmap_index = 11331, .adv_w = 326, .box_w = 15, .box_h = 27, .ofs_x = 2, .ofs_y = -4},
    {.bitmap_index = 11408, .adv_w = 163, .box_w = 4, .box_h = 4, .ofs_x = 3, .ofs_y = 9},
    {.bitmap_index = 11414, .adv_w = 256, .box_w = 8, .box_h = 6, .ofs_x = 4, .ofs_y = -6},
    {.bitmap_index = 11437, .adv_w = 205, .box_w = 10, .box_h = 13, .ofs_x = 2, .ofs_y = 11},
    {.bitmap_index = 11464, .adv_w = 241, .box_w = 13, .box_h = 17, .ofs_x = 1, .ofs_y = 7},
    {.bitmap_index = 11556, .adv_w = 313, .box_w = 15, .box_h = 15, .ofs_x = 3, .ofs_y = 2},
    {.bitmap_index = 11656, .adv_w = 496, .box_w = 28, .box_h = 25, .ofs_x = 2, .ofs_y = -1},
    {.bitmap_index = 11854, .adv_w = 496, .box_w = 27, .box_h = 25, .ofs_x = 2, .ofs_y = -1},
    {.bitmap_index = 12060, .adv_w = 496, .box_w = 29, .box_h = 25, .ofs_x = 1, .ofs_y = -1},
    {.bitmap_index = 12302, .adv_w = 272, .box_w = 13, .box_h = 25, .ofs_x = 2, .ofs_y = -7},
    {.bitmap_index = 12400, .adv_w = 350, .box_w = 22, .box_h = 30, .ofs_x = 0, .ofs_y = 0},
    {.bitmap_index = 12605, .adv_w = 350, .box_w = 22, .box_h = 30, .ofs_x = 0, .ofs_y = 0},
    {.bitmap_index = 12810, .adv_w = 350, .box_w = 22, .box_h = 30, .ofs_x = 0, .ofs_y = 0},
    {.bitmap_index = 13027, .adv_w = 350, .box_w = 22, .box_h = 30, .ofs_x = 0, .ofs_y = 0},
    {.bitmap_index = 13239, .adv_w = 350, .box_w = 22, .box_h = 30, .ofs_x = 0, .ofs_y = 0},
    {.bitmap_index = 13439, .adv_w = 350, .box_w = 22, .box_h = 30, .ofs_x = 0, .ofs_y = 0},
    {.bitmap_index = 13670, .adv_w = 499, .box_w = 30, .box_h = 23, .ofs_x = 0, .ofs_y = 0},
    {.bitmap_index = 13827, .adv_w = 358, .box_w = 20, .box_h = 30, .ofs_x = 1, .ofs_y = -7},
    {.bitmap_index = 14029, .adv_w = 324, .box_w = 16, .box_h = 30, .ofs_x = 3, .ofs_y = 0},
    {.bitmap_index = 14114, .adv_w = 324, .box_w = 16, .box_h = 30, .ofs_x = 3, .ofs_y = 0},
    {.bitmap_index = 14196, .adv_w = 324, .box_w = 16, .box_h = 30, .ofs_x = 3, .ofs_y = 0},
    {.bitmap_index = 14284, .adv_w = 324, .box_w = 16, .box_h = 30, .ofs_x = 3, .ofs_y = 0},
    {.bitmap_index = 14359, .adv_w = 151, .box_w = 7, .box_h = 30, .ofs_x = 0, .ofs_y = 0},
    {.bitmap_index = 14390, .adv_w = 151, .box_w = 7, .box_h = 30, .ofs_x = 2, .ofs_y = 0},
    {.bitmap_index = 14422, .adv_w = 151, .box_w = 11, .box_h = 30, .ofs_x = -1, .ofs_y = 0},
    {.bitmap_index = 14471, .adv_w = 151, .box_w = 10, .box_h = 30, .ofs_x = 0, .ofs_y = 0},
    {.bitmap_index = 14505, .adv_w = 397, .box_w = 23, .box_h = 23, .ofs_x = 0, .ofs_y = 0},
    {.bitmap_index = 14664, .adv_w = 383, .box_w = 18, .box_h = 30, .ofs_x = 3, .ofs_y = 0},
    {.bitmap_index = 14821, .adv_w = 403, .box_w = 23, .box_h = 31, .ofs_x = 1, .ofs_y = 0},
    {.bitmap_index = 15045, .adv_w = 403, .box_w = 23, .box_h = 31, .ofs_x = 1, .ofs_y = 0},
    {.bitmap_index = 15271, .adv_w = 403, .box_w = 23, .box_h = 31, .ofs_x = 1, .ofs_y = 0},
    {.bitmap_index = 15506, .adv_w = 403, .box_w = 23, .box_h = 30, .ofs_x = 1, .ofs_y = 0},
    {.bitmap_index = 15735, .adv_w = 403, .box_w = 23, .box_h = 30, .ofs_x = 1, .ofs_y = 0},
    {.bitmap_index = 15951, .adv_w = 429, .box_w = 19, .box_h = 20, .ofs_x = 4, .ofs_y = 0},
    {.bitmap_index = 16096, .adv_w = 403, .box_w = 23, .box_h = 25, .ofs_x = 1, .ofs_y = -1},
    {.bitmap_index = 16333, .adv_w = 375, .box_w = 19, .box_h = 31, .ofs_x = 2, .ofs_y = 0},
    {.bitmap_index = 16450, .adv_w = 375, .box_w = 19, .box_h = 31, .ofs_x = 2, .ofs_y = 0},
    {.bitmap_index = 16569, .adv_w = 375, .box_w = 19, .box_h = 31, .ofs_x = 2, .ofs_y = 0},
    {.bitmap_index = 16694, .adv_w = 375, .box_w = 19, .box_h = 30, .ofs_x = 2, .ofs_y = 0},
    {.bitmap_index = 16804, .adv_w = 313, .box_w = 21, .box_h = 30, .ofs_x = -1, .ofs_y = 0},
    {.bitmap_index = 16945, .adv_w = 310, .box_w = 16, .box_h = 23, .ofs_x = 3, .ofs_y = 0},
    {.bitmap_index = 17033, .adv_w = 323, .box_w = 17, .box_h = 24, .ofs_x = 2, .ofs_y = 0},
    {.bitmap_index = 17185, .adv_w = 314, .box_w = 16, .box_h = 26, .ofs_x = 1, .ofs_y = 0},
    {.bitmap_index = 17342, .adv_w = 314, .box_w = 16, .box_h = 26, .ofs_x = 1, .ofs_y = 0},
    {.bitmap_index = 17495, .adv_w = 314, .box_w = 16, .box_h = 26, .ofs_x = 1, .ofs_y = 0},
    {.bitmap_index = 17656, .adv_w = 314, .box_w = 16, .box_h = 25, .ofs_x = 1, .ofs_y = 0},
    {.bitmap_index = 17811, .adv_w = 314, .box_w = 16, .box_h = 24, .ofs_x = 1, .ofs_y = 0},
    {.bitmap_index = 17953, .adv_w = 314, .box_w = 16, .box_h = 29, .ofs_x = 1, .ofs_y = 0},
    {.bitmap_index = 18132, .adv_w = 503, .box_w = 29, .box_h = 18, .ofs_x = 1, .ofs_y = 0},
    {.bitmap_index = 18342, .adv_w = 282, .box_w = 15, .box_h = 25, .ofs_x = 1, .ofs_y = -7},
    {.bitmap_index = 18479, .adv_w = 315, .box_w = 17, .box_h = 26, .ofs_x = 1, .ofs_y = 0},
    {.bitmap_index = 18636, .adv_w = 315, .box_w = 17, .box_h = 26, .ofs_x = 1, .ofs_y = 0},
    {.bitmap_index = 18792, .adv_w = 315, .box_w = 17, .box_h = 26, .ofs_x = 1, .ofs_y = 0},
    {.bitmap_index = 18955, .adv_w = 315, .box_w = 17, .box_h = 24, .ofs_x = 1, .ofs_y = 0},
    {.bitmap_index = 19098, .adv_w = 142, .box_w = 8, .box_h = 26, .ofs_x = -1, .ofs_y = 0},
    {.bitmap_index = 19135, .adv_w = 142, .box_w = 8, .box_h = 26, .ofs_x = 2, .ofs_y = 0},
    {.bitmap_index = 19172, .adv_w = 142, .box_w = 11, .box_h = 26, .ofs_x = -1, .ofs_y = 0},
    {.bitmap_index = 19221, .adv_w = 142, .box_w = 11, .box_h = 24, .ofs_x = -1, .ofs_y = 0},
    {.bitmap_index = 19253, .adv_w = 313, .box_w = 17, .box_h = 24, .ofs_x = 1, .ofs_y = 0},
    {.bitmap_index = 19425, .adv_w = 325, .box_w = 16, .box_h = 25, .ofs_x = 2, .ofs_y = 0},
    {.bitmap_index = 19523, .adv_w = 313, .box_w = 17, .box_h = 26, .ofs_x = 1, .ofs_y = 0},
    {.bitmap_index = 19689, .adv_w = 313, .box_w = 17, .box_h = 26, .ofs_x = 1, .ofs_y = 0},
    {.bitmap_index = 19854, .adv_w = 313, .box_w = 17, .box_h = 26, .ofs_x = 1, .ofs_y = 0},
    {.bitmap_index = 20025, .adv_w = 313, .box_w = 17, .box_h = 25, .ofs_x = 1, .ofs_y = 0},
    {.bitmap_index = 20189, .adv_w = 313, .box_w = 17, .box_h = 24, .ofs_x = 1, .ofs_y = 0},
    {.bitmap_index = 20340, .adv_w = 429, .box_w = 21, .box_h = 16, .ofs_x = 3, .ofs_y = 2},
    {.bitmap_index = 20387, .adv_w = 313, .box_w = 18, .box_h = 22, .ofs_x = 1, .ofs_y = -2},
    {.bitmap_index = 20559, .adv_w = 325, .box_w = 16, .box_h = 26, .ofs_x = 2, .ofs_y = 0},
    {.bitmap_index = 20658, .adv_w = 325, .box_w = 16, .box_h = 26, .ofs_x = 2, .ofs_y = 0},
    {.bitmap_index = 20754, .adv_w = 325, .box_w = 16, .box_h = 26, .ofs_x = 2, .ofs_y = 0},
    {.bitmap_index = 20858, .adv_w = 325, .box_w = 16, .box_h = 24, .ofs_x = 2, .ofs_y = 0},
    {.bitmap_index = 20944, .adv_w = 303, .box_w = 18, .box_h = 33, .ofs_x = 0, .ofs_y = -7},
    {.bitmap_index = 21150, .adv_w = 325, .box_w = 17, .box_h = 31, .ofs_x = 2, .ofs_y = -7},
    {.bitmap_index = 21282, .adv_w = 303, .box_w = 18, .box_h = 31, .ofs_x = 0, .ofs_y = -7},
    {.bitmap_index = 21467, .adv_w = 256, .box_w = 14, .box_h = 3, .ofs_x = 1, .ofs_y = 8},
    {.bitmap_index = 21479, .adv_w = 512, .box_w = 30, .box_h = 3, .ofs_x = 1, .ofs_y = 8},
    {.bitmap_index = 21491, .adv_w = 163, .box_w = 6, .box_h = 8, .ofs_x = 2, .ofs_y = 15},
    {.bitmap_index = 21514, .adv_w = 163, .box_w = 6, .box_h = 8, .ofs_x = 2, .ofs_y = 15},
    {.bitmap_index = 21536, .adv_w = 163, .box_w = 6, .box_h = 8, .ofs_x = 2, .ofs_y = -4},
    {.bitmap_index = 21559, .adv_w = 265, .box_w = 12, .box_h = 8, .ofs_x = 2, .ofs_y = 15},
    {.bitmap_index = 21604, .adv_w = 265, .box_w = 12, .box_h = 8, .ofs_x = 2, .ofs_y = 15},
    {.bitmap_index = 21645, .adv_w = 265, .box_w = 12, .box_h = 8, .ofs_x = 2, .ofs_y = -4},
    {.bitmap_index = 21691, .adv_w = 302, .box_w = 11, .box_h = 10, .ofs_x = 4, .ofs_y = 7},
    {.bitmap_index = 21733, .adv_w = 512, .box_w = 26, .box_h = 4, .ofs_x = 3, .ofs_y = 0},
    {.bitmap_index = 21750, .adv_w = 429, .box_w = 24, .box_h = 15, .ofs_x = 1, .ofs_y = 3},
    {.bitmap_index = 21836, .adv_w = 429, .box_w = 15, .box_h = 24, .ofs_x = 6, .ofs_y = 0},
    {.bitmap_index = 21903, .adv_w = 429, .box_w = 25, .box_h = 15, .ofs_x = 1, .ofs_y = 3},
    {.bitmap_index = 21987, .adv_w = 429, .box_w = 15, .box_h = 25, .ofs_x = 6, .ofs_y = -1},
    {.bitmap_index = 22058, .adv_w = 394, .box_w = 25, .box_h = 25, .ofs_x = 0, .ofs_y = -4},
    {.bitmap_index = 22184, .adv_w = 459, .box_w = 27, .box_h = 25, .ofs_x = 1, .ofs_y = -1},
    {.bitmap_index = 22381, .adv_w = 429, .box_w = 18, .box_h = 18, .ofs_x = 4, .ofs_y = 3},
    {.bitmap_index = 22488, .adv_w = 429, .box_w = 20, .box_h = 25, .ofs_x = 3, .ofs_y = -1},
    {.bitmap_index = 22661, .adv_w = 448, .box_w = 30, .box_h = 28, .ofs_x = -1, .ofs_y = -3},
    {.bitmap_index = 22855, .adv_w = 512, .box_w = 34, .box_h = 33, .ofs_x = -1, .ofs_y = -4},
    {.bitmap_index = 23045, .adv_w = 448, .box_w = 28, .box_h = 30, .ofs_x = 0, .ofs_y = -2},
    {.bitmap_index = 23231, .adv_w = 512, .box_w = 32, .box_h = 32, .ofs_x = 0, .ofs_y = -4},
    {.bitmap_index = 23487, .adv_w = 448, .box_w = 28, .box_h = 28, .ofs_x = 0, .ofs_y = -2},
    {.bitmap_index = 23622, .adv_w = 448, .box_w = 28, .box_h = 32, .ofs_x = 0, .ofs_y = -4},
    {.bitmap_index = 23850, .adv_w = 512, .box_w = 32, .box_h = 30, .ofs_x = 0, .ofs_y = -3},
    {.bitmap_index = 24065, .adv_w = 576, .box_w = 36, .box_h = 28, .ofs_x = 0, .ofs_y = -2}
};

/*---------------------
 *  CHARACTER MAPPING
 *--------------------*/

static const uint16_t unicode_list_2[] = {
    0x0, 0x1, 0x5, 0x6, 0x7, 0x9, 0xa, 0xb,
    0xf, 0x13, 0x17d, 0x17e, 0x17f, 0x180, 0x5a3, 0x68d,
    0x700, 0x704, 0xcff9, 0xd002, 0xd006, 0xd047, 0xd08d, 0xd10b,
    0xd1cb, 0xd6ec
};

/*Collect the unicode lists and glyph_id offsets*/
static const lv_font_fmt_txt_cmap_t cmaps[] =
{
    {
        .range_start = 32, .range_length = 95, .glyph_id_start = 1,
        .unicode_list = NULL, .glyph_id_ofs_list = NULL, .list_length = 0, .type = LV_FONT_FMT_TXT_CMAP_FORMAT0_TINY
    },
    {
        .range_start = 160, .range_length = 96, .glyph_id_start = 96,
        .unicode_list = NULL, .glyph_id_ofs_list = NULL, .list_length = 0, .type = LV_FONT_FMT_TXT_CMAP_FORMAT0_TINY
    },
    {
        .range_start = 8211, .range_length = 55021, .glyph_id_start = 192,
        .unicode_list = unicode_list_2, .glyph_id_ofs_list = NULL, .list_length = 26, .type = LV_FONT_FMT_TXT_CMAP_SPARSE_TINY
    }
};



/*--------------------
 *  ALL CUSTOM DATA
 *--------------------*/

#if LVGL_VERSION_MAJOR == 8
/*Store all the custom data of the font*/
static  lv_font_fmt_txt_glyph_cache_t cache;
#endif

#if LVGL_VERSION_MAJOR >= 8
static const lv_font_fmt_txt_dsc_t font_dsc = {
#else
static lv_font_fmt_txt_dsc_t font_dsc = {
#endif
    .glyph_bitmap = glyph_bitmap,
    .glyph_dsc = glyph_dsc,
    .cmaps = cmaps,
    .kern_dsc = NULL,
    .kern_scale = 0,
    .cmap_num = 3,
    .bpp = 4,
    .kern_classes = 0,
    .bitmap_format = 1,
#if LVGL_VERSION_MAJOR == 8
    .cache = &cache
#endif
};



/*-----------------
 *  PUBLIC FONT
 *----------------*/

/*Initialize a public general font descriptor*/
#if LVGL_VERSION_MAJOR >= 8
const lv_font_t wizard_font_32 = {
#else
lv_font_t wizard_font_32 = {
#endif
    .get_glyph_dsc = lv_font_get_glyph_dsc_fmt_txt,    /*Function pointer to get glyph's data*/
    .get_glyph_bitmap = lv_font_get_bitmap_fmt_txt,    /*Function pointer to get glyph's bitmap*/
    .line_height = 39,          /*The maximum line height required by the font*/
    .base_line = 8,             /*Baseline measured from the bottom of the line*/
#if !(LVGL_VERSION_MAJOR == 6 && LVGL_VERSION_MINOR == 0)
    .subpx = LV_FONT_SUBPX_NONE,
#endif
#if LV_VERSION_CHECK(7, 4, 0) || LVGL_VERSION_MAJOR >= 8
    .underline_position = -1,
    .underline_thickness = 1,
#endif
    .dsc = &font_dsc,          /*The custom font data. Will be accessed by `get_glyph_bitmap/dsc` */
#if LV_VERSION_CHECK(8, 2, 0) || LVGL_VERSION_MAJOR >= 9
    .fallback = NULL,
#endif
    .user_data = NULL,
};



#endif /*#if WIZARD_FONT_32*/
